[DEBUG] Camera position: (640, 480) zoom: 1 mvpLoc: 1
MVP: 
0.0015625, 0, 0, 0
0, -0.00277778, 0, 0
0, 0, -1, 0
-1, 1.33333, 0, 1
[DEBUG] Camera position: (640, 480) zoom: 1 mvpLoc: 1
MVP: 
0.0015625, 0, 0, 0
0, -0.00277778, 0, 0
0, 0, -1, 0
-1, 1.33333, -0, 1
[DEBUG] Camera position: (640, 480) zoom: 1 mvpLoc: 1
MVP: 
0.0015625, 0, 0, 0
0, -0.00277778, 0, 0
0, 0, -1, 0
-1, 1.33333, -0, 1
[DEBUG] Camera position: (640, 480) zoom: 1 mvpLoc: 1
MVP: 
0.0015625, 0, 0, 0
0, -0.00277778, 0, 0
0, 0, -1, 0
-1, 1.33333, 0, 1
[DEBUG] Camera position: (640, 480) zoom: 1 mvpLoc: 1
MVP: 
0.0015625, 0, 0, 0
0, -0.00277778, 0, 0
0, 0, -1, 0
-1, 1.33333, 0, 1
[DEBUG] Camera position: (640, 480) zoom: 1 mvpLoc: 1
MVP: 
0.0015625, 0, 0, 0
0, -0.00277778, 0, 0
0, 0, -1, 0
-1, 1.33333, 0, 1
[DEBUG] Camera position: (640, 480) zoom: 1 mvpLoc: 1
MVP: 
0.0015625, 0, 0, 0
0, -0.00277778, 0, 0
0, 0, -1, 0
-1, 1.33333, 0, 1
[DEBUG] Camera position: (640, 480) zoom: 1 mvpLoc: 1
MVP: 
0.0015625, 0, 0, 0
0, -0.00277778, 0, 0
0, 0, -1, 0
-1, 1.33333, -0, 1
[DEBUG] Camera position: (640, 480) zoom: 1 mvpLoc: 1
MVP: 
0.0015625, 0, 0, 0
0, -0.00277778, 0, 0
0, 0, -1, 0
-1, 1.33333, -0, 1
[DEBUG] Camera position: (640, 480) zoom: 1 mvpLoc: 1
MVP: 
0.0015625, 0, 0, 0
0, -0.00277778, 0, 0
0, 0, -1, 0
-1, 1.33333, 0, 1
[DEBUG] Camera position: (640, 480) zoom: 1 mvpLoc: 1
MVP: 
0.0015625, 0, 0, 0
0, -0.00277778, 0, 0
0, 0, -1, 0
-1, 1.33333, 0, 1
[DEBUG] Camera position: (640, 480) zoom: 1 mvpLoc: 1
MVP: 
0.0015625, 0, 0, 0
0, -0.00277778, 0, 0
0, 0, -1, 0
-1, 1.33333, 0, 1
[DEBUG] Camera position: (640, 480) zoom: 1 mvpLoc: 1
MVP: 
0.0015625, 0, 0, 0
0, -0.00277778, 0, 0
0, 0, -1, 0
-1, 1.33333, -0, 1
[DEBUG] Camera position: (640, 480.001) zoom: 1 mvpLoc: 1
MVP: 
0.0015625, 0, 0, 0
0, -0.00277778, 0, 0
0, 0, -1, 0
-1, 1.33334, 0, 1
[DEBUG] Camera position: (640, 480.001) zoom: 1 mvpLoc: 1
MVP: 
0.0015625, 0, 0, 0
0, -0.00277778, 0, 0
0, 0, -1, 0
-1, 1.33333, 0, 1
[DEBUG] Camera position: (640, 480) zoom: 1 mvpLoc: 1
MVP: 
0.0015625, 0, 0, 0
0, -0.00277778, 0, 0
0, 0, -1, 0
-1, 1.33333, 0, 1
[DEBUG] Camera position: (640, 480) zoom: 1 mvpLoc: 1
MVP: 
0.0015625, 0, 0, 0
0, -0.00277778, 0, 0
0, 0, -1, 0
-1, 1.33333, -0, 1
[DEBUG] Camera position: (640, 480) zoom: 1 mvpLoc: 1
MVP: 
0.0015625, 0, 0, 0
0, -0.00277778, 0, 0
0, 0, -1, 0
-1, 1.33333, -0, 1
[DEBUG] Camera position: (640, 480.001) zoom: 1 mvpLoc: 1
MVP: 
0.0015625, 0, 0, 0
0, -0.00277778, 0, 0
0, 0, -1, 0
-1, 1.33333, 0, 1
[DEBUG] Camera position: (640, 480) zoom: 1 mvpLoc: 1
MVP: 
0.0015625, 0, 0, 0
0, -0.00277778, 0, 0
0, 0, -1, 0
-1, 1.33333, 0, 1
[DEBUG] Camera position: (640, 480) zoom: 1 mvpLoc: 1
MVP: 
0.0015625, 0, 0, 0
0, -0.00277778, 0, 0
0, 0, -1, 0
-1, 1.33333, -0, 1
[DEBUG] Camera position: (640, 480) zoom: 1 mvpLoc: 1
MVP: 
0.0015625, 0, 0, 0
0, -0.00277778, 0, 0
0, 0, -1, 0
-1, 1.33333, -0, 1
[DEBUG] Camera position: (640, 480) zoom: 1 mvpLoc: 1
MVP: 
0.0015625, 0, 0, 0
0, -0.00277778, 0, 0
0, 0, -1, 0
-1, 1.33333, -0, 1
[DEBUG] Camera position: (640, 480) zoom: 1 mvpLoc: 1
MVP: 
0.0015625, 0, 0, 0
0, -0.00277778, 0, 0
0, 0, -1, 0
-1, 1.33333, 0, 1
[DEBUG] Camera position: (640, 480) zoom: 1 mvpLoc: 1
MVP: 
0.0015625, 0, 0, 0
0, -0.00277778, 0, 0
0, 0, -1, 0
-1, 1.33333, 0, 1
[DEBUG] Camera position: (640, 480) zoom: 1 mvpLoc: 1
MVP: 
0.0015625, 0, 0, 0
0, -0.00277778, 0, 0
0, 0, -1, 0
-1, 1.33333, 0, 1
[DEBUG] Camera position: (640, 480) zoom: 1 mvpLoc: 1
MVP: 
0.0015625, 0, 0, 0
0, -0.00277778, 0, 0
0, 0, -1, 0
-1, 1.33333, -0, 1
[DEBUG] Camera position: (640, 480) zoom: 1 mvpLoc: 1
MVP: 
0.0015625, 0, 0, 0
0, -0.00277778, 0, 0
0, 0, -1, 0
-1, 1.33333, -0, 1
[DEBUG] Camera position: (640, 480) zoom: 1 mvpLoc: 1
MVP: 
0.0015625, 0, 0, 0
0, -0.00277778, 0, 0
0, 0, -1, 0
-1, 1.33333, 0, 1
[DEBUG] Camera position: (640, 480) zoom: 1 mvpLoc: 1
MVP: 
0.0015625, 0, 0, 0
0, -0.00277778, 0, 0
0, 0, -1, 0
-1, 1.33333, 0, 1
[DEBUG] Camera position: (640, 480) zoom: 1 mvpLoc: 1
MVP: 
0.0015625, 0, 0, 0
0, -0.00277778, 0, 0
0, 0, -1, 0
-1, 1.33333, -0, 1
[DEBUG] Camera position: (640, 480) zoom: 1 mvpLoc: 1
MVP: 
0.0015625, 0, 0, 0
0, -0.00277778, 0, 0
0, 0, -1, 0
-1, 1.33333, 0, 1
[DEBUG] Camera position: (640, 480) zoom: 1 mvpLoc: 1
MVP: 
0.0015625, 0, 0, 0
0, -0.00277778, 0, 0
0, 0, -1, 0
-1, 1.33333, 0, 1
[DEBUG] Camera position: (640, 480) zoom: 1 mvpLoc: 1
MVP: 
0.0015625, 0, 0, 0
0, -0.00277778, 0, 0
0, 0, -1, 0
-1, 1.33333, 0, 1
[DEBUG] Camera position: (640, 480) zoom: 1 mvpLoc: 1
MVP: 
0.0015625, 0, 0, 0
0, -0.00277778, 0, 0
0, 0, -1, 0
-1, 1.33333, 0, 1
[DEBUG] Camera position: (640, 480) zoom: 1 mvpLoc: 1
MVP: 
0.0015625, 0, 0, 0
0, -0.00277778, 0, 0
0, 0, -1, 0
-1, 1.33333, 0, 1
[DEBUG] Camera position: (640, 480) zoom: 1 mvpLoc: 1
MVP: 
0.0015625, 0, 0, 0
0, -0.00277778, 0, 0
0, 0, -1, 0
-1, 1.33333, 0, 1
[DEBUG] Camera position: (640, 480) zoom: 1 mvpLoc: 1
MVP: 
0.0015625, 0, 0, 0
0, -0.00277778, 0, 0
0, 0, -1, 0
-1, 1.33333, 0, 1
[DEBUG] Camera position: (640, 480) zoom: 1 mvpLoc: 1
MVP: 
0.0015625, 0, 0, 0
0, -0.00277778, 0, 0
0, 0, -1, 0
-1, 1.33333, 0, 1
[DEBUG] Camera position: (640, 480) zoom: 1 mvpLoc: 1
MVP: 
0.0015625, 0, 0, 0
0, -0.00277778, 0, 0
0, 0, -1, 0
-1, 1.33333, 0, 1
[DEBUG] Camera position: (640, 480) zoom: 1 mvpLoc: 1
MVP: 
0.0015625, 0, 0, 0
0, -0.00277778, 0, 0
0, 0, -1, 0
-1, 1.33333, -0, 1
[DEBUG] Camera position: (640, 480) zoom: 1 mvpLoc: 1
MVP: 
0.0015625, 0, 0, 0
0, -0.00277778, 0, 0
0, 0, -1, 0
-1, 1.33333, 0, 1
[DEBUG] Camera position: (640, 480) zoom: 1 mvpLoc: 1
MVP: 
0.0015625, 0, 0, 0
0, -0.00277778, 0, 0
0, 0, -1, 0
-1, 1.33333, 0, 1
[DEBUG] Camera position: (640, 480) zoom: 1 mvpLoc: 1
MVP: 
0.0015625, 0, 0, 0
0, -0.00277778, 0, 0
0, 0, -1, 0
-1, 1.33333, -0, 1
[DEBUG] Camera position: (640, 480) zoom: 1 mvpLoc: 1
MVP: 
0.0015625, 0, 0, 0
0, -0.00277778, 0, 0
0, 0, -1, 0
-1, 1.33333, 0, 1
[DEBUG] Camera position: (640, 480) zoom: 1 mvpLoc: 1
MVP: 
0.0015625, 0, 0, 0
0, -0.00277778, 0, 0
0, 0, -1, 0
-1, 1.33333, -0, 1
[DEBUG] Camera position: (640, 480) zoom: 1 mvpLoc: 1
MVP: 
0.0015625, 0, 0, 0
0, -0.00277778, 0, 0
0, 0, -1, 0
-1, 1.33333, -0, 1
[DEBUG] Camera position: (640, 480) zoom: 1 mvpLoc: 1
MVP: 
0.0015625, 0, 0, 0
0, -0.00277778, 0, 0
0, 0, -1, 0
-1, 1.33333, 0, 1
[DEBUG] Camera position: (640, 480) zoom: 1 mvpLoc: 1
MVP: 
0.0015625, 0, 0, 0
0, -0.00277778, 0, 0
0, 0, -1, 0
-1, 1.33333, 0, 1
[DEBUG] Camera position: (640, 480) zoom: 1 mvpLoc: 1
MVP: 
0.0015625, 0, 0, 0
0, -0.00277778, 0, 0
0, 0, -1, 0
-1, 1.33333, 0, 1
[DEBUG] Camera position: (640, 480) zoom: 1 mvpLoc: 1
MVP: 
0.0015625, 0, 0, 0
0, -0.00277778, 0, 0
0, 0, -1, 0
-1, 1.33333, 0, 1
[DEBUG] Camera position: (640, 480) zoom: 1 mvpLoc: 1
MVP: 
0.0015625, 0, 0, 0
0, -0.00277778, 0, 0
0, 0, -1, 0
-1, 1.33333, -0, 1
[DEBUG] Camera position: (640, 480) zoom: 1 mvpLoc: 1
MVP: 
0.0015625, 0, 0, 0
0, -0.00277778, 0, 0
0, 0, -1, 0
-1, 1.33333, 0, 1
[DEBUG] Camera position: (640, 480) zoom: 1 mvpLoc: 1
MVP: 
0.0015625, 0, 0, 0
0, -0.00277778, 0, 0
0, 0, -1, 0
-1, 1.33333, 0, 1
[DEBUG] Camera position: (640, 480) zoom: 1 mvpLoc: 1
MVP: 
0.0015625, 0, 0, 0
0, -0.00277778, 0, 0
0, 0, -1, 0
-1, 1.33333, -0, 1
[DEBUG] Camera position: (640, 480) zoom: 1 mvpLoc: 1
MVP: 
0.0015625, 0, 0, 0
0, -0.00277778, 0, 0
0, 0, -1, 0
-1, 1.33333, 0, 1
[DEBUG] Camera position: (640, 480) zoom: 1 mvpLoc: 1
MVP: 
0.0015625, 0, 0, 0
0, -0.00277778, 0, 0
0, 0, -1, 0
-1, 1.33333, -0, 1
[DEBUG] Camera position: (640, 480) zoom: 1 mvpLoc: 1
MVP: 
0.0015625, 0, 0, 0
0, -0.00277778, 0, 0
0, 0, -1, 0
-1, 1.33333, 0, 1
[DEBUG] Camera position: (640, 480) zoom: 1 mvpLoc: 1
MVP: 
0.0015625, 0, 0, 0
0, -0.00277778, 0, 0
0, 0, -1, 0
-1, 1.33333, 0, 1
[DEBUG] Camera position: (640, 480) zoom: 1 mvpLoc: 1
MVP: 
0.0015625, 0, 0, 0
0, -0.00277778, 0, 0
0, 0, -1, 0
-1, 1.33333, 0, 1
[DEBUG] Camera position: (640, 480) zoom: 1 mvpLoc: 1
MVP: 
0.0015625, 0, 0, 0
0, -0.00277778, 0, 0
0, 0, -1, 0
-1, 1.33333, 0, 1
[DEBUG] Camera position: (640, 480) zoom: 1 mvpLoc: 1
MVP: 
0.0015625, 0, 0, 0
0, -0.00277778, 0, 0
0, 0, -1, 0
-1, 1.33333, 0, 1
[DEBUG] Camera position: (640, 480) zoom: 1 mvpLoc: 1
MVP: 
0.0015625, 0, 0, 0
0, -0.00277778, 0, 0
0, 0, -1, 0
-1, 1.33333, 0, 1
[DEBUG] Camera position: (640, 480) zoom: 1 mvpLoc: 1
MVP: 
0.0015625, 0, 0, 0
0, -0.00277778, 0, 0
0, 0, -1, 0
-1, 1.33333, -0, 1
[DEBUG] Camera position: (640, 480) zoom: 1 mvpLoc: 1
MVP: 
0.0015625, 0, 0, 0
0, -0.00277778, 0, 0
0, 0, -1, 0
-1, 1.33333, -0, 1
[DEBUG] Camera position: (640, 480) zoom: 1 mvpLoc: 1
MVP: 
0.0015625, 0, 0, 0
0, -0.00277778, 0, 0
0, 0, -1, 0
-1, 1.33333, 0, 1
[DEBUG] Camera position: (642.229, 477.839) zoom: 1.02615 mvpLoc: 1
MVP: 
0.00160337, 0, 0, 0
0, -0.00285043, 0, 0
0, 0, -1, 0
-1.02973, 1.36205, -0, 1
[DEBUG] Camera position: (644.626, 475.515) zoom: 1.05429 mvpLoc: 1
MVP: 
0.00164733, 0, 0, 0
0, -0.00292858, 0, 0
0, 0, -1, 0
-1.06191, 1.39259, -0, 1
[DEBUG] Camera position: (646.444, 473.753) zoom: 1.07562 mvpLoc: 1
MVP: 
0.00168066, 0, 0, 0
0, -0.00298784, 0, 0
0, 0, -1, 0
-1.08645, 1.4155, -0, 1
[DEBUG] Camera position: (649.336, 470.949) zoom: 1.11511 mvpLoc: 1
MVP: 
0.00174236, 0, 0, 0
0, -0.00309754, 0, 0
0, 0, -1, 0
-1.13138, 1.45878, -0, 1
[DEBUG] Camera position: (652.666, 467.721) zoom: 1.16273 mvpLoc: 1
MVP: 
0.00181676, 0, 0, 0
0, -0.0032298, 0, 0
0, 0, -1, 0
-1.18574, 1.51065, -0, 1
[DEBUG] Camera position: (655.178, 465.287) zoom: 1.19863 mvpLoc: 1
MVP: 
0.00187286, 0, 0, 0
0, -0.00332952, 0, 0
0, 0, -1, 0
-1.22705, 1.54919, -0, 1
[DEBUG] Camera position: (657.934, 462.616) zoom: 1.24276 mvpLoc: 1
MVP: 
0.00194181, 0, 0, 0
0, -0.0034521, 0, 0
0, 0, -1, 0
-1.27758, 1.597, -0, 1
[DEBUG] Camera position: (661.465, 459.193) zoom: 1.30633 mvpLoc: 1
MVP: 
0.00204114, 0, 0, 0
0, -0.00362869, 0, 0
0, 0, -1, 0
-1.35014, 1.66627, -0, 1
[DEBUG] Camera position: (664.174, 456.566) zoom: 1.3551 mvpLoc: 1
MVP: 
0.00211735, 0, 0, 0
0, -0.00376418, 0, 0
0, 0, -1, 0
-1.40629, 1.7186, -0, 1
[DEBUG] Camera position: (666.975, 453.851) zoom: 1.41237 mvpLoc: 1
MVP: 
0.00220682, 0, 0, 0
0, -0.00392324, 0, 0
0, 0, -1, 0
-1.4719, 1.78057, -0, 1
[DEBUG] Camera position: (670.37, 450.56) zoom: 1.49038 mvpLoc: 1
MVP: 
0.00232871, 0, 0, 0
0, -0.00413994, 0, 0
0, 0, -1, 0
-1.5611, 1.86529, -0, 1
[DEBUG] Camera position: (672.913, 448.095) zoom: 1.54881 mvpLoc: 1
MVP: 
0.00242001, 0, 0, 0
0, -0.00430225, 0, 0
0, 0, -1, 0
-1.62846, 1.92782, -0, 1
[DEBUG] Camera position: (674.888, 446.181) zoom: 1.59418 mvpLoc: 1
MVP: 
0.00249091, 0, 0, 0
0, -0.00442828, 0, 0
0, 0, -1, 0
-1.68108, 1.97581, -0, 1
[DEBUG] Camera position: (676.412, 444.703) zoom: 1.62921 mvpLoc: 1
MVP: 
0.00254564, 0, 0, 0
0, -0.00452558, 0, 0
0, 0, -1, 0
-1.7219, 2.01254, -0, 1
[DEBUG] Camera position: (677.598, 443.554) zoom: 1.65646 mvpLoc: 1
MVP: 
0.00258822, 0, 0, 0
0, -0.00460127, 0, 0
0, 0, -1, 0
-1.75377, 2.04091, -0, 1
[DEBUG] Camera position: (678.511, 442.669) zoom: 1.67744 mvpLoc: 1
MVP: 
0.00262099, 0, 0, 0
0, -0.00465954, 0, 0
0, 0, -1, 0
-1.77837, 2.06263, -0, 1
[DEBUG] Camera position: (679.216, 441.985) zoom: 1.69364 mvpLoc: 1
MVP: 
0.00264631, 0, 0, 0
0, -0.00470455, 0, 0
0, 0, -1, 0
-1.79742, 2.07934, -0, 1
[DEBUG] Camera position: (679.762, 441.456) zoom: 1.70617 mvpLoc: 1
MVP: 
0.00266588, 0, 0, 0
0, -0.00473935, 0, 0
0, 0, -1, 0
-1.81217, 2.09221, -0, 1
[DEBUG] Camera position: (678.79, 442.383) zoom: 1.6786 mvpLoc: 1
MVP: 
0.00262281, 0, 0, 0
0, -0.00466277, 0, 0
0, 0, -1, 0
-1.78033, 2.06273, -0, 1
[DEBUG] Camera position: (675.929, 445.123) zoom: 1.61024 mvpLoc: 1
MVP: 
0.00251599, 0, 0, 0
0, -0.00447288, 0, 0
0, 0, -1, 0
-1.70063, 1.99098, -0, 1
[DEBUG] Camera position: (671.346, 449.515) zoom: 1.51596 mvpLoc: 1
MVP: 
0.00236868, 0, 0, 0
0, -0.00421099, 0, 0
0, 0, -1, 0
-1.59021, 1.8929, -0, 1
[DEBUG] Camera position: (664.956, 455.636) zoom: 1.40594 mvpLoc: 1
MVP: 
0.00219678, 0, 0, 0
0, -0.00390538, 0, 0
0, 0, -1, 0
-1.46076, 1.77943, -0, 1
[DEBUG] Camera position: (653.545, 466.525) zoom: 1.2564 mvpLoc: 1
MVP: 
0.00196313, 0, 0, 0
0, -0.00349001, 0, 0
0, 0, -1, 0
-1.28299, 1.62818, -0, 1
[DEBUG] Camera position: (640.958, 478.517) zoom: 1.12664 mvpLoc: 1
MVP: 
0.00176038, 0, 0, 0
0, -0.00312957, 0, 0
0, 0, -1, 0
-1.12833, 1.49755, -0, 1
[DEBUG] Camera position: (629.866, 489.082) zoom: 1.01973 mvpLoc: 1
MVP: 
0.00159333, 0, 0, 0
0, -0.00283258, 0, 0
0, 0, -1, 0
-1.00358, 1.38536, -0, 1
[DEBUG] Camera position: (621.54, 497.011) zoom: 0.939485 mvpLoc: 1
MVP: 
0.00146795, 0, 0, 0
0, -0.00260968, 0, 0
0, 0, -1, 0
-0.912387, 1.29704, 0, 1
[DEBUG] Camera position: (614.939, 503.298) zoom: 0.875867 mvpLoc: 1
MVP: 
0.00136854, 0, 0, 0
0, -0.00243296, 0, 0
0, 0, -1, 0
-0.84157, 1.2245, 0, 1
[DEBUG] Camera position: (609.866, 508.129) zoom: 0.826969 mvpLoc: 1
MVP: 
0.00129214, 0, 0, 0
0, -0.00229714, 0, 0
0, 0, -1, 0
-0.788032, 1.16724, 0, 1
[DEBUG] Camera position: (605.934, 511.874) zoom: 0.789064 mvpLoc: 1
MVP: 
0.00123291, 0, 0, 0
0, -0.00219185, 0, 0
0, 0, -1, 0
-0.747064, 1.12195, 0, 1
[DEBUG] Camera position: (602.846, 514.815) zoom: 0.759308 mvpLoc: 1
MVP: 
0.00118642, 0, 0, 0
0, -0.00210919, 0, 0
0, 0, -1, 0
-0.715228, 1.08584, 0, 1
[DEBUG] Camera position: (600.494, 517.055) zoom: 0.736639 mvpLoc: 1
MVP: 
0.001151, 0, 0, 0
0, -0.00204622, 0, 0
0, 0, -1, 0
-0.691168, 1.05801, 0, 1
[DEBUG] Camera position: (598.69, 518.773) zoom: 0.719249 mvpLoc: 1
MVP: 
0.00112383, 0, 0, 0
0, -0.00199791, 0, 0
0, 0, -1, 0
-0.672824, 1.03646, 0, 1
[DEBUG] Camera position: (597.29, 520.107) zoom: 0.705752 mvpLoc: 1
MVP: 
0.00110274, 0, 0, 0
0, -0.00196042, 0, 0
0, 0, -1, 0
-0.658654, 1.01963, 0, 1
[DEBUG] Camera position: (596.213, 521.133) zoom: 0.695374 mvpLoc: 1
MVP: 
0.00108652, 0, 0, 0
0, -0.00193159, 0, 0
0, 0, -1, 0
-0.647798, 1.00662, 0, 1
[DEBUG] Camera position: (595.38, 521.926) zoom: 0.687348 mvpLoc: 1
MVP: 
0.00107398, 0, 0, 0
0, -0.0019093, 0, 0
0, 0, -1, 0
-0.639427, 0.996513, 0, 1
[DEBUG] Camera position: (594.723, 522.551) zoom: 0.681019 mvpLoc: 1
MVP: 
0.00106409, 0, 0, 0
0, -0.00189172, 0, 0
0, 0, -1, 0
-0.63284, 0.988519, 0, 1
[DEBUG] Camera position: (594.221, 523.03) zoom: 0.676173 mvpLoc: 1
MVP: 
0.00105652, 0, 0, 0
0, -0.00187826, 0, 0
0, 0, -1, 0
-0.627806, 0.982385, 0, 1
[DEBUG] Camera position: (590.503, 526.559) zoom: 0.659694 mvpLoc: 1
MVP: 
0.00103077, 0, 0, 0
0, -0.00183248, 0, 0
0, 0, -1, 0
-0.608673, 0.96491, 0, 1
[DEBUG] Camera position: (581.208, 535.382) zoom: 0.626557 mvpLoc: 1
MVP: 
0.000978996, 0, 0, 0
0, -0.00174044, 0, 0
0, 0, -1, 0
-0.569, 0.931798, 0, 1
[DEBUG] Camera position: (564.267, 551.46) zoom: 0.578766 mvpLoc: 1
MVP: 
0.000904323, 0, 0, 0
0, -0.00160768, 0, 0
0, 0, -1, 0
-0.510279, 0.886574, 0, 1
[DEBUG] Camera position: (549.891, 565.104) zoom: 0.539492 mvpLoc: 1
MVP: 
0.000842956, 0, 0, 0
0, -0.00149859, 0, 0
0, 0, -1, 0
-0.463534, 0.846858, 0, 1
[DEBUG] Camera position: (529.874, 584.101) zoom: 0.495617 mvpLoc: 1
MVP: 
0.000774401, 0, 0, 0
0, -0.00137671, 0, 0
0, 0, -1, 0
-0.410335, 0.804139, 0, 1
[DEBUG] Camera position: (513.994, 599.171) zoom: 0.461247 mvpLoc: 1
MVP: 
0.000720698, 0, 0, 0
0, -0.00128124, 0, 0
0, 0, -1, 0
-0.370434, 0.767683, 0, 1
[DEBUG] Camera position: (501.684, 610.853) zoom: 0.434605 mvpLoc: 1
MVP: 
0.00067907, 0, 0, 0
0, -0.00120724, 0, 0
0, 0, -1, 0
-0.340678, 0.737443, 0, 1
[DEBUG] Camera position: (492.38, 619.682) zoom: 0.41447 mvpLoc: 1
MVP: 
0.00064761, 0, 0, 0
0, -0.00115131, 0, 0
0, 0, -1, 0
-0.31887, 0.713444, 0, 1
[DEBUG] Camera position: (485.201, 626.496) zoom: 0.398932 mvpLoc: 1
MVP: 
0.000623331, 0, 0, 0
0, -0.00110814, 0, 0
0, 0, -1, 0
-0.30244, 0.694247, 0, 1
[DEBUG] Camera position: (479.51, 631.897) zoom: 0.386614 mvpLoc: 1
MVP: 
0.000604084, 0, 0, 0
0, -0.00107393, 0, 0
0, 0, -1, 0
-0.289664, 0.678611, 0, 1
[DEBUG] Camera position: (475.089, 636.092) zoom: 0.377047 mvpLoc: 1
MVP: 
0.000589136, 0, 0, 0
0, -0.00104735, 0, 0
0, 0, -1, 0
-0.279892, 0.666213, 0, 1
[DEBUG] Camera position: (471.661, 639.346) zoom: 0.369626 mvpLoc: 1
MVP: 
0.000577541, 0, 0, 0
0, -0.00102674, 0, 0
0, 0, -1, 0
-0.272403, 0.656441, 0, 1
[DEBUG] Camera position: (469.022, 641.85) zoom: 0.363915 mvpLoc: 1
MVP: 
0.000568617, 0, 0, 0
0, -0.00101087, 0, 0
0, 0, -1, 0
-0.266694, 0.64883, 0, 1
[DEBUG] Camera position: (466.986, 643.782) zoom: 0.359508 mvpLoc: 1
MVP: 
0.000561732, 0, 0, 0
0, -0.000998634, 0, 0
0, 0, -1, 0
-0.262321, 0.642903, 0, 1
[DEBUG] Camera position: (465.421, 645.267) zoom: 0.356121 mvpLoc: 1
MVP: 
0.000556439, 0, 0, 0
0, -0.000989225, 0, 0
0, 0, -1, 0
-0.258978, 0.638315, 0, 1
[DEBUG] Camera position: (471.404, 639.589) zoom: 0.363594 mvpLoc: 1
MVP: 
0.000568115, 0, 0, 0
0, -0.00100998, 0, 0
0, 0, -1, 0
-0.267812, 0.645974, 0, 1
[DEBUG] Camera position: (479.531, 631.877) zoom: 0.375375 mvpLoc: 1
MVP: 
0.000586523, 0, 0, 0
0, -0.00104271, 0, 0
0, 0, -1, 0
-0.281256, 0.658864, 0, 1
[DEBUG] Camera position: (493.598, 618.528) zoom: 0.400582 mvpLoc: 1
MVP: 
0.000625909, 0, 0, 0
0, -0.00111273, 0, 0
0, 0, -1, 0
-0.308947, 0.688253, 0, 1
[DEBUG] Camera position: (510.664, 602.332) zoom: 0.437651 mvpLoc: 1
MVP: 
0.00068383, 0, 0, 0
0, -0.0012157, 0, 0
0, 0, -1, 0
-0.349208, 0.732254, 0, 1
[DEBUG] Camera position: (526.395, 587.405) zoom: 0.475178 mvpLoc: 1
MVP: 
0.000742466, 0, 0, 0
0, -0.00131994, 0, 0
0, 0, -1, 0
-0.39083, 0.775338, 0, 1
[DEBUG] Camera position: (538.596, 575.826) zoom: 0.504665 mvpLoc: 1
MVP: 
0.000788539, 0, 0, 0
0, -0.00140185, 0, 0
0, 0, -1, 0
-0.424704, 0.80722, 0, 1
[DEBUG] Camera position: (552.414, 562.713) zoom: 0.5472 mvpLoc: 1
MVP: 
0.000855, 0, 0, 0
0, -0.00152, 0, 0
0, 0, -1, 0
-0.472314, 0.855324, 0, 1
[DEBUG] Camera position: (563.103, 552.57) zoom: 0.580101 mvpLoc: 1
MVP: 
0.000906408, 0, 0, 0
0, -0.00161139, 0, 0
0, 0, -1, 0
-0.510401, 0.890407, 0, 1
[DEBUG] Camera position: (571.414, 544.683) zoom: 0.605684 mvpLoc: 1
MVP: 
0.000946382, 0, 0, 0
0, -0.00168246, 0, 0
0, 0, -1, 0
-0.540776, 0.916405, 0, 1
[DEBUG] Camera position: (577.964, 538.467) zoom: 0.625847 mvpLoc: 1
MVP: 
0.000977886, 0, 0, 0
0, -0.00173846, 0, 0
0, 0, -1, 0
-0.565183, 0.936105, 0, 1
[DEBUG] Camera position: (582.952, 533.734) zoom: 0.641199 mvpLoc: 1
MVP: 
0.00100187, 0, 0, 0
0, -0.00178111, 0, 0
0, 0, -1, 0
-0.584044, 0.950637, 0, 1
[DEBUG] Camera position: (586.752, 530.127) zoom: 0.652895 mvpLoc: 1
MVP: 
0.00102015, 0, 0, 0
0, -0.0018136, 0, 0
0, 0, -1, 0
-0.598574, 0.961438, 0, 1
[DEBUG] Camera position: (589.666, 527.361) zoom: 0.661867 mvpLoc: 1
MVP: 
0.00103417, 0, 0, 0
0, -0.00183852, 0, 0
0, 0, -1, 0
-0.609813, 0.969564, 0, 1
[DEBUG] Camera position: (592.001, 525.146) zoom: 0.669053 mvpLoc: 1
MVP: 
0.00104539, 0, 0, 0
0, -0.00185848, 0, 0
0, 0, -1, 0
-0.618874, 0.975973, 0, 1
[DEBUG] Camera position: (593.712, 523.522) zoom: 0.674321 mvpLoc: 1
MVP: 
0.00105363, 0, 0, 0
0, -0.00187311, 0, 0
0, 0, -1, 0
-0.625551, 0.980616, 0, 1
[DEBUG] Camera position: (595.033, 522.269) zoom: 0.678387 mvpLoc: 1
MVP: 
0.00105998, 0, 0, 0
0, -0.00188441, 0, 0
0, 0, -1, 0
-0.630722, 0.984167, 0, 1
[DEBUG] Camera position: (596.098, 521.258) zoom: 0.681665 mvpLoc: 1
MVP: 
0.0010651, 0, 0, 0
0, -0.00189351, 0, 0
0, 0, -1, 0
-0.634905, 0.98701, 0, 1
[DEBUG] Camera position: (596.952, 520.448) zoom: 0.684293 mvpLoc: 1
MVP: 
0.00106921, 0, 0, 0
0, -0.00190082, 0, 0
0, 0, -1, 0
-0.638266, 0.989275, 0, 1
[DEBUG] Camera position: (597.788, 519.654) zoom: 0.686867 mvpLoc: 1
MVP: 
0.00107323, 0, 0, 0
0, -0.00190796, 0, 0
0, 0, -1, 0
-0.641564, 0.991481, 0, 1
[DEBUG] Camera position: (598.302, 519.166) zoom: 0.68845 mvpLoc: 1
MVP: 
0.0010757, 0, 0, 0
0, -0.00191236, 0, 0
0, 0, -1, 0
-0.643596, 0.992833, 0, 1
[DEBUG] Camera position: (598.688, 518.799) zoom: 0.689638 mvpLoc: 1
MVP: 
0.00107756, 0, 0, 0
0, -0.00191566, 0, 0
0, 0, -1, 0
-0.645122, 0.993843, 0, 1
[DEBUG] Camera position: (598.952, 518.548) zoom: 0.690452 mvpLoc: 1
MVP: 
0.00107883, 0, 0, 0
0, -0.00191792, 0, 0
0, 0, -1, 0
-0.646168, 0.994535, 0, 1
[DEBUG] Camera position: (599.146, 518.365) zoom: 0.691046 mvpLoc: 1
MVP: 
0.00107976, 0, 0, 0
0, -0.00191957, 0, 0
0, 0, -1, 0
-0.646933, 0.99504, 0, 1
[DEBUG] Camera position: (599.273, 518.244) zoom: 0.691439 mvpLoc: 1
MVP: 
0.00108037, 0, 0, 0
0, -0.00192066, 0, 0
0, 0, -1, 0
-0.647439, 0.995372, 0, 1
[DEBUG] Camera position: (599.373, 518.149) zoom: 0.691746 mvpLoc: 1
MVP: 
0.00108085, 0, 0, 0
0, -0.00192152, 0, 0
0, 0, -1, 0
-0.647834, 0.995633, 0, 1
[DEBUG] Camera position: (599.448, 518.078) zoom: 0.691976 mvpLoc: 1
MVP: 
0.00108121, 0, 0, 0
0, -0.00192216, 0, 0
0, 0, -1, 0
-0.64813, 0.995828, 0, 1
[DEBUG] Camera position: (599.503, 518.026) zoom: 0.692146 mvpLoc: 1
MVP: 
0.00108148, 0, 0, 0
0, -0.00192263, 0, 0
0, 0, -1, 0
-0.64835, 0.995972, 0, 1
[DEBUG] Camera position: (599.543, 517.988) zoom: 0.692269 mvpLoc: 1
MVP: 
0.00108167, 0, 0, 0
0, -0.00192297, 0, 0
0, 0, -1, 0
-0.648507, 0.996075, 0, 1
[DEBUG] Camera position: (599.57, 517.962) zoom: 0.692354 mvpLoc: 1
MVP: 
0.0010818, 0, 0, 0
0, -0.00192321, 0, 0
0, 0, -1, 0
-0.648617, 0.996147, 0, 1
[DEBUG] Camera position: (599.591, 517.942) zoom: 0.692418 mvpLoc: 1
MVP: 
0.0010819, 0, 0, 0
0, -0.00192338, 0, 0
0, 0, -1, 0
-0.648699, 0.996201, 0, 1
[DEBUG] Camera position: (599.606, 517.928) zoom: 0.692464 mvpLoc: 1
MVP: 
0.00108197, 0, 0, 0
0, -0.00192351, 0, 0
0, 0, -1, 0
-0.648758, 0.99624, 0, 1
[DEBUG] Camera position: (599.616, 517.918) zoom: 0.692495 mvpLoc: 1
MVP: 
0.00108202, 0, 0, 0
0, -0.0019236, 0, 0
0, 0, -1, 0
-0.648799, 0.996266, 0, 1
[DEBUG] Camera position: (599.623, 517.911) zoom: 0.692518 mvpLoc: 1
MVP: 
0.00108206, 0, 0, 0
0, -0.00192366, 0, 0
0, 0, -1, 0
-0.648828, 0.996285, 0, 1
[DEBUG] Camera position: (599.629, 517.905) zoom: 0.692535 mvpLoc: 1
MVP: 
0.00108209, 0, 0, 0
0, -0.00192371, 0, 0
0, 0, -1, 0
-0.64885, 0.996299, 0, 1
[DEBUG] Camera position: (599.633, 517.902) zoom: 0.692547 mvpLoc: 1
MVP: 
0.00108211, 0, 0, 0
0, -0.00192374, 0, 0
0, 0, -1, 0
-0.648866, 0.996311, 0, 1
[DEBUG] Camera position: (599.636, 517.899) zoom: 0.692556 mvpLoc: 1
MVP: 
0.00108212, 0, 0, 0
0, -0.00192377, 0, 0
0, 0, -1, 0
-0.648878, 0.996318, 0, 1
[DEBUG] Camera position: (599.638, 517.897) zoom: 0.692563 mvpLoc: 1
MVP: 
0.00108213, 0, 0, 0
0, -0.00192379, 0, 0
0, 0, -1, 0
-0.648886, 0.996324, 0, 1
[DEBUG] Camera position: (599.64, 517.896) zoom: 0.692568 mvpLoc: 1
MVP: 
0.00108214, 0, 0, 0
0, -0.0019238, 0, 0
0, 0, -1, 0
-0.648893, 0.996328, 0, 1
[DEBUG] Camera position: (599.641, 517.895) zoom: 0.692571 mvpLoc: 1
MVP: 
0.00108214, 0, 0, 0
0, -0.00192381, 0, 0
0, 0, -1, 0
-0.648897, 0.99633, 0, 1
[DEBUG] Camera position: (599.642, 517.895) zoom: 0.692573 mvpLoc: 1
MVP: 
0.00108215, 0, 0, 0
0, -0.00192381, 0, 0
0, 0, -1, 0
-0.6489, 0.996334, 0, 1
[DEBUG] Camera position: (599.642, 517.894) zoom: 0.692575 mvpLoc: 1
MVP: 
0.00108215, 0, 0, 0
0, -0.00192382, 0, 0
0, 0, -1, 0
-0.648901, 0.996335, 0, 1
[DEBUG] Camera position: (599.643, 517.894) zoom: 0.692576 mvpLoc: 1
MVP: 
0.00108215, 0, 0, 0
0, -0.00192382, 0, 0
0, 0, -1, 0
-0.648903, 0.996337, 0, 1
[DEBUG] Camera position: (599.643, 517.894) zoom: 0.692577 mvpLoc: 1
MVP: 
0.00108215, 0, 0, 0
0, -0.00192383, 0, 0
0, 0, -1, 0
-0.648905, 0.996338, 0, 1
[DEBUG] Camera position: (599.643, 517.894) zoom: 0.692579 mvpLoc: 1
MVP: 
0.00108215, 0, 0, 0
0, -0.00192383, 0, 0
0, 0, -1, 0
-0.648906, 0.996339, 0, 1
[DEBUG] Camera position: (599.643, 517.893) zoom: 0.692579 mvpLoc: 1
MVP: 
0.00108216, 0, 0, 0
0, -0.00192383, 0, 0
0, 0, -1, 0
-0.648907, 0.99634, 0, 1
[DEBUG] Camera position: (599.643, 517.893) zoom: 0.69258 mvpLoc: 1
MVP: 
0.00108216, 0, 0, 0
0, -0.00192383, 0, 0
0, 0, -1, 0
-0.648907, 0.996339, 0, 1
[DEBUG] Camera position: (599.643, 517.893) zoom: 0.69258 mvpLoc: 1
MVP: 
0.00108216, 0, 0, 0
0, -0.00192383, 0, 0
0, 0, -1, 0
-0.648908, 0.99634, 0, 1
[DEBUG] Camera position: (599.644, 517.893) zoom: 0.69258 mvpLoc: 1
MVP: 
0.00108216, 0, 0, 0
0, -0.00192383, 0, 0
0, 0, -1, 0
-0.648908, 0.996339, 0, 1
[DEBUG] Camera position: (599.644, 517.893) zoom: 0.69258 mvpLoc: 1
MVP: 
0.00108216, 0, 0, 0
0, -0.00192383, 0, 0
0, 0, -1, 0
-0.648908, 0.99634, 0, 1
[DEBUG] Camera position: (599.644, 517.893) zoom: 0.69258 mvpLoc: 1
MVP: 
0.00108216, 0, 0, 0
0, -0.00192383, 0, 0
0, 0, -1, 0
-0.648909, 0.996339, 0, 1
[DEBUG] Camera position: (599.644, 517.892) zoom: 0.69258 mvpLoc: 1
MVP: 
0.00108216, 0, 0, 0
0, -0.00192383, 0, 0
0, 0, -1, 0
-0.648909, 0.996339, 0, 1
[DEBUG] Camera position: (599.644, 517.892) zoom: 0.69258 mvpLoc: 1
MVP: 
0.00108216, 0, 0, 0
0, -0.00192383, 0, 0
0, 0, -1, 0
-0.648909, 0.996339, 0, 1
[DEBUG] Camera position: (599.644, 517.892) zoom: 0.69258 mvpLoc: 1
MVP: 
0.00108216, 0, 0, 0
0, -0.00192383, 0, 0
0, 0, -1, 0
-0.648909, 0.996339, 0, 1
[DEBUG] Camera position: (599.644, 517.892) zoom: 0.692581 mvpLoc: 1
MVP: 
0.00108216, 0, 0, 0
0, -0.00192384, 0, 0
0, 0, -1, 0
-0.648909, 0.996339, 0, 1
[DEBUG] Camera position: (599.644, 517.892) zoom: 0.69258 mvpLoc: 1
MVP: 
0.00108216, 0, 0, 0
0, -0.00192383, 0, 0
0, 0, -1, 0
-0.648909, 0.996339, 0, 1
[DEBUG] Camera position: (599.644, 517.892) zoom: 0.692581 mvpLoc: 1
MVP: 
0.00108216, 0, 0, 0
0, -0.00192384, 0, 0
0, 0, -1, 0
-0.648909, 0.99634, 0, 1
[DEBUG] Camera position: (599.644, 517.893) zoom: 0.69258 mvpLoc: 1
MVP: 
0.00108216, 0, 0, 0
0, -0.00192383, 0, 0
0, 0, -1, 0
-0.648909, 0.99634, 0, 1
[DEBUG] Camera position: (599.644, 517.892) zoom: 0.692581 mvpLoc: 1
MVP: 
0.00108216, 0, 0, 0
0, -0.00192384, 0, 0
0, 0, -1, 0
-0.648909, 0.99634, 0, 1
[DEBUG] Camera position: (640, 480) zoom: 1 mvpLoc: 1 isProg: 1 err1: 0 err2: 0 err3: 0 err4: 0 err5: 0
MVP passed: 
0.0015625, 0, 0, 0
0, -0.00277778, 0, 0
0, 0, -1, 0
-1, 1.33333, 0, 1
Active MVP in shader: 
0.0015625, 0, 0, 0
0, -0.00277778, 0, 0
0, 0, -1, 0
-1, 1.33333, 0, 1
err6 (draw): 0
[DEBUG] Camera position: (640, 480) zoom: 1 mvpLoc: 1 isProg: 1 err1: 0 err2: 0 err3: 0 err4: 0 err5: 0
MVP passed: 
0.0015625, 0, 0, 0
0, -0.00277778, 0, 0
0, 0, -1, 0
-1, 1.33333, -0, 1
Active MVP in shader: 
0.0015625, 0, 0, 0
0, -0.00277778, 0, 0
0, 0, -1, 0
-1, 1.33333, -0, 1
err6 (draw): 0
[DEBUG] Camera position: (640, 480) zoom: 1 mvpLoc: 1 isProg: 1 err1: 0 err2: 0 err3: 0 err4: 0 err5: 0
MVP passed: 
0.0015625, 0, 0, 0
0, -0.00277778, 0, 0
0, 0, -1, 0
-1, 1.33333, -0, 1
Active MVP in shader: 
0.0015625, 0, 0, 0
0, -0.00277778, 0, 0
0, 0, -1, 0
-1, 1.33333, -0, 1
err6 (draw): 0
[DEBUG] Camera position: (640, 480) zoom: 1 mvpLoc: 1 isProg: 1 err1: 0 err2: 0 err3: 0 err4: 0 err5: 0
MVP passed: 
0.0015625, 0, 0, 0
0, -0.00277778, 0, 0
0, 0, -1, 0
-1, 1.33333, 0, 1
Active MVP in shader: 
0.0015625, 0, 0, 0
0, -0.00277778, 0, 0
0, 0, -1, 0
-1, 1.33333, 0, 1
err6 (draw): 0
[DEBUG] Camera position: (640, 480) zoom: 1 mvpLoc: 1 isProg: 1 err1: 0 err2: 0 err3: 0 err4: 0 err5: 0
MVP passed: 
0.0015625, 0, 0, 0
0, -0.00277778, 0, 0
0, 0, -1, 0
-1, 1.33333, -0, 1
Active MVP in shader: 
0.0015625, 0, 0, 0
0, -0.00277778, 0, 0
0, 0, -1, 0
-1, 1.33333, -0, 1
err6 (draw): 0
[DEBUG] Camera position: (640, 480) zoom: 1 mvpLoc: 1 isProg: 1 err1: 0 err2: 0 err3: 0 err4: 0 err5: 0
MVP passed: 
0.0015625, 0, 0, 0
0, -0.00277778, 0, 0
0, 0, -1, 0
-1, 1.33333, -0, 1
Active MVP in shader: 
0.0015625, 0, 0, 0
0, -0.00277778, 0, 0
0, 0, -1, 0
-1, 1.33333, -0, 1
err6 (draw): 0
[DEBUG] Camera position: (640, 480) zoom: 1 mvpLoc: 1 isProg: 1 err1: 0 err2: 0 err3: 0 err4: 0 err5: 0
MVP passed: 
0.0015625, 0, 0, 0
0, -0.00277778, 0, 0
0, 0, -1, 0
-1, 1.33333, -0, 1
Active MVP in shader: 
0.0015625, 0, 0, 0
0, -0.00277778, 0, 0
0, 0, -1, 0
-1, 1.33333, -0, 1
err6 (draw): 0
[DEBUG] Camera position: (640, 480) zoom: 1 mvpLoc: 1 isProg: 1 err1: 0 err2: 0 err3: 0 err4: 0 err5: 0
MVP passed: 
0.0015625, 0, 0, 0
0, -0.00277778, 0, 0
0, 0, -1, 0
-1, 1.33333, 0, 1
Active MVP in shader: 
0.0015625, 0, 0, 0
0, -0.00277778, 0, 0
0, 0, -1, 0
-1, 1.33333, 0, 1
err6 (draw): 0
[DEBUG] Camera position: (640, 480) zoom: 1 mvpLoc: 1 isProg: 1 err1: 0 err2: 0 err3: 0 err4: 0 err5: 0
MVP passed: 
0.0015625, 0, 0, 0
0, -0.00277778, 0, 0
0, 0, -1, 0
-1, 1.33333, 0, 1
Active MVP in shader: 
0.0015625, 0, 0, 0
0, -0.00277778, 0, 0
0, 0, -1, 0
-1, 1.33333, 0, 1
err6 (draw): 0
[DEBUG] Camera position: (640, 480) zoom: 1 mvpLoc: 1 isProg: 1 err1: 0 err2: 0 err3: 0 err4: 0 err5: 0
MVP passed: 
0.0015625, 0, 0, 0
0, -0.00277778, 0, 0
0, 0, -1, 0
-1, 1.33333, -0, 1
Active MVP in shader: 
0.0015625, 0, 0, 0
0, -0.00277778, 0, 0
0, 0, -1, 0
-1, 1.33333, -0, 1
err6 (draw): 0
[DEBUG] Camera position: (640, 480) zoom: 1 mvpLoc: 1 isProg: 1 err1: 0 err2: 0 err3: 0 err4: 0 err5: 0
MVP passed: 
0.0015625, 0, 0, 0
0, -0.00277778, 0, 0
0, 0, -1, 0
-1, 1.33333, -0, 1
Active MVP in shader: 
0.0015625, 0, 0, 0
0, -0.00277778, 0, 0
0, 0, -1, 0
-1, 1.33333, -0, 1
err6 (draw): 0
[DEBUG] Camera position: (640, 480) zoom: 1 mvpLoc: 1 isProg: 1 err1: 0 err2: 0 err3: 0 err4: 0 err5: 0
MVP passed: 
0.0015625, 0, 0, 0
0, -0.00277778, 0, 0
0, 0, -1, 0
-1, 1.33333, -0, 1
Active MVP in shader: 
0.0015625, 0, 0, 0
0, -0.00277778, 0, 0
0, 0, -1, 0
-1, 1.33333, -0, 1
err6 (draw): 0
[DEBUG] Camera position: (640, 480) zoom: 1 mvpLoc: 1 isProg: 1 err1: 0 err2: 0 err3: 0 err4: 0 err5: 0
MVP passed: 
0.0015625, 0, 0, 0
0, -0.00277778, 0, 0
0, 0, -1, 0
-1, 1.33333, -0, 1
Active MVP in shader: 
0.0015625, 0, 0, 0
0, -0.00277778, 0, 0
0, 0, -1, 0
-1, 1.33333, -0, 1
err6 (draw): 0
[DEBUG] Camera position: (640, 480) zoom: 1 mvpLoc: 1 isProg: 1 err1: 0 err2: 0 err3: 0 err4: 0 err5: 0
MVP passed: 
0.0015625, 0, 0, 0
0, -0.00277778, 0, 0
0, 0, -1, 0
-1, 1.33333, 0, 1
Active MVP in shader: 
0.0015625, 0, 0, 0
0, -0.00277778, 0, 0
0, 0, -1, 0
-1, 1.33333, 0, 1
err6 (draw): 0
[DEBUG] Camera position: (640, 480) zoom: 1 mvpLoc: 1 isProg: 1 err1: 0 err2: 0 err3: 0 err4: 0 err5: 0
MVP passed: 
0.0015625, 0, 0, 0
0, -0.00277778, 0, 0
0, 0, -1, 0
-1, 1.33333, 0, 1
Active MVP in shader: 
0.0015625, 0, 0, 0
0, -0.00277778, 0, 0
0, 0, -1, 0
-1, 1.33333, 0, 1
err6 (draw): 0
[DEBUG] Camera position: (640, 480) zoom: 1 mvpLoc: 1 isProg: 1 err1: 0 err2: 0 err3: 0 err4: 0 err5: 0
MVP passed: 
0.0015625, 0, 0, 0
0, -0.00277778, 0, 0
0, 0, -1, 0
-1, 1.33333, 0, 1
Active MVP in shader: 
0.0015625, 0, 0, 0
0, -0.00277778, 0, 0
0, 0, -1, 0
-1, 1.33333, 0, 1
err6 (draw): 0
[DEBUG] Camera position: (640, 480) zoom: 1 mvpLoc: 1 isProg: 1 err1: 0 err2: 0 err3: 0 err4: 0 err5: 0
MVP passed: 
0.0015625, 0, 0, 0
0, -0.00277778, 0, 0
0, 0, -1, 0
-1, 1.33333, -0, 1
Active MVP in shader: 
0.0015625, 0, 0, 0
0, -0.00277778, 0, 0
0, 0, -1, 0
-1, 1.33333, -0, 1
err6 (draw): 0
[DEBUG] Camera position: (640, 480) zoom: 1 mvpLoc: 1 isProg: 1 err1: 0 err2: 0 err3: 0 err4: 0 err5: 0
MVP passed: 
0.0015625, 0, 0, 0
0, -0.00277778, 0, 0
0, 0, -1, 0
-1, 1.33333, 0, 1
Active MVP in shader: 
0.0015625, 0, 0, 0
0, -0.00277778, 0, 0
0, 0, -1, 0
-1, 1.33333, 0, 1
err6 (draw): 0
[DEBUG] Camera position: (640, 480) zoom: 1 mvpLoc: 1 isProg: 1 err1: 0 err2: 0 err3: 0 err4: 0 err5: 0
MVP passed: 
0.0015625, 0, 0, 0
0, -0.00277778, 0, 0
0, 0, -1, 0
-1, 1.33333, -0, 1
Active MVP in shader: 
0.0015625, 0, 0, 0
0, -0.00277778, 0, 0
0, 0, -1, 0
-1, 1.33333, -0, 1
err6 (draw): 0
[DEBUG] Camera position: (640, 480) zoom: 1 mvpLoc: 1 isProg: 1 err1: 0 err2: 0 err3: 0 err4: 0 err5: 0
MVP passed: 
0.0015625, 0, 0, 0
0, -0.00277778, 0, 0
0, 0, -1, 0
-1, 1.33333, -0, 1
Active MVP in shader: 
0.0015625, 0, 0, 0
0, -0.00277778, 0, 0
0, 0, -1, 0
-1, 1.33333, -0, 1
err6 (draw): 0
[DEBUG] Camera position: (640, 480) zoom: 1 mvpLoc: 1 isProg: 1 err1: 0 err2: 0 err3: 0 err4: 0 err5: 0
MVP passed: 
0.0015625, 0, 0, 0
0, -0.00277778, 0, 0
0, 0, -1, 0
-1, 1.33333, 0, 1
Active MVP in shader: 
0.0015625, 0, 0, 0
0, -0.00277778, 0, 0
0, 0, -1, 0
-1, 1.33333, 0, 1
err6 (draw): 0
[DEBUG] Camera position: (640, 480) zoom: 1 mvpLoc: 1 isProg: 1 err1: 0 err2: 0 err3: 0 err4: 0 err5: 0
MVP passed: 
0.0015625, 0, 0, 0
0, -0.00277778, 0, 0
0, 0, -1, 0
-1, 1.33333, 0, 1
Active MVP in shader: 
0.0015625, 0, 0, 0
0, -0.00277778, 0, 0
0, 0, -1, 0
-1, 1.33333, 0, 1
err6 (draw): 0
[DEBUG] Camera position: (640, 480.001) zoom: 1 mvpLoc: 1 isProg: 1 err1: 0 err2: 0 err3: 0 err4: 0 err5: 0
MVP passed: 
0.0015625, 0, 0, 0
0, -0.00277778, 0, 0
0, 0, -1, 0
-1, 1.33333, 0, 1
Active MVP in shader: 
0.0015625, 0, 0, 0
0, -0.00277778, 0, 0
0, 0, -1, 0
-1, 1.33333, 0, 1
err6 (draw): 0
[DEBUG] Camera position: (640, 480) zoom: 1 mvpLoc: 1 isProg: 1 err1: 0 err2: 0 err3: 0 err4: 0 err5: 0
MVP passed: 
0.0015625, 0, 0, 0
0, -0.00277778, 0, 0
0, 0, -1, 0
-1, 1.33333, 0, 1
Active MVP in shader: 
0.0015625, 0, 0, 0
0, -0.00277778, 0, 0
0, 0, -1, 0
-1, 1.33333, 0, 1
err6 (draw): 0
[DEBUG] Camera position: (640, 480) zoom: 1 mvpLoc: 1 isProg: 1 err1: 0 err2: 0 err3: 0 err4: 0 err5: 0
MVP passed: 
0.0015625, 0, 0, 0
0, -0.00277778, 0, 0
0, 0, -1, 0
-1, 1.33333, -0, 1
Active MVP in shader: 
0.0015625, 0, 0, 0
0, -0.00277778, 0, 0
0, 0, -1, 0
-1, 1.33333, -0, 1
err6 (draw): 0
[DEBUG] Camera position: (640, 480) zoom: 1 mvpLoc: 1 isProg: 1 err1: 0 err2: 0 err3: 0 err4: 0 err5: 0
MVP passed: 
0.0015625, 0, 0, 0
0, -0.00277778, 0, 0
0, 0, -1, 0
-1, 1.33333, -0, 1
Active MVP in shader: 
0.0015625, 0, 0, 0
0, -0.00277778, 0, 0
0, 0, -1, 0
-1, 1.33333, -0, 1
err6 (draw): 0
[DEBUG] Camera position: (640, 480) zoom: 1 mvpLoc: 1 isProg: 1 err1: 0 err2: 0 err3: 0 err4: 0 err5: 0
MVP passed: 
0.0015625, 0, 0, 0
0, -0.00277778, 0, 0
0, 0, -1, 0
-1, 1.33333, -0, 1
Active MVP in shader: 
0.0015625, 0, 0, 0
0, -0.00277778, 0, 0
0, 0, -1, 0
-1, 1.33333, -0, 1
err6 (draw): 0
[DEBUG] Camera position: (640, 480) zoom: 1 mvpLoc: 1 isProg: 1 err1: 0 err2: 0 err3: 0 err4: 0 err5: 0
MVP passed: 
0.0015625, 0, 0, 0
0, -0.00277778, 0, 0
0, 0, -1, 0
-1, 1.33333, 0, 1
Active MVP in shader: 
0.0015625, 0, 0, 0
0, -0.00277778, 0, 0
0, 0, -1, 0
-1, 1.33333, 0, 1
err6 (draw): 0
[DEBUG] Camera position: (640, 480) zoom: 1 mvpLoc: 1 isProg: 1 err1: 0 err2: 0 err3: 0 err4: 0 err5: 0
MVP passed: 
0.0015625, 0, 0, 0
0, -0.00277778, 0, 0
0, 0, -1, 0
-1, 1.33333, 0, 1
Active MVP in shader: 
0.0015625, 0, 0, 0
0, -0.00277778, 0, 0
0, 0, -1, 0
-1, 1.33333, 0, 1
err6 (draw): 0
[DEBUG] Camera position: (640, 480) zoom: 1 mvpLoc: 1 isProg: 1 err1: 0 err2: 0 err3: 0 err4: 0 err5: 0
MVP passed: 
0.0015625, 0, 0, 0
0, -0.00277778, 0, 0
0, 0, -1, 0
-1, 1.33333, -0, 1
Active MVP in shader: 
0.0015625, 0, 0, 0
0, -0.00277778, 0, 0
0, 0, -1, 0
-1, 1.33333, -0, 1
err6 (draw): 0
[DEBUG] Camera position: (640, 480) zoom: 1 mvpLoc: 1 isProg: 1 err1: 0 err2: 0 err3: 0 err4: 0 err5: 0
MVP passed: 
0.0015625, 0, 0, 0
0, -0.00277778, 0, 0
0, 0, -1, 0
-1, 1.33333, 0, 1
Active MVP in shader: 
0.0015625, 0, 0, 0
0, -0.00277778, 0, 0
0, 0, -1, 0
-1, 1.33333, 0, 1
err6 (draw): 0
[DEBUG] Camera position: (640, 480) zoom: 1 mvpLoc: 1 isProg: 1 err1: 0 err2: 0 err3: 0 err4: 0 err5: 0
MVP passed: 
0.0015625, 0, 0, 0
0, -0.00277778, 0, 0
0, 0, -1, 0
-1, 1.33333, 0, 1
Active MVP in shader: 
0.0015625, 0, 0, 0
0, -0.00277778, 0, 0
0, 0, -1, 0
-1, 1.33333, 0, 1
err6 (draw): 0
[DEBUG] Camera position: (640, 480) zoom: 1 mvpLoc: 1 isProg: 1 err1: 0 err2: 0 err3: 0 err4: 0 err5: 0
MVP passed: 
0.0015625, 0, 0, 0
0, -0.00277778, 0, 0
0, 0, -1, 0
-1, 1.33333, 0, 1
Active MVP in shader: 
0.0015625, 0, 0, 0
0, -0.00277778, 0, 0
0, 0, -1, 0
-1, 1.33333, 0, 1
err6 (draw): 0
[DEBUG] Camera position: (640, 480) zoom: 1 mvpLoc: 1 isProg: 1 err1: 0 err2: 0 err3: 0 err4: 0 err5: 0
MVP passed: 
0.0015625, 0, 0, 0
0, -0.00277778, 0, 0
0, 0, -1, 0
-1, 1.33333, 0, 1
Active MVP in shader: 
0.0015625, 0, 0, 0
0, -0.00277778, 0, 0
0, 0, -1, 0
-1, 1.33333, 0, 1
err6 (draw): 0
[DEBUG] Camera position: (640, 480) zoom: 1 mvpLoc: 1 isProg: 1 err1: 0 err2: 0 err3: 0 err4: 0 err5: 0
MVP passed: 
0.0015625, 0, 0, 0
0, -0.00277778, 0, 0
0, 0, -1, 0
-1, 1.33333, 0, 1
Active MVP in shader: 
0.0015625, 0, 0, 0
0, -0.00277778, 0, 0
0, 0, -1, 0
-1, 1.33333, 0, 1
err6 (draw): 0
[DEBUG] Camera position: (640, 480) zoom: 1 mvpLoc: 1 isProg: 1 err1: 0 err2: 0 err3: 0 err4: 0 err5: 0
MVP passed: 
0.0015625, 0, 0, 0
0, -0.00277778, 0, 0
0, 0, -1, 0
-1, 1.33333, -0, 1
Active MVP in shader: 
0.0015625, 0, 0, 0
0, -0.00277778, 0, 0
0, 0, -1, 0
-1, 1.33333, -0, 1
err6 (draw): 0
[DEBUG] Camera position: (640, 480) zoom: 1 mvpLoc: 1 isProg: 1 err1: 0 err2: 0 err3: 0 err4: 0 err5: 0
MVP passed: 
0.0015625, 0, 0, 0
0, -0.00277778, 0, 0
0, 0, -1, 0
-1, 1.33333, -0, 1
Active MVP in shader: 
0.0015625, 0, 0, 0
0, -0.00277778, 0, 0
0, 0, -1, 0
-1, 1.33333, -0, 1
err6 (draw): 0
[DEBUG] Camera position: (640, 480) zoom: 1 mvpLoc: 1 isProg: 1 err1: 0 err2: 0 err3: 0 err4: 0 err5: 0
MVP passed: 
0.0015625, 0, 0, 0
0, -0.00277778, 0, 0
0, 0, -1, 0
-1, 1.33333, 0, 1
Active MVP in shader: 
0.0015625, 0, 0, 0
0, -0.00277778, 0, 0
0, 0, -1, 0
-1, 1.33333, 0, 1
err6 (draw): 0
[DEBUG] Camera position: (640, 480) zoom: 1 mvpLoc: 1 isProg: 1 err1: 0 err2: 0 err3: 0 err4: 0 err5: 0
MVP passed: 
0.0015625, 0, 0, 0
0, -0.00277778, 0, 0
0, 0, -1, 0
-1, 1.33333, 0, 1
Active MVP in shader: 
0.0015625, 0, 0, 0
0, -0.00277778, 0, 0
0, 0, -1, 0
-1, 1.33333, 0, 1
err6 (draw): 0
[DEBUG] Camera position: (640, 480) zoom: 1 mvpLoc: 1 isProg: 1 err1: 0 err2: 0 err3: 0 err4: 0 err5: 0
MVP passed: 
0.0015625, 0, 0, 0
0, -0.00277778, 0, 0
0, 0, -1, 0
-1, 1.33333, -0, 1
Active MVP in shader: 
0.0015625, 0, 0, 0
0, -0.00277778, 0, 0
0, 0, -1, 0
-1, 1.33333, -0, 1
err6 (draw): 0
[DEBUG] Camera position: (640, 480) zoom: 1 mvpLoc: 1 isProg: 1 err1: 0 err2: 0 err3: 0 err4: 0 err5: 0
MVP passed: 
0.0015625, 0, 0, 0
0, -0.00277778, 0, 0
0, 0, -1, 0
-1, 1.33333, 0, 1
Active MVP in shader: 
0.0015625, 0, 0, 0
0, -0.00277778, 0, 0
0, 0, -1, 0
-1, 1.33333, 0, 1
err6 (draw): 0
[DEBUG] Camera position: (640, 480) zoom: 1 mvpLoc: 1 isProg: 1 err1: 0 err2: 0 err3: 0 err4: 0 err5: 0
MVP passed: 
0.0015625, 0, 0, 0
0, -0.00277778, 0, 0
0, 0, -1, 0
-1, 1.33333, 0, 1
Active MVP in shader: 
0.0015625, 0, 0, 0
0, -0.00277778, 0, 0
0, 0, -1, 0
-1, 1.33333, 0, 1
err6 (draw): 0
[DEBUG] Camera position: (640, 480) zoom: 1 mvpLoc: 1 isProg: 1 err1: 0 err2: 0 err3: 0 err4: 0 err5: 0
MVP passed: 
0.0015625, 0, 0, 0
0, -0.00277778, 0, 0
0, 0, -1, 0
-1, 1.33333, -0, 1
Active MVP in shader: 
0.0015625, 0, 0, 0
0, -0.00277778, 0, 0
0, 0, -1, 0
-1, 1.33333, -0, 1
err6 (draw): 0
[DEBUG] Camera position: (640, 480) zoom: 1 mvpLoc: 1 isProg: 1 err1: 0 err2: 0 err3: 0 err4: 0 err5: 0
MVP passed: 
0.0015625, 0, 0, 0
0, -0.00277778, 0, 0
0, 0, -1, 0
-1, 1.33333, -0, 1
Active MVP in shader: 
0.0015625, 0, 0, 0
0, -0.00277778, 0, 0
0, 0, -1, 0
-1, 1.33333, -0, 1
err6 (draw): 0
[DEBUG] Camera position: (640, 480) zoom: 1 mvpLoc: 1 isProg: 1 err1: 0 err2: 0 err3: 0 err4: 0 err5: 0
MVP passed: 
0.0015625, 0, 0, 0
0, -0.00277778, 0, 0
0, 0, -1, 0
-1, 1.33333, 0, 1
Active MVP in shader: 
0.0015625, 0, 0, 0
0, -0.00277778, 0, 0
0, 0, -1, 0
-1, 1.33333, 0, 1
err6 (draw): 0
[DEBUG] Camera position: (640, 480) zoom: 1 mvpLoc: 1 isProg: 1 err1: 0 err2: 0 err3: 0 err4: 0 err5: 0
MVP passed: 
0.0015625, 0, 0, 0
0, -0.00277778, 0, 0
0, 0, -1, 0
-1, 1.33333, 0, 1
Active MVP in shader: 
0.0015625, 0, 0, 0
0, -0.00277778, 0, 0
0, 0, -1, 0
-1, 1.33333, 0, 1
err6 (draw): 0
[DEBUG] Camera position: (637.474, 480.747) zoom: 0.969756 mvpLoc: 1 isProg: 1 err1: 0 err2: 0 err3: 0 err4: 0 err5: 0
MVP passed: 
0.00151524, 0, 0, 0
0, -0.00269377, 0, 0
0, 0, -1, 0
-0.965929, 1.29502, 0, 1
Active MVP in shader: 
0.00151524, 0, 0, 0
0, -0.00269377, 0, 0
0, 0, -1, 0
-0.965929, 1.29502, 0, 1
err6 (draw): 0
[DEBUG] Camera position: (634.209, 481.708) zoom: 0.932631 mvpLoc: 1 isProg: 1 err1: 0 err2: 0 err3: 0 err4: 0 err5: 0
MVP passed: 
0.00145724, 0, 0, 0
0, -0.00259064, 0, 0
0, 0, -1, 0
-0.924192, 1.24793, 0, 1
Active MVP in shader: 
0.00145724, 0, 0, 0
0, -0.00259064, 0, 0
0, 0, -1, 0
-0.924192, 1.24793, 0, 1
err6 (draw): 0
[DEBUG] Camera position: (629.266, 483.148) zoom: 0.881872 mvpLoc: 1 isProg: 1 err1: 0 err2: 0 err3: 0 err4: 0 err5: 0
MVP passed: 
0.00137793, 0, 0, 0
0, -0.00244964, 0, 0
0, 0, -1, 0
-0.867081, 1.18354, 0, 1
Active MVP in shader: 
0.00137793, 0, 0, 0
0, -0.00244964, 0, 0
0, 0, -1, 0
-0.867081, 1.18354, 0, 1
err6 (draw): 0
[DEBUG] Camera position: (625.333, 484.293) zoom: 0.841493 mvpLoc: 1 isProg: 1 err1: 0 err2: 0 err3: 0 err4: 0 err5: 0
MVP passed: 
0.00131483, 0, 0, 0
0, -0.00233748, 0, 0
0, 0, -1, 0
-0.822209, 1.13203, 0, 1
Active MVP in shader: 
0.00131483, 0, 0, 0
0, -0.00233748, 0, 0
0, 0, -1, 0
-0.822209, 1.13203, 0, 1
err6 (draw): 0
[DEBUG] Camera position: (622.593, 485.091) zoom: 0.81335 mvpLoc: 1 isProg: 1 err1: 0 err2: 0 err3: 0 err4: 0 err5: 0
MVP passed: 
0.00127086, 0, 0, 0
0, -0.00225931, 0, 0
0, 0, -1, 0
-0.791228, 1.09597, 0, 1
Active MVP in shader: 
0.00127086, 0, 0, 0
0, -0.00225931, 0, 0
0, 0, -1, 0
-0.791228, 1.09597, 0, 1
err6 (draw): 0
[DEBUG] Camera position: (617.214, 486.538) zoom: 0.767316 mvpLoc: 1 isProg: 1 err1: 0 err2: 0 err3: 0 err4: 0 err5: 0
MVP passed: 
0.00119893, 0, 0, 0
0, -0.00213143, 0, 0
0, 0, -1, 0
-0.739997, 1.03702, 0, 1
Active MVP in shader: 
0.00119893, 0, 0, 0
0, -0.00213143, 0, 0
0, 0, -1, 0
-0.739997, 1.03702, 0, 1
err6 (draw): 0
[DEBUG] Camera position: (612.965, 487.677) zoom: 0.731244 mvpLoc: 1 isProg: 1 err1: 0 err2: 0 err3: 0 err4: 0 err5: 0
MVP passed: 
0.00114257, 0, 0, 0
0, -0.00203123, 0, 0
0, 0, -1, 0
-0.700354, 0.990586, 0, 1
Active MVP in shader: 
0.00114257, 0, 0, 0
0, -0.00203123, 0, 0
0, 0, -1, 0
-0.700354, 0.990586, 0, 1
err6 (draw): 0
[DEBUG] Camera position: (609.766, 488.534) zoom: 0.704089 mvpLoc: 1 isProg: 1 err1: 0 err2: 0 err3: 0 err4: 0 err5: 0
MVP passed: 
0.00110014, 0, 0, 0
0, -0.0019558, 0, 0
0, 0, -1, 0
-0.670828, 0.955477, 0, 1
Active MVP in shader: 
0.00110014, 0, 0, 0
0, -0.0019558, 0, 0
0, 0, -1, 0
-0.670828, 0.955477, 0, 1
err6 (draw): 0
[DEBUG] Camera position: (607.31, 489.193) zoom: 0.683232 mvpLoc: 1 isProg: 1 err1: 0 err2: 0 err3: 0 err4: 0 err5: 0
MVP passed: 
0.00106755, 0, 0, 0
0, -0.00189787, 0, 0
0, 0, -1, 0
-0.648333, 0.928423, 0, 1
Active MVP in shader: 
0.00106755, 0, 0, 0
0, -0.00189787, 0, 0
0, 0, -1, 0
-0.648333, 0.928423, 0, 1
err6 (draw): 0
[DEBUG] Camera position: (605.432, 489.697) zoom: 0.667291 mvpLoc: 1 isProg: 1 err1: 0 err2: 0 err3: 0 err4: 0 err5: 0
MVP passed: 
0.00104264, 0, 0, 0
0, -0.00185359, 0, 0
0, 0, -1, 0
-0.631248, 0.907695, 0, 1
Active MVP in shader: 
0.00104264, 0, 0, 0
0, -0.00185359, 0, 0
0, 0, -1, 0
-0.631248, 0.907695, 0, 1
err6 (draw): 0
[DEBUG] Camera position: (603.968, 490.089) zoom: 0.65486 mvpLoc: 1 isProg: 1 err1: 0 err2: 0 err3: 0 err4: 0 err5: 0
MVP passed: 
0.00102322, 0, 0, 0
0, -0.00181906, 0, 0
0, 0, -1, 0
-0.617991, 0.8915, 0, 1
Active MVP in shader: 
0.00102322, 0, 0, 0
0, -0.00181906, 0, 0
0, 0, -1, 0
-0.617991, 0.8915, 0, 1
err6 (draw): 0
[DEBUG] Camera position: (602.84, 490.391) zoom: 0.645287 mvpLoc: 1 isProg: 1 err1: 0 err2: 0 err3: 0 err4: 0 err5: 0
MVP passed: 
0.00100826, 0, 0, 0
0, -0.00179246, 0, 0
0, 0, -1, 0
-0.60782, 0.879008, 0, 1
Active MVP in shader: 
0.00100826, 0, 0, 0
0, -0.00179246, 0, 0
0, 0, -1, 0
-0.60782, 0.879008, 0, 1
err6 (draw): 0
[DEBUG] Camera position: (601.977, 490.622) zoom: 0.637967 mvpLoc: 1 isProg: 1 err1: 0 err2: 0 err3: 0 err4: 0 err5: 0
MVP passed: 
0.000996823, 0, 0, 0
0, -0.00177213, 0, 0
0, 0, -1, 0
-0.600065, 0.869446, 0, 1
Active MVP in shader: 
0.000996823, 0, 0, 0
0, -0.00177213, 0, 0
0, 0, -1, 0
-0.600065, 0.869446, 0, 1
err6 (draw): 0
[DEBUG] Camera position: (601.28, 490.809) zoom: 0.632051 mvpLoc: 1 isProg: 1 err1: 0 err2: 0 err3: 0 err4: 0 err5: 0
MVP passed: 
0.00098758, 0, 0, 0
0, -0.0017557, 0, 0
0, 0, -1, 0
-0.593812, 0.861712, 0, 1
Active MVP in shader: 
0.00098758, 0, 0, 0
0, -0.0017557, 0, 0
0, 0, -1, 0
-0.593812, 0.861712, 0, 1
err6 (draw): 0
[DEBUG] Camera position: (600.769, 490.946) zoom: 0.627708 mvpLoc: 1 isProg: 1 err1: 0 err2: 0 err3: 0 err4: 0 err5: 0
MVP passed: 
0.000980794, 0, 0, 0
0, -0.00174363, 0, 0
0, 0, -1, 0
-0.589231, 0.856031, 0, 1
Active MVP in shader: 
0.000980794, 0, 0, 0
0, -0.00174363, 0, 0
0, 0, -1, 0
-0.589231, 0.856031, 0, 1
err6 (draw): 0
[DEBUG] Camera position: (600.399, 491.046) zoom: 0.62456 mvpLoc: 1 isProg: 1 err1: 0 err2: 0 err3: 0 err4: 0 err5: 0
MVP passed: 
0.000975875, 0, 0, 0
0, -0.00173489, 0, 0
0, 0, -1, 0
-0.585914, 0.851911, 0, 1
Active MVP in shader: 
0.000975875, 0, 0, 0
0, -0.00173489, 0, 0
0, 0, -1, 0
-0.585914, 0.851911, 0, 1
err6 (draw): 0
[DEBUG] Camera position: (600.113, 491.123) zoom: 0.622139 mvpLoc: 1 isProg: 1 err1: 0 err2: 0 err3: 0 err4: 0 err5: 0
MVP passed: 
0.000972092, 0, 0, 0
0, -0.00172816, 0, 0
0, 0, -1, 0
-0.583365, 0.84874, 0, 1
Active MVP in shader: 
0.000972092, 0, 0, 0
0, -0.00172816, 0, 0
0, 0, -1, 0
-0.583365, 0.84874, 0, 1
err6 (draw): 0
[DEBUG] Camera position: (599.894, 491.181) zoom: 0.620283 mvpLoc: 1 isProg: 1 err1: 0 err2: 0 err3: 0 err4: 0 err5: 0
MVP passed: 
0.000969192, 0, 0, 0
0, -0.00172301, 0, 0
0, 0, -1, 0
-0.581413, 0.84631, 0, 1
Active MVP in shader: 
0.000969192, 0, 0, 0
0, -0.00172301, 0, 0
0, 0, -1, 0
-0.581413, 0.84631, 0, 1
err6 (draw): 0
[DEBUG] Camera position: (599.727, 491.226) zoom: 0.618856 mvpLoc: 1 isProg: 1 err1: 0 err2: 0 err3: 0 err4: 0 err5: 0
MVP passed: 
0.000966963, 0, 0, 0
0, -0.00171904, 0, 0
0, 0, -1, 0
-0.579913, 0.84444, 0, 1
Active MVP in shader: 
0.000966963, 0, 0, 0
0, -0.00171904, 0, 0
0, 0, -1, 0
-0.579913, 0.84444, 0, 1
err6 (draw): 0
[DEBUG] Camera position: (599.595, 491.261) zoom: 0.61774 mvpLoc: 1 isProg: 1 err1: 0 err2: 0 err3: 0 err4: 0 err5: 0
MVP passed: 
0.000965219, 0, 0, 0
0, -0.00171595, 0, 0
0, 0, -1, 0
-0.578741, 0.842978, 0, 1
Active MVP in shader: 
0.000965219, 0, 0, 0
0, -0.00171595, 0, 0
0, 0, -1, 0
-0.578741, 0.842978, 0, 1
err6 (draw): 0
[DEBUG] Camera position: (599.492, 491.289) zoom: 0.616868 mvpLoc: 1 isProg: 1 err1: 0 err2: 0 err3: 0 err4: 0 err5: 0
MVP passed: 
0.000963856, 0, 0, 0
0, -0.00171352, 0, 0
0, 0, -1, 0
-0.577824, 0.841835, 0, 1
Active MVP in shader: 
0.000963856, 0, 0, 0
0, -0.00171352, 0, 0
0, 0, -1, 0
-0.577824, 0.841835, 0, 1
err6 (draw): 0
[DEBUG] Camera position: (599.417, 491.309) zoom: 0.61623 mvpLoc: 1 isProg: 1 err1: 0 err2: 0 err3: 0 err4: 0 err5: 0
MVP passed: 
0.000962859, 0, 0, 0
0, -0.00171175, 0, 0
0, 0, -1, 0
-0.577154, 0.840999, 0, 1
Active MVP in shader: 
0.000962859, 0, 0, 0
0, -0.00171175, 0, 0
0, 0, -1, 0
-0.577154, 0.840999, 0, 1
err6 (draw): 0
[DEBUG] Camera position: (599.359, 491.325) zoom: 0.615738 mvpLoc: 1 isProg: 1 err1: 0 err2: 0 err3: 0 err4: 0 err5: 0
MVP passed: 
0.000962091, 0, 0, 0
0, -0.00171038, 0, 0
0, 0, -1, 0
-0.576638, 0.840354, 0, 1
Active MVP in shader: 
0.000962091, 0, 0, 0
0, -0.00171038, 0, 0
0, 0, -1, 0
-0.576638, 0.840354, 0, 1
err6 (draw): 0
[DEBUG] Camera position: (599.315, 491.337) zoom: 0.615359 mvpLoc: 1 isProg: 1 err1: 0 err2: 0 err3: 0 err4: 0 err5: 0
MVP passed: 
0.000961499, 0, 0, 0
0, -0.00170933, 0, 0
0, 0, -1, 0
-0.576241, 0.839857, 0, 1
Active MVP in shader: 
0.000961499, 0, 0, 0
0, -0.00170933, 0, 0
0, 0, -1, 0
-0.576241, 0.839857, 0, 1
err6 (draw): 0
[DEBUG] Camera position: (599.277, 491.346) zoom: 0.615039 mvpLoc: 1 isProg: 1 err1: 0 err2: 0 err3: 0 err4: 0 err5: 0
MVP passed: 
0.000960999, 0, 0, 0
0, -0.00170844, 0, 0
0, 0, -1, 0
-0.575904, 0.839437, 0, 1
Active MVP in shader: 
0.000960999, 0, 0, 0
0, -0.00170844, 0, 0
0, 0, -1, 0
-0.575904, 0.839437, 0, 1
err6 (draw): 0
[DEBUG] Camera position: (599.248, 491.354) zoom: 0.614793 mvpLoc: 1 isProg: 1 err1: 0 err2: 0 err3: 0 err4: 0 err5: 0
MVP passed: 
0.000960614, 0, 0, 0
0, -0.00170776, 0, 0
0, 0, -1, 0
-0.575647, 0.839114, 0, 1
Active MVP in shader: 
0.000960614, 0, 0, 0
0, -0.00170776, 0, 0
0, 0, -1, 0
-0.575647, 0.839114, 0, 1
err6 (draw): 0
[DEBUG] Camera position: (599.228, 491.36) zoom: 0.614618 mvpLoc: 1 isProg: 1 err1: 0 err2: 0 err3: 0 err4: 0 err5: 0
MVP passed: 
0.00096034, 0, 0, 0
0, -0.00170727, 0, 0
0, 0, -1, 0
-0.575463, 0.838885, 0, 1
Active MVP in shader: 
0.00096034, 0, 0, 0
0, -0.00170727, 0, 0
0, 0, -1, 0
-0.575463, 0.838885, 0, 1
err6 (draw): 0
[DEBUG] Camera position: (599.213, 491.364) zoom: 0.614493 mvpLoc: 1 isProg: 1 err1: 0 err2: 0 err3: 0 err4: 0 err5: 0
MVP passed: 
0.000960145, 0, 0, 0
0, -0.00170692, 0, 0
0, 0, -1, 0
-0.575332, 0.838721, 0, 1
Active MVP in shader: 
0.000960145, 0, 0, 0
0, -0.00170692, 0, 0
0, 0, -1, 0
-0.575332, 0.838721, 0, 1
err6 (draw): 0
[DEBUG] Camera position: (599.202, 491.367) zoom: 0.614397 mvpLoc: 1 isProg: 1 err1: 0 err2: 0 err3: 0 err4: 0 err5: 0
MVP passed: 
0.000959996, 0, 0, 0
0, -0.00170666, 0, 0
0, 0, -1, 0
-0.575231, 0.838596, 0, 1
Active MVP in shader: 
0.000959996, 0, 0, 0
0, -0.00170666, 0, 0
0, 0, -1, 0
-0.575231, 0.838596, 0, 1
err6 (draw): 0
[DEBUG] Camera position: (599.193, 491.369) zoom: 0.614321 mvpLoc: 1 isProg: 1 err1: 0 err2: 0 err3: 0 err4: 0 err5: 0
MVP passed: 
0.000959877, 0, 0, 0
0, -0.00170645, 0, 0
0, 0, -1, 0
-0.575151, 0.838495, 0, 1
Active MVP in shader: 
0.000959877, 0, 0, 0
0, -0.00170645, 0, 0
0, 0, -1, 0
-0.575151, 0.838495, 0, 1
err6 (draw): 0
[DEBUG] Camera position: (599.187, 491.371) zoom: 0.614268 mvpLoc: 1 isProg: 1 err1: 0 err2: 0 err3: 0 err4: 0 err5: 0
MVP passed: 
0.000959793, 0, 0, 0
0, -0.0017063, 0, 0
0, 0, -1, 0
-0.575095, 0.838425, 0, 1
Active MVP in shader: 
0.000959793, 0, 0, 0
0, -0.0017063, 0, 0
0, 0, -1, 0
-0.575095, 0.838425, 0, 1
err6 (draw): 0
[DEBUG] Camera position: (599.182, 491.372) zoom: 0.614232 mvpLoc: 1 isProg: 1 err1: 0 err2: 0 err3: 0 err4: 0 err5: 0
MVP passed: 
0.000959738, 0, 0, 0
0, -0.0017062, 0, 0
0, 0, -1, 0
-0.575058, 0.838379, 0, 1
Active MVP in shader: 
0.000959738, 0, 0, 0
0, -0.0017062, 0, 0
0, 0, -1, 0
-0.575058, 0.838379, 0, 1
err6 (draw): 0
[DEBUG] Camera position: (599.179, 491.373) zoom: 0.614203 mvpLoc: 1 isProg: 1 err1: 0 err2: 0 err3: 0 err4: 0 err5: 0
MVP passed: 
0.000959693, 0, 0, 0
0, -0.00170612, 0, 0
0, 0, -1, 0
-0.575027, 0.838341, 0, 1
Active MVP in shader: 
0.000959693, 0, 0, 0
0, -0.00170612, 0, 0
0, 0, -1, 0
-0.575027, 0.838341, 0, 1
err6 (draw): 0
[DEBUG] Camera position: (599.176, 491.373) zoom: 0.614182 mvpLoc: 1 isProg: 1 err1: 0 err2: 0 err3: 0 err4: 0 err5: 0
MVP passed: 
0.000959659, 0, 0, 0
0, -0.00170606, 0, 0
0, 0, -1, 0
-0.575005, 0.838313, 0, 1
Active MVP in shader: 
0.000959659, 0, 0, 0
0, -0.00170606, 0, 0
0, 0, -1, 0
-0.575005, 0.838313, 0, 1
err6 (draw): 0
[DEBUG] Camera position: (599.175, 491.374) zoom: 0.614165 mvpLoc: 1 isProg: 1 err1: 0 err2: 0 err3: 0 err4: 0 err5: 0
MVP passed: 
0.000959632, 0, 0, 0
0, -0.00170601, 0, 0
0, 0, -1, 0
-0.574987, 0.83829, 0, 1
Active MVP in shader: 
0.000959632, 0, 0, 0
0, -0.00170601, 0, 0
0, 0, -1, 0
-0.574987, 0.83829, 0, 1
err6 (draw): 0
[DEBUG] Camera position: (599.173, 491.374) zoom: 0.614154 mvpLoc: 1 isProg: 1 err1: 0 err2: 0 err3: 0 err4: 0 err5: 0
MVP passed: 
0.000959615, 0, 0, 0
0, -0.00170598, 0, 0
0, 0, -1, 0
-0.574976, 0.838275, 0, 1
Active MVP in shader: 
0.000959615, 0, 0, 0
0, -0.00170598, 0, 0
0, 0, -1, 0
-0.574976, 0.838275, 0, 1
err6 (draw): 0
[DEBUG] Camera position: (599.172, 491.374) zoom: 0.614145 mvpLoc: 1 isProg: 1 err1: 0 err2: 0 err3: 0 err4: 0 err5: 0
MVP passed: 
0.000959602, 0, 0, 0
0, -0.00170596, 0, 0
0, 0, -1, 0
-0.574967, 0.838264, 0, 1
Active MVP in shader: 
0.000959602, 0, 0, 0
0, -0.00170596, 0, 0
0, 0, -1, 0
-0.574967, 0.838264, 0, 1
err6 (draw): 0
[DEBUG] Camera position: (599.172, 491.374) zoom: 0.61414 mvpLoc: 1 isProg: 1 err1: 0 err2: 0 err3: 0 err4: 0 err5: 0
MVP passed: 
0.000959594, 0, 0, 0
0, -0.00170595, 0, 0
0, 0, -1, 0
-0.574962, 0.838258, 0, 1
Active MVP in shader: 
0.000959594, 0, 0, 0
0, -0.00170595, 0, 0
0, 0, -1, 0
-0.574962, 0.838258, 0, 1
err6 (draw): 0
[DEBUG] Camera position: (599.171, 491.374) zoom: 0.614137 mvpLoc: 1 isProg: 1 err1: 0 err2: 0 err3: 0 err4: 0 err5: 0
MVP passed: 
0.000959589, 0, 0, 0
0, -0.00170594, 0, 0
0, 0, -1, 0
-0.574958, 0.838253, 0, 1
Active MVP in shader: 
0.000959589, 0, 0, 0
0, -0.00170594, 0, 0
0, 0, -1, 0
-0.574958, 0.838253, 0, 1
err6 (draw): 0
[DEBUG] Camera position: (599.171, 491.375) zoom: 0.614133 mvpLoc: 1 isProg: 1 err1: 0 err2: 0 err3: 0 err4: 0 err5: 0
MVP passed: 
0.000959583, 0, 0, 0
0, -0.00170593, 0, 0
0, 0, -1, 0
-0.574954, 0.838249, 0, 1
Active MVP in shader: 
0.000959583, 0, 0, 0
0, -0.00170593, 0, 0
0, 0, -1, 0
-0.574954, 0.838249, 0, 1
err6 (draw): 0
[DEBUG] Camera position: (599.17, 491.375) zoom: 0.614131 mvpLoc: 1 isProg: 1 err1: 0 err2: 0 err3: 0 err4: 0 err5: 0
MVP passed: 
0.000959579, 0, 0, 0
0, -0.00170592, 0, 0
0, 0, -1, 0
-0.574951, 0.838245, 0, 1
Active MVP in shader: 
0.000959579, 0, 0, 0
0, -0.00170592, 0, 0
0, 0, -1, 0
-0.574951, 0.838245, 0, 1
err6 (draw): 0
[DEBUG] Camera position: (599.17, 491.375) zoom: 0.614129 mvpLoc: 1 isProg: 1 err1: 0 err2: 0 err3: 0 err4: 0 err5: 0
MVP passed: 
0.000959577, 0, 0, 0
0, -0.00170591, 0, 0
0, 0, -1, 0
-0.57495, 0.838243, 0, 1
Active MVP in shader: 
0.000959577, 0, 0, 0
0, -0.00170591, 0, 0
0, 0, -1, 0
-0.57495, 0.838243, 0, 1
err6 (draw): 0
[DEBUG] Camera position: (599.17, 491.375) zoom: 0.614128 mvpLoc: 1 isProg: 1 err1: 0 err2: 0 err3: 0 err4: 0 err5: 0
MVP passed: 
0.000959576, 0, 0, 0
0, -0.00170591, 0, 0
0, 0, -1, 0
-0.574949, 0.838242, 0, 1
Active MVP in shader: 
0.000959576, 0, 0, 0
0, -0.00170591, 0, 0
0, 0, -1, 0
-0.574949, 0.838242, 0, 1
err6 (draw): 0
[DEBUG] Camera position: (599.17, 491.375) zoom: 0.614128 mvpLoc: 1 isProg: 1 err1: 0 err2: 0 err3: 0 err4: 0 err5: 0
MVP passed: 
0.000959575, 0, 0, 0
0, -0.00170591, 0, 0
0, 0, -1, 0
-0.574948, 0.838242, 0, 1
Active MVP in shader: 
0.000959575, 0, 0, 0
0, -0.00170591, 0, 0
0, 0, -1, 0
-0.574948, 0.838242, 0, 1
err6 (draw): 0
[DEBUG] Camera position: (599.17, 491.375) zoom: 0.614127 mvpLoc: 1 isProg: 1 err1: 0 err2: 0 err3: 0 err4: 0 err5: 0
MVP passed: 
0.000959574, 0, 0, 0
0, -0.00170591, 0, 0
0, 0, -1, 0
-0.574947, 0.838241, 0, 1
Active MVP in shader: 
0.000959574, 0, 0, 0
0, -0.00170591, 0, 0
0, 0, -1, 0
-0.574947, 0.838241, 0, 1
err6 (draw): 0
[DEBUG] Camera position: (599.169, 491.375) zoom: 0.614126 mvpLoc: 1 isProg: 1 err1: 0 err2: 0 err3: 0 err4: 0 err5: 0
MVP passed: 
0.000959572, 0, 0, 0
0, -0.00170591, 0, 0
0, 0, -1, 0
-0.574946, 0.838239, 0, 1
Active MVP in shader: 
0.000959572, 0, 0, 0
0, -0.00170591, 0, 0
0, 0, -1, 0
-0.574946, 0.838239, 0, 1
err6 (draw): 0
[DEBUG] Camera position: (599.169, 491.375) zoom: 0.614126 mvpLoc: 1 isProg: 1 err1: 0 err2: 0 err3: 0 err4: 0 err5: 0
MVP passed: 
0.000959572, 0, 0, 0
0, -0.00170591, 0, 0
0, 0, -1, 0
-0.574946, 0.838239, 0, 1
Active MVP in shader: 
0.000959572, 0, 0, 0
0, -0.00170591, 0, 0
0, 0, -1, 0
-0.574946, 0.838239, 0, 1
err6 (draw): 0
[DEBUG] Camera position: (599.169, 491.375) zoom: 0.614126 mvpLoc: 1 isProg: 1 err1: 0 err2: 0 err3: 0 err4: 0 err5: 0
MVP passed: 
0.000959572, 0, 0, 0
0, -0.00170591, 0, 0
0, 0, -1, 0
-0.574946, 0.838239, 0, 1
Active MVP in shader: 
0.000959572, 0, 0, 0
0, -0.00170591, 0, 0
0, 0, -1, 0
-0.574946, 0.838239, 0, 1
err6 (draw): 0
[DEBUG] Camera position: (599.169, 491.375) zoom: 0.614126 mvpLoc: 1 isProg: 1 err1: 0 err2: 0 err3: 0 err4: 0 err5: 0
MVP passed: 
0.000959572, 0, 0, 0
0, -0.0017059, 0, 0
0, 0, -1, 0
-0.574946, 0.838238, 0, 1
Active MVP in shader: 
0.000959572, 0, 0, 0
0, -0.0017059, 0, 0
0, 0, -1, 0
-0.574946, 0.838238, 0, 1
err6 (draw): 0
[DEBUG] Camera position: (599.169, 491.375) zoom: 0.614125 mvpLoc: 1 isProg: 1 err1: 0 err2: 0 err3: 0 err4: 0 err5: 0
MVP passed: 
0.000959571, 0, 0, 0
0, -0.0017059, 0, 0
0, 0, -1, 0
-0.574946, 0.838238, 0, 1
Active MVP in shader: 
0.000959571, 0, 0, 0
0, -0.0017059, 0, 0
0, 0, -1, 0
-0.574946, 0.838238, 0, 1
err6 (draw): 0
[DEBUG] Camera position: (599.17, 491.375) zoom: 0.614125 mvpLoc: 1 isProg: 1 err1: 0 err2: 0 err3: 0 err4: 0 err5: 0
MVP passed: 
0.000959571, 0, 0, 0
0, -0.0017059, 0, 0
0, 0, -1, 0
-0.574946, 0.838238, 0, 1
Active MVP in shader: 
0.000959571, 0, 0, 0
0, -0.0017059, 0, 0
0, 0, -1, 0
-0.574946, 0.838238, 0, 1
err6 (draw): 0
[DEBUG] Camera position: (599.17, 491.375) zoom: 0.614125 mvpLoc: 1 isProg: 1 err1: 0 err2: 0 err3: 0 err4: 0 err5: 0
MVP passed: 
0.00095957, 0, 0, 0
0, -0.0017059, 0, 0
0, 0, -1, 0
-0.574945, 0.838237, 0, 1
Active MVP in shader: 
0.00095957, 0, 0, 0
0, -0.0017059, 0, 0
0, 0, -1, 0
-0.574945, 0.838237, 0, 1
err6 (draw): 0
[DEBUG] Camera position: (599.17, 491.375) zoom: 0.614125 mvpLoc: 1 isProg: 1 err1: 0 err2: 0 err3: 0 err4: 0 err5: 0
MVP passed: 
0.00095957, 0, 0, 0
0, -0.0017059, 0, 0
0, 0, -1, 0
-0.574945, 0.838237, 0, 1
Active MVP in shader: 
0.00095957, 0, 0, 0
0, -0.0017059, 0, 0
0, 0, -1, 0
-0.574945, 0.838237, 0, 1
err6 (draw): 0
[DEBUG] Camera position: (599.169, 491.375) zoom: 0.614125 mvpLoc: 1 isProg: 1 err1: 0 err2: 0 err3: 0 err4: 0 err5: 0
MVP passed: 
0.00095957, 0, 0, 0
0, -0.0017059, 0, 0
0, 0, -1, 0
-0.574945, 0.838238, 0, 1
Active MVP in shader: 
0.00095957, 0, 0, 0
0, -0.0017059, 0, 0
0, 0, -1, 0
-0.574945, 0.838238, 0, 1
err6 (draw): 0
[DEBUG] Camera position: (599.169, 491.375) zoom: 0.614125 mvpLoc: 1 isProg: 1 err1: 0 err2: 0 err3: 0 err4: 0 err5: 0
MVP passed: 
0.00095957, 0, 0, 0
0, -0.0017059, 0, 0
0, 0, -1, 0
-0.574945, 0.838237, 0, 1
Active MVP in shader: 
0.00095957, 0, 0, 0
0, -0.0017059, 0, 0
0, 0, -1, 0
-0.574945, 0.838237, 0, 1
err6 (draw): 0
[DEBUG] Camera position: (599.169, 491.375) zoom: 0.614125 mvpLoc: 1 isProg: 1 err1: 0 err2: 0 err3: 0 err4: 0 err5: 0
MVP passed: 
0.00095957, 0, 0, 0
0, -0.0017059, 0, 0
0, 0, -1, 0
-0.574945, 0.838237, 0, 1
Active MVP in shader: 
0.00095957, 0, 0, 0
0, -0.0017059, 0, 0
0, 0, -1, 0
-0.574945, 0.838237, 0, 1
err6 (draw): 0
[DEBUG] Camera position: (599.169, 491.375) zoom: 0.614125 mvpLoc: 1 isProg: 1 err1: 0 err2: 0 err3: 0 err4: 0 err5: 0
MVP passed: 
0.00095957, 0, 0, 0
0, -0.0017059, 0, 0
0, 0, -1, 0
-0.574945, 0.838237, 0, 1
Active MVP in shader: 
0.00095957, 0, 0, 0
0, -0.0017059, 0, 0
0, 0, -1, 0
-0.574945, 0.838237, 0, 1
err6 (draw): 0
[DEBUG] Camera position: (599.169, 491.375) zoom: 0.614125 mvpLoc: 1 isProg: 1 err1: 0 err2: 0 err3: 0 err4: 0 err5: 0
MVP passed: 
0.00095957, 0, 0, 0
0, -0.0017059, 0, 0
0, 0, -1, 0
-0.574945, 0.838237, 0, 1
Active MVP in shader: 
0.00095957, 0, 0, 0
0, -0.0017059, 0, 0
0, 0, -1, 0
-0.574945, 0.838237, 0, 1
err6 (draw): 0
[DEBUG] Camera position: (599.169, 491.375) zoom: 0.614125 mvpLoc: 1 isProg: 1 err1: 0 err2: 0 err3: 0 err4: 0 err5: 0
MVP passed: 
0.000959571, 0, 0, 0
0, -0.0017059, 0, 0
0, 0, -1, 0
-0.574945, 0.838238, 0, 1
Active MVP in shader: 
0.000959571, 0, 0, 0
0, -0.0017059, 0, 0
0, 0, -1, 0
-0.574945, 0.838238, 0, 1
err6 (draw): 0
[DEBUG] Camera position: (599.169, 491.375) zoom: 0.614125 mvpLoc: 1 isProg: 1 err1: 0 err2: 0 err3: 0 err4: 0 err5: 0
MVP passed: 
0.00095957, 0, 0, 0
0, -0.0017059, 0, 0
0, 0, -1, 0
-0.574944, 0.838237, 0, 1
Active MVP in shader: 
0.00095957, 0, 0, 0
0, -0.0017059, 0, 0
0, 0, -1, 0
-0.574944, 0.838237, 0, 1
err6 (draw): 0
[DEBUG] Camera position: (599.169, 491.375) zoom: 0.614125 mvpLoc: 1 isProg: 1 err1: 0 err2: 0 err3: 0 err4: 0 err5: 0
MVP passed: 
0.000959571, 0, 0, 0
0, -0.0017059, 0, 0
0, 0, -1, 0
-0.574945, 0.838238, 0, 1
Active MVP in shader: 
0.000959571, 0, 0, 0
0, -0.0017059, 0, 0
0, 0, -1, 0
-0.574945, 0.838238, 0, 1
err6 (draw): 0
[DEBUG] Camera position: (599.169, 491.375) zoom: 0.614125 mvpLoc: 1 isProg: 1 err1: 0 err2: 0 err3: 0 err4: 0 err5: 0
MVP passed: 
0.000959571, 0, 0, 0
0, -0.0017059, 0, 0
0, 0, -1, 0
-0.574945, 0.838238, 0, 1
Active MVP in shader: 
0.000959571, 0, 0, 0
0, -0.0017059, 0, 0
0, 0, -1, 0
-0.574945, 0.838238, 0, 1
err6 (draw): 0
[DEBUG] Camera position: (599.169, 491.375) zoom: 0.614125 mvpLoc: 1 isProg: 1 err1: 0 err2: 0 err3: 0 err4: 0 err5: 0
MVP passed: 
0.000959571, 0, 0, 0
0, -0.0017059, 0, 0
0, 0, -1, 0
-0.574945, 0.838238, 0, 1
Active MVP in shader: 
0.000959571, 0, 0, 0
0, -0.0017059, 0, 0
0, 0, -1, 0
-0.574945, 0.838238, 0, 1
err6 (draw): 0
[DEBUG] Camera position: (599.169, 491.375) zoom: 0.614125 mvpLoc: 1 isProg: 1 err1: 0 err2: 0 err3: 0 err4: 0 err5: 0
MVP passed: 
0.00095957, 0, 0, 0
0, -0.0017059, 0, 0
0, 0, -1, 0
-0.574945, 0.838238, 0, 1
Active MVP in shader: 
0.00095957, 0, 0, 0
0, -0.0017059, 0, 0
0, 0, -1, 0
-0.574945, 0.838238, 0, 1
err6 (draw): 0
[DEBUG] Camera position: (599.169, 491.375) zoom: 0.614125 mvpLoc: 1 isProg: 1 err1: 0 err2: 0 err3: 0 err4: 0 err5: 0
MVP passed: 
0.000959571, 0, 0, 0
0, -0.0017059, 0, 0
0, 0, -1, 0
-0.574945, 0.838238, 0, 1
Active MVP in shader: 
0.000959571, 0, 0, 0
0, -0.0017059, 0, 0
0, 0, -1, 0
-0.574945, 0.838238, 0, 1
err6 (draw): 0
[DEBUG] Camera position: (599.169, 491.375) zoom: 0.614126 mvpLoc: 1 isProg: 1 err1: 0 err2: 0 err3: 0 err4: 0 err5: 0
MVP passed: 
0.000959571, 0, 0, 0
0, -0.0017059, 0, 0
0, 0, -1, 0
-0.574946, 0.838239, 0, 1
Active MVP in shader: 
0.000959571, 0, 0, 0
0, -0.0017059, 0, 0
0, 0, -1, 0
-0.574946, 0.838239, 0, 1
err6 (draw): 0
[DEBUG] Camera position: (599.17, 491.375) zoom: 0.614125 mvpLoc: 1 isProg: 1 err1: 0 err2: 0 err3: 0 err4: 0 err5: 0
MVP passed: 
0.000959571, 0, 0, 0
0, -0.0017059, 0, 0
0, 0, -1, 0
-0.574946, 0.838239, 0, 1
Active MVP in shader: 
0.000959571, 0, 0, 0
0, -0.0017059, 0, 0
0, 0, -1, 0
-0.574946, 0.838239, 0, 1
err6 (draw): 0
[DEBUG] Camera position: (599.17, 491.375) zoom: 0.614125 mvpLoc: 1 isProg: 1 err1: 0 err2: 0 err3: 0 err4: 0 err5: 0
MVP passed: 
0.000959571, 0, 0, 0
0, -0.0017059, 0, 0
0, 0, -1, 0
-0.574946, 0.838239, 0, 1
Active MVP in shader: 
0.000959571, 0, 0, 0
0, -0.0017059, 0, 0
0, 0, -1, 0
-0.574946, 0.838239, 0, 1
err6 (draw): 0
[DEBUG] Camera position: (599.169, 491.375) zoom: 0.614125 mvpLoc: 1 isProg: 1 err1: 0 err2: 0 err3: 0 err4: 0 err5: 0
MVP passed: 
0.000959571, 0, 0, 0
0, -0.0017059, 0, 0
0, 0, -1, 0
-0.574945, 0.838238, 0, 1
Active MVP in shader: 
0.000959571, 0, 0, 0
0, -0.0017059, 0, 0
0, 0, -1, 0
-0.574945, 0.838238, 0, 1
err6 (draw): 0
[DEBUG] Camera position: (599.169, 491.375) zoom: 0.614125 mvpLoc: 1 isProg: 1 err1: 0 err2: 0 err3: 0 err4: 0 err5: 0
MVP passed: 
0.000959571, 0, 0, 0
0, -0.0017059, 0, 0
0, 0, -1, 0
-0.574945, 0.838238, 0, 1
Active MVP in shader: 
0.000959571, 0, 0, 0
0, -0.0017059, 0, 0
0, 0, -1, 0
-0.574945, 0.838238, 0, 1
err6 (draw): 0
[DEBUG] Camera position: (599.169, 491.375) zoom: 0.614125 mvpLoc: 1 isProg: 1 err1: 0 err2: 0 err3: 0 err4: 0 err5: 0
MVP passed: 
0.000959571, 0, 0, 0
0, -0.0017059, 0, 0
0, 0, -1, 0
-0.574945, 0.838238, 0, 1
Active MVP in shader: 
0.000959571, 0, 0, 0
0, -0.0017059, 0, 0
0, 0, -1, 0
-0.574945, 0.838238, 0, 1
err6 (draw): 0
[DEBUG] Camera position: (599.169, 491.375) zoom: 0.614125 mvpLoc: 1 isProg: 1 err1: 0 err2: 0 err3: 0 err4: 0 err5: 0
MVP passed: 
0.00095957, 0, 0, 0
0, -0.0017059, 0, 0
0, 0, -1, 0
-0.574945, 0.838238, 0, 1
Active MVP in shader: 
0.00095957, 0, 0, 0
0, -0.0017059, 0, 0
0, 0, -1, 0
-0.574945, 0.838238, 0, 1
err6 (draw): 0
[DEBUG] Camera position: (599.17, 491.375) zoom: 0.614125 mvpLoc: 1 isProg: 1 err1: 0 err2: 0 err3: 0 err4: 0 err5: 0
MVP passed: 
0.000959571, 0, 0, 0
0, -0.0017059, 0, 0
0, 0, -1, 0
-0.574946, 0.838238, 0, 1
Active MVP in shader: 
0.000959571, 0, 0, 0
0, -0.0017059, 0, 0
0, 0, -1, 0
-0.574946, 0.838238, 0, 1
err6 (draw): 0
[DEBUG] Camera position: (599.169, 491.375) zoom: 0.614125 mvpLoc: 1 isProg: 1 err1: 0 err2: 0 err3: 0 err4: 0 err5: 0
MVP passed: 
0.000959571, 0, 0, 0
0, -0.0017059, 0, 0
0, 0, -1, 0
-0.574945, 0.838238, 0, 1
Active MVP in shader: 
0.000959571, 0, 0, 0
0, -0.0017059, 0, 0
0, 0, -1, 0
-0.574945, 0.838238, 0, 1
err6 (draw): 0
[DEBUG] Camera position: (599.17, 491.375) zoom: 0.614125 mvpLoc: 1 isProg: 1 err1: 0 err2: 0 err3: 0 err4: 0 err5: 0
MVP passed: 
0.000959571, 0, 0, 0
0, -0.0017059, 0, 0
0, 0, -1, 0
-0.574946, 0.838238, 0, 1
Active MVP in shader: 
0.000959571, 0, 0, 0
0, -0.0017059, 0, 0
0, 0, -1, 0
-0.574946, 0.838238, 0, 1
err6 (draw): 0
[DEBUG] Camera position: (599.17, 491.375) zoom: 0.614125 mvpLoc: 1 isProg: 1 err1: 0 err2: 0 err3: 0 err4: 0 err5: 0
MVP passed: 
0.000959571, 0, 0, 0
0, -0.0017059, 0, 0
0, 0, -1, 0
-0.574946, 0.838238, 0, 1
Active MVP in shader: 
0.000959571, 0, 0, 0
0, -0.0017059, 0, 0
0, 0, -1, 0
-0.574946, 0.838238, 0, 1
err6 (draw): 0
[DEBUG] Camera position: (599.17, 491.375) zoom: 0.614125 mvpLoc: 1 isProg: 1 err1: 0 err2: 0 err3: 0 err4: 0 err5: 0
MVP passed: 
0.000959571, 0, 0, 0
0, -0.0017059, 0, 0
0, 0, -1, 0
-0.574946, 0.838239, 0, 1
Active MVP in shader: 
0.000959571, 0, 0, 0
0, -0.0017059, 0, 0
0, 0, -1, 0
-0.574946, 0.838239, 0, 1
err6 (draw): 0
[DEBUG] Camera position: (599.17, 491.375) zoom: 0.614125 mvpLoc: 1 isProg: 1 err1: 0 err2: 0 err3: 0 err4: 0 err5: 0
MVP passed: 
0.000959571, 0, 0, 0
0, -0.0017059, 0, 0
0, 0, -1, 0
-0.574946, 0.838238, 0, 1
Active MVP in shader: 
0.000959571, 0, 0, 0
0, -0.0017059, 0, 0
0, 0, -1, 0
-0.574946, 0.838238, 0, 1
err6 (draw): 0
[DEBUG] Camera position: (599.17, 491.375) zoom: 0.614125 mvpLoc: 1 isProg: 1 err1: 0 err2: 0 err3: 0 err4: 0 err5: 0
MVP passed: 
0.00095957, 0, 0, 0
0, -0.0017059, 0, 0
0, 0, -1, 0
-0.574946, 0.838238, 0, 1
Active MVP in shader: 
0.00095957, 0, 0, 0
0, -0.0017059, 0, 0
0, 0, -1, 0
-0.574946, 0.838238, 0, 1
err6 (draw): 0
[DEBUG] Camera position: (599.17, 491.375) zoom: 0.614125 mvpLoc: 1 isProg: 1 err1: 0 err2: 0 err3: 0 err4: 0 err5: 0
MVP passed: 
0.00095957, 0, 0, 0
0, -0.0017059, 0, 0
0, 0, -1, 0
-0.574945, 0.838238, 0, 1
Active MVP in shader: 
0.00095957, 0, 0, 0
0, -0.0017059, 0, 0
0, 0, -1, 0
-0.574945, 0.838238, 0, 1
err6 (draw): 0
[DEBUG] Camera position: (599.169, 491.375) zoom: 0.614125 mvpLoc: 1 isProg: 1 err1: 0 err2: 0 err3: 0 err4: 0 err5: 0
MVP passed: 
0.00095957, 0, 0, 0
0, -0.0017059, 0, 0
0, 0, -1, 0
-0.574945, 0.838237, 0, 1
Active MVP in shader: 
0.00095957, 0, 0, 0
0, -0.0017059, 0, 0
0, 0, -1, 0
-0.574945, 0.838237, 0, 1
err6 (draw): 0
[DEBUG] Camera position: (599.169, 491.375) zoom: 0.614125 mvpLoc: 1 isProg: 1 err1: 0 err2: 0 err3: 0 err4: 0 err5: 0
MVP passed: 
0.00095957, 0, 0, 0
0, -0.0017059, 0, 0
0, 0, -1, 0
-0.574944, 0.838237, 0, 1
Active MVP in shader: 
0.00095957, 0, 0, 0
0, -0.0017059, 0, 0
0, 0, -1, 0
-0.574944, 0.838237, 0, 1
err6 (draw): 0
[DEBUG] Camera position: (599.169, 491.375) zoom: 0.614125 mvpLoc: 1 isProg: 1 err1: 0 err2: 0 err3: 0 err4: 0 err5: 0
MVP passed: 
0.00095957, 0, 0, 0
0, -0.0017059, 0, 0
0, 0, -1, 0
-0.574945, 0.838237, 0, 1
Active MVP in shader: 
0.00095957, 0, 0, 0
0, -0.0017059, 0, 0
0, 0, -1, 0
-0.574945, 0.838237, 0, 1
err6 (draw): 0
[DEBUG] Camera position: (599.169, 491.375) zoom: 0.614125 mvpLoc: 1 isProg: 1 err1: 0 err2: 0 err3: 0 err4: 0 err5: 0
MVP passed: 
0.00095957, 0, 0, 0
0, -0.0017059, 0, 0
0, 0, -1, 0
-0.574945, 0.838237, 0, 1
Active MVP in shader: 
0.00095957, 0, 0, 0
0, -0.0017059, 0, 0
0, 0, -1, 0
-0.574945, 0.838237, 0, 1
err6 (draw): 0
[DEBUG] Camera position: (599.169, 491.375) zoom: 0.614125 mvpLoc: 1 isProg: 1 err1: 0 err2: 0 err3: 0 err4: 0 err5: 0
MVP passed: 
0.00095957, 0, 0, 0
0, -0.0017059, 0, 0
0, 0, -1, 0
-0.574945, 0.838237, 0, 1
Active MVP in shader: 
0.00095957, 0, 0, 0
0, -0.0017059, 0, 0
0, 0, -1, 0
-0.574945, 0.838237, 0, 1
err6 (draw): 0
[DEBUG] Camera position: (599.169, 491.375) zoom: 0.614125 mvpLoc: 1 isProg: 1 err1: 0 err2: 0 err3: 0 err4: 0 err5: 0
MVP passed: 
0.00095957, 0, 0, 0
0, -0.0017059, 0, 0
0, 0, -1, 0
-0.574945, 0.838238, 0, 1
Active MVP in shader: 
0.00095957, 0, 0, 0
0, -0.0017059, 0, 0
0, 0, -1, 0
-0.574945, 0.838238, 0, 1
err6 (draw): 0
[DEBUG] Camera position: (599.169, 491.375) zoom: 0.614125 mvpLoc: 1 isProg: 1 err1: 0 err2: 0 err3: 0 err4: 0 err5: 0
MVP passed: 
0.00095957, 0, 0, 0
0, -0.0017059, 0, 0
0, 0, -1, 0
-0.574945, 0.838238, 0, 1
Active MVP in shader: 
0.00095957, 0, 0, 0
0, -0.0017059, 0, 0
0, 0, -1, 0
-0.574945, 0.838238, 0, 1
err6 (draw): 0
[DEBUG] Camera position: (599.169, 491.375) zoom: 0.614125 mvpLoc: 1 isProg: 1 err1: 0 err2: 0 err3: 0 err4: 0 err5: 0
MVP passed: 
0.000959571, 0, 0, 0
0, -0.0017059, 0, 0
0, 0, -1, 0
-0.574945, 0.838238, 0, 1
Active MVP in shader: 
0.000959571, 0, 0, 0
0, -0.0017059, 0, 0
0, 0, -1, 0
-0.574945, 0.838238, 0, 1
err6 (draw): 0
[DEBUG] Camera position: (599.169, 491.375) zoom: 0.614125 mvpLoc: 1 isProg: 1 err1: 0 err2: 0 err3: 0 err4: 0 err5: 0
MVP passed: 
0.000959571, 0, 0, 0
0, -0.0017059, 0, 0
0, 0, -1, 0
-0.574946, 0.838239, 0, 1
Active MVP in shader: 
0.000959571, 0, 0, 0
0, -0.0017059, 0, 0
0, 0, -1, 0
-0.574946, 0.838239, 0, 1
err6 (draw): 0
[DEBUG] Camera position: (599.169, 491.375) zoom: 0.614125 mvpLoc: 1 isProg: 1 err1: 0 err2: 0 err3: 0 err4: 0 err5: 0
MVP passed: 
0.000959571, 0, 0, 0
0, -0.0017059, 0, 0
0, 0, -1, 0
-0.574945, 0.838239, 0, 1
Active MVP in shader: 
0.000959571, 0, 0, 0
0, -0.0017059, 0, 0
0, 0, -1, 0
-0.574945, 0.838239, 0, 1
err6 (draw): 0
[DEBUG] Camera position: (599.17, 491.375) zoom: 0.614125 mvpLoc: 1 isProg: 1 err1: 0 err2: 0 err3: 0 err4: 0 err5: 0
MVP passed: 
0.00095957, 0, 0, 0
0, -0.0017059, 0, 0
0, 0, -1, 0
-0.574945, 0.838238, 0, 1
Active MVP in shader: 
0.00095957, 0, 0, 0
0, -0.0017059, 0, 0
0, 0, -1, 0
-0.574945, 0.838238, 0, 1
err6 (draw): 0
[DEBUG] Camera position: (599.17, 491.375) zoom: 0.614125 mvpLoc: 1 isProg: 1 err1: 0 err2: 0 err3: 0 err4: 0 err5: 0
MVP passed: 
0.00095957, 0, 0, 0
0, -0.0017059, 0, 0
0, 0, -1, 0
-0.574945, 0.838238, 0, 1
Active MVP in shader: 
0.00095957, 0, 0, 0
0, -0.0017059, 0, 0
0, 0, -1, 0
-0.574945, 0.838238, 0, 1
err6 (draw): 0
[DEBUG] Camera position: (599.17, 491.375) zoom: 0.614125 mvpLoc: 1 isProg: 1 err1: 0 err2: 0 err3: 0 err4: 0 err5: 0
MVP passed: 
0.00095957, 0, 0, 0
0, -0.0017059, 0, 0
0, 0, -1, 0
-0.574945, 0.838238, 0, 1
Active MVP in shader: 
0.00095957, 0, 0, 0
0, -0.0017059, 0, 0
0, 0, -1, 0
-0.574945, 0.838238, 0, 1
err6 (draw): 0
[DEBUG] Camera position: (599.17, 491.375) zoom: 0.614125 mvpLoc: 1 isProg: 1 err1: 0 err2: 0 err3: 0 err4: 0 err5: 0
MVP passed: 
0.000959571, 0, 0, 0
0, -0.0017059, 0, 0
0, 0, -1, 0
-0.574945, 0.838239, 0, 1
Active MVP in shader: 
0.000959571, 0, 0, 0
0, -0.0017059, 0, 0
0, 0, -1, 0
-0.574945, 0.838239, 0, 1
err6 (draw): 0
[DEBUG] Camera position: (599.17, 491.375) zoom: 0.614125 mvpLoc: 1 isProg: 1 err1: 0 err2: 0 err3: 0 err4: 0 err5: 0
MVP passed: 
0.000959571, 0, 0, 0
0, -0.0017059, 0, 0
0, 0, -1, 0
-0.574946, 0.838239, 0, 1
Active MVP in shader: 
0.000959571, 0, 0, 0
0, -0.0017059, 0, 0
0, 0, -1, 0
-0.574946, 0.838239, 0, 1
err6 (draw): 0
[DEBUG] Camera position: (599.17, 491.375) zoom: 0.614126 mvpLoc: 1 isProg: 1 err1: 0 err2: 0 err3: 0 err4: 0 err5: 0
MVP passed: 
0.000959571, 0, 0, 0
0, -0.0017059, 0, 0
0, 0, -1, 0
-0.574946, 0.838239, 0, 1
Active MVP in shader: 
0.000959571, 0, 0, 0
0, -0.0017059, 0, 0
0, 0, -1, 0
-0.574946, 0.838239, 0, 1
err6 (draw): 0
[DEBUG] Camera position: (599.17, 491.375) zoom: 0.614126 mvpLoc: 1 isProg: 1 err1: 0 err2: 0 err3: 0 err4: 0 err5: 0
MVP passed: 
0.000959572, 0, 0, 0
0, -0.00170591, 0, 0
0, 0, -1, 0
-0.574947, 0.83824, 0, 1
Active MVP in shader: 
0.000959572, 0, 0, 0
0, -0.00170591, 0, 0
0, 0, -1, 0
-0.574947, 0.83824, 0, 1
err6 (draw): 0
[DEBUG] Camera position: (599.17, 491.375) zoom: 0.614126 mvpLoc: 1 isProg: 1 err1: 0 err2: 0 err3: 0 err4: 0 err5: 0
MVP passed: 
0.000959572, 0, 0, 0
0, -0.00170591, 0, 0
0, 0, -1, 0
-0.574946, 0.838239, 0, 1
Active MVP in shader: 
0.000959572, 0, 0, 0
0, -0.00170591, 0, 0
0, 0, -1, 0
-0.574946, 0.838239, 0, 1
err6 (draw): 0
[DEBUG] Camera position: (599.17, 491.375) zoom: 0.614126 mvpLoc: 1 isProg: 1 err1: 0 err2: 0 err3: 0 err4: 0 err5: 0
MVP passed: 
0.000959571, 0, 0, 0
0, -0.0017059, 0, 0
0, 0, -1, 0
-0.574946, 0.838239, 0, 1
Active MVP in shader: 
0.000959571, 0, 0, 0
0, -0.0017059, 0, 0
0, 0, -1, 0
-0.574946, 0.838239, 0, 1
err6 (draw): 0
[DEBUG] Camera position: (599.17, 491.375) zoom: 0.614125 mvpLoc: 1 isProg: 1 err1: 0 err2: 0 err3: 0 err4: 0 err5: 0
MVP passed: 
0.000959571, 0, 0, 0
0, -0.0017059, 0, 0
0, 0, -1, 0
-0.574946, 0.838238, 0, 1
Active MVP in shader: 
0.000959571, 0, 0, 0
0, -0.0017059, 0, 0
0, 0, -1, 0
-0.574946, 0.838238, 0, 1
err6 (draw): 0
[DEBUG] Camera position: (599.17, 491.375) zoom: 0.614125 mvpLoc: 1 isProg: 1 err1: 0 err2: 0 err3: 0 err4: 0 err5: 0
MVP passed: 
0.000959571, 0, 0, 0
0, -0.0017059, 0, 0
0, 0, -1, 0
-0.574946, 0.838239, 0, 1
Active MVP in shader: 
0.000959571, 0, 0, 0
0, -0.0017059, 0, 0
0, 0, -1, 0
-0.574946, 0.838239, 0, 1
err6 (draw): 0
[DEBUG] Camera position: (599.17, 491.375) zoom: 0.614126 mvpLoc: 1 isProg: 1 err1: 0 err2: 0 err3: 0 err4: 0 err5: 0
MVP passed: 
0.000959571, 0, 0, 0
0, -0.0017059, 0, 0
0, 0, -1, 0
-0.574946, 0.838239, 0, 1
Active MVP in shader: 
0.000959571, 0, 0, 0
0, -0.0017059, 0, 0
0, 0, -1, 0
-0.574946, 0.838239, 0, 1
err6 (draw): 0
[DEBUG] Camera position: (599.169, 491.375) zoom: 0.614125 mvpLoc: 1 isProg: 1 err1: 0 err2: 0 err3: 0 err4: 0 err5: 0
MVP passed: 
0.00095957, 0, 0, 0
0, -0.0017059, 0, 0
0, 0, -1, 0
-0.574945, 0.838238, 0, 1
Active MVP in shader: 
0.00095957, 0, 0, 0
0, -0.0017059, 0, 0
0, 0, -1, 0
-0.574945, 0.838238, 0, 1
err6 (draw): 0
[DEBUG] Camera position: (599.169, 491.375) zoom: 0.614125 mvpLoc: 1 isProg: 1 err1: 0 err2: 0 err3: 0 err4: 0 err5: 0
MVP passed: 
0.000959571, 0, 0, 0
0, -0.0017059, 0, 0
0, 0, -1, 0
-0.574945, 0.838238, 0, 1
Active MVP in shader: 
0.000959571, 0, 0, 0
0, -0.0017059, 0, 0
0, 0, -1, 0
-0.574945, 0.838238, 0, 1
err6 (draw): 0
[INIT] posAttrib: 0 texAttrib: 2
[DEBUG] Camera position: (640, 480) zoom: 1 mvpLoc: 1 isProg: 1 err1: 0 err2: 0 err3: 0 err4: 0 err5: 0
MVP passed: 
0.0015625, 0, 0, 0
0, -0.00277778, 0, 0
0, 0, -1, 0
-1, 1.33333, 0, 1
Active MVP in shader: 
0.0015625, 0, 0, 0
0, -0.00277778, 0, 0
0, 0, -1, 0
-1, 1.33333, 0, 1
err6 (draw): 0
[DEBUG] Camera position: (640, 480) zoom: 1 mvpLoc: 1 isProg: 1 err1: 0 err2: 0 err3: 0 err4: 0 err5: 0
MVP passed: 
0.0015625, 0, 0, 0
0, -0.00277778, 0, 0
0, 0, -1, 0
-1, 1.33333, -0, 1
Active MVP in shader: 
0.0015625, 0, 0, 0
0, -0.00277778, 0, 0
0, 0, -1, 0
-1, 1.33333, -0, 1
err6 (draw): 0
[DEBUG] Camera position: (640, 480) zoom: 1 mvpLoc: 1 isProg: 1 err1: 0 err2: 0 err3: 0 err4: 0 err5: 0
MVP passed: 
0.0015625, 0, 0, 0
0, -0.00277778, 0, 0
0, 0, -1, 0
-1, 1.33333, 0, 1
Active MVP in shader: 
0.0015625, 0, 0, 0
0, -0.00277778, 0, 0
0, 0, -1, 0
-1, 1.33333, 0, 1
err6 (draw): 0
[DEBUG] Camera position: (640, 480) zoom: 1 mvpLoc: 1 isProg: 1 err1: 0 err2: 0 err3: 0 err4: 0 err5: 0
MVP passed: 
0.0015625, 0, 0, 0
0, -0.00277778, 0, 0
0, 0, -1, 0
-1, 1.33333, 0, 1
Active MVP in shader: 
0.0015625, 0, 0, 0
0, -0.00277778, 0, 0
0, 0, -1, 0
-1, 1.33333, 0, 1
err6 (draw): 0
[DEBUG] Camera position: (640, 480) zoom: 1 mvpLoc: 1 isProg: 1 err1: 0 err2: 0 err3: 0 err4: 0 err5: 0
MVP passed: 
0.0015625, 0, 0, 0
0, -0.00277778, 0, 0
0, 0, -1, 0
-1, 1.33333, -0, 1
Active MVP in shader: 
0.0015625, 0, 0, 0
0, -0.00277778, 0, 0
0, 0, -1, 0
-1, 1.33333, -0, 1
err6 (draw): 0
[DEBUG] Camera position: (640, 480) zoom: 1 mvpLoc: 1 isProg: 1 err1: 0 err2: 0 err3: 0 err4: 0 err5: 0
MVP passed: 
0.0015625, 0, 0, 0
0, -0.00277778, 0, 0
0, 0, -1, 0
-1, 1.33333, 0, 1
Active MVP in shader: 
0.0015625, 0, 0, 0
0, -0.00277778, 0, 0
0, 0, -1, 0
-1, 1.33333, 0, 1
err6 (draw): 0
[DEBUG] Camera position: (640, 480) zoom: 1 mvpLoc: 1 isProg: 1 err1: 0 err2: 0 err3: 0 err4: 0 err5: 0
MVP passed: 
0.0015625, 0, 0, 0
0, -0.00277778, 0, 0
0, 0, -1, 0
-1, 1.33333, -0, 1
Active MVP in shader: 
0.0015625, 0, 0, 0
0, -0.00277778, 0, 0
0, 0, -1, 0
-1, 1.33333, -0, 1
err6 (draw): 0
[DEBUG] Camera position: (640, 480) zoom: 1 mvpLoc: 1 isProg: 1 err1: 0 err2: 0 err3: 0 err4: 0 err5: 0
MVP passed: 
0.0015625, 0, 0, 0
0, -0.00277778, 0, 0
0, 0, -1, 0
-1, 1.33333, -0, 1
Active MVP in shader: 
0.0015625, 0, 0, 0
0, -0.00277778, 0, 0
0, 0, -1, 0
-1, 1.33333, -0, 1
err6 (draw): 0
[DEBUG] Camera position: (640, 480) zoom: 1 mvpLoc: 1 isProg: 1 err1: 0 err2: 0 err3: 0 err4: 0 err5: 0
MVP passed: 
0.0015625, 0, 0, 0
0, -0.00277778, 0, 0
0, 0, -1, 0
-1, 1.33333, 0, 1
Active MVP in shader: 
0.0015625, 0, 0, 0
0, -0.00277778, 0, 0
0, 0, -1, 0
-1, 1.33333, 0, 1
err6 (draw): 0
[DEBUG] Camera position: (640.001, 480) zoom: 1 mvpLoc: 1 isProg: 1 err1: 0 err2: 0 err3: 0 err4: 0 err5: 0
MVP passed: 
0.0015625, 0, 0, 0
0, -0.00277778, 0, 0
0, 0, -1, 0
-1, 1.33333, -0, 1
Active MVP in shader: 
0.0015625, 0, 0, 0
0, -0.00277778, 0, 0
0, 0, -1, 0
-1, 1.33333, -0, 1
err6 (draw): 0
[DEBUG] Camera position: (640, 480) zoom: 1 mvpLoc: 1 isProg: 1 err1: 0 err2: 0 err3: 0 err4: 0 err5: 0
MVP passed: 
0.0015625, 0, 0, 0
0, -0.00277778, 0, 0
0, 0, -1, 0
-1, 1.33333, -0, 1
Active MVP in shader: 
0.0015625, 0, 0, 0
0, -0.00277778, 0, 0
0, 0, -1, 0
-1, 1.33333, -0, 1
err6 (draw): 0
[DEBUG] Camera position: (640, 480) zoom: 1 mvpLoc: 1 isProg: 1 err1: 0 err2: 0 err3: 0 err4: 0 err5: 0
MVP passed: 
0.0015625, 0, 0, 0
0, -0.00277778, 0, 0
0, 0, -1, 0
-1, 1.33333, 0, 1
Active MVP in shader: 
0.0015625, 0, 0, 0
0, -0.00277778, 0, 0
0, 0, -1, 0
-1, 1.33333, 0, 1
err6 (draw): 0
[DEBUG] Camera position: (640, 480) zoom: 1 mvpLoc: 1 isProg: 1 err1: 0 err2: 0 err3: 0 err4: 0 err5: 0
MVP passed: 
0.0015625, 0, 0, 0
0, -0.00277778, 0, 0
0, 0, -1, 0
-1, 1.33333, 0, 1
Active MVP in shader: 
0.0015625, 0, 0, 0
0, -0.00277778, 0, 0
0, 0, -1, 0
-1, 1.33333, 0, 1
err6 (draw): 0
[DEBUG] Camera position: (640, 480) zoom: 1 mvpLoc: 1 isProg: 1 err1: 0 err2: 0 err3: 0 err4: 0 err5: 0
MVP passed: 
0.0015625, 0, 0, 0
0, -0.00277778, 0, 0
0, 0, -1, 0
-1, 1.33333, 0, 1
Active MVP in shader: 
0.0015625, 0, 0, 0
0, -0.00277778, 0, 0
0, 0, -1, 0
-1, 1.33333, 0, 1
err6 (draw): 0
[DEBUG] Camera position: (640, 480) zoom: 1 mvpLoc: 1 isProg: 1 err1: 0 err2: 0 err3: 0 err4: 0 err5: 0
MVP passed: 
0.0015625, 0, 0, 0
0, -0.00277778, 0, 0
0, 0, -1, 0
-1, 1.33333, 0, 1
Active MVP in shader: 
0.0015625, 0, 0, 0
0, -0.00277778, 0, 0
0, 0, -1, 0
-1, 1.33333, 0, 1
err6 (draw): 0
[DEBUG] Camera position: (640, 480) zoom: 1 mvpLoc: 1 isProg: 1 err1: 0 err2: 0 err3: 0 err4: 0 err5: 0
MVP passed: 
0.0015625, 0, 0, 0
0, -0.00277778, 0, 0
0, 0, -1, 0
-1, 1.33333, 0, 1
Active MVP in shader: 
0.0015625, 0, 0, 0
0, -0.00277778, 0, 0
0, 0, -1, 0
-1, 1.33333, 0, 1
err6 (draw): 0
[DEBUG] Camera position: (640, 480) zoom: 1 mvpLoc: 1 isProg: 1 err1: 0 err2: 0 err3: 0 err4: 0 err5: 0
MVP passed: 
0.0015625, 0, 0, 0
0, -0.00277778, 0, 0
0, 0, -1, 0
-1, 1.33333, -0, 1
Active MVP in shader: 
0.0015625, 0, 0, 0
0, -0.00277778, 0, 0
0, 0, -1, 0
-1, 1.33333, -0, 1
err6 (draw): 0
[DEBUG] Camera position: (640, 480) zoom: 1 mvpLoc: 1 isProg: 1 err1: 0 err2: 0 err3: 0 err4: 0 err5: 0
MVP passed: 
0.0015625, 0, 0, 0
0, -0.00277778, 0, 0
0, 0, -1, 0
-1, 1.33333, 0, 1
Active MVP in shader: 
0.0015625, 0, 0, 0
0, -0.00277778, 0, 0
0, 0, -1, 0
-1, 1.33333, 0, 1
err6 (draw): 0
[DEBUG] Camera position: (640, 480) zoom: 1 mvpLoc: 1 isProg: 1 err1: 0 err2: 0 err3: 0 err4: 0 err5: 0
MVP passed: 
0.0015625, 0, 0, 0
0, -0.00277778, 0, 0
0, 0, -1, 0
-1, 1.33333, -0, 1
Active MVP in shader: 
0.0015625, 0, 0, 0
0, -0.00277778, 0, 0
0, 0, -1, 0
-1, 1.33333, -0, 1
err6 (draw): 0
[DEBUG] Camera position: (640, 480) zoom: 1 mvpLoc: 1 isProg: 1 err1: 0 err2: 0 err3: 0 err4: 0 err5: 0
MVP passed: 
0.0015625, 0, 0, 0
0, -0.00277778, 0, 0
0, 0, -1, 0
-1, 1.33333, 0, 1
Active MVP in shader: 
0.0015625, 0, 0, 0
0, -0.00277778, 0, 0
0, 0, -1, 0
-1, 1.33333, 0, 1
err6 (draw): 0
[DEBUG] Camera position: (640, 480) zoom: 1 mvpLoc: 1 isProg: 1 err1: 0 err2: 0 err3: 0 err4: 0 err5: 0
MVP passed: 
0.0015625, 0, 0, 0
0, -0.00277778, 0, 0
0, 0, -1, 0
-1, 1.33333, 0, 1
Active MVP in shader: 
0.0015625, 0, 0, 0
0, -0.00277778, 0, 0
0, 0, -1, 0
-1, 1.33333, 0, 1
err6 (draw): 0
[DEBUG] Camera position: (640, 480) zoom: 1 mvpLoc: 1 isProg: 1 err1: 0 err2: 0 err3: 0 err4: 0 err5: 0
MVP passed: 
0.0015625, 0, 0, 0
0, -0.00277778, 0, 0
0, 0, -1, 0
-1, 1.33333, 0, 1
Active MVP in shader: 
0.0015625, 0, 0, 0
0, -0.00277778, 0, 0
0, 0, -1, 0
-1, 1.33333, 0, 1
err6 (draw): 0
[DEBUG] Camera position: (640, 480) zoom: 1 mvpLoc: 1 isProg: 1 err1: 0 err2: 0 err3: 0 err4: 0 err5: 0
MVP passed: 
0.0015625, 0, 0, 0
0, -0.00277778, 0, 0
0, 0, -1, 0
-1, 1.33333, 0, 1
Active MVP in shader: 
0.0015625, 0, 0, 0
0, -0.00277778, 0, 0
0, 0, -1, 0
-1, 1.33333, 0, 1
err6 (draw): 0
[DEBUG] Camera position: (640, 480) zoom: 1 mvpLoc: 1 isProg: 1 err1: 0 err2: 0 err3: 0 err4: 0 err5: 0
MVP passed: 
0.0015625, 0, 0, 0
0, -0.00277778, 0, 0
0, 0, -1, 0
-1, 1.33333, 0, 1
Active MVP in shader: 
0.0015625, 0, 0, 0
0, -0.00277778, 0, 0
0, 0, -1, 0
-1, 1.33333, 0, 1
err6 (draw): 0
[DEBUG] Camera position: (640, 480) zoom: 1 mvpLoc: 1 isProg: 1 err1: 0 err2: 0 err3: 0 err4: 0 err5: 0
MVP passed: 
0.0015625, 0, 0, 0
0, -0.00277778, 0, 0
0, 0, -1, 0
-1, 1.33333, 0, 1
Active MVP in shader: 
0.0015625, 0, 0, 0
0, -0.00277778, 0, 0
0, 0, -1, 0
-1, 1.33333, 0, 1
err6 (draw): 0
[DEBUG] Camera position: (640, 480) zoom: 1 mvpLoc: 1 isProg: 1 err1: 0 err2: 0 err3: 0 err4: 0 err5: 0
MVP passed: 
0.0015625, 0, 0, 0
0, -0.00277778, 0, 0
0, 0, -1, 0
-1, 1.33333, -0, 1
Active MVP in shader: 
0.0015625, 0, 0, 0
0, -0.00277778, 0, 0
0, 0, -1, 0
-1, 1.33333, -0, 1
err6 (draw): 0
[DEBUG] Camera position: (640, 480) zoom: 1 mvpLoc: 1 isProg: 1 err1: 0 err2: 0 err3: 0 err4: 0 err5: 0
MVP passed: 
0.0015625, 0, 0, 0
0, -0.00277778, 0, 0
0, 0, -1, 0
-1, 1.33333, -0, 1
Active MVP in shader: 
0.0015625, 0, 0, 0
0, -0.00277778, 0, 0
0, 0, -1, 0
-1, 1.33333, -0, 1
err6 (draw): 0
[DEBUG] Camera position: (640, 480) zoom: 1 mvpLoc: 1 isProg: 1 err1: 0 err2: 0 err3: 0 err4: 0 err5: 0
MVP passed: 
0.0015625, 0, 0, 0
0, -0.00277778, 0, 0
0, 0, -1, 0
-1, 1.33333, -0, 1
Active MVP in shader: 
0.0015625, 0, 0, 0
0, -0.00277778, 0, 0
0, 0, -1, 0
-1, 1.33333, -0, 1
err6 (draw): 0
[DEBUG] Camera position: (640, 480) zoom: 1 mvpLoc: 1 isProg: 1 err1: 0 err2: 0 err3: 0 err4: 0 err5: 0
MVP passed: 
0.0015625, 0, 0, 0
0, -0.00277778, 0, 0
0, 0, -1, 0
-1, 1.33333, -0, 1
Active MVP in shader: 
0.0015625, 0, 0, 0
0, -0.00277778, 0, 0
0, 0, -1, 0
-1, 1.33333, -0, 1
err6 (draw): 0
[DEBUG] Camera position: (640, 480) zoom: 1 mvpLoc: 1 isProg: 1 err1: 0 err2: 0 err3: 0 err4: 0 err5: 0
MVP passed: 
0.0015625, 0, 0, 0
0, -0.00277778, 0, 0
0, 0, -1, 0
-1, 1.33333, 0, 1
Active MVP in shader: 
0.0015625, 0, 0, 0
0, -0.00277778, 0, 0
0, 0, -1, 0
-1, 1.33333, 0, 1
err6 (draw): 0
[DEBUG] Camera position: (640, 480) zoom: 1 mvpLoc: 1 isProg: 1 err1: 0 err2: 0 err3: 0 err4: 0 err5: 0
MVP passed: 
0.0015625, 0, 0, 0
0, -0.00277778, 0, 0
0, 0, -1, 0
-1, 1.33333, -0, 1
Active MVP in shader: 
0.0015625, 0, 0, 0
0, -0.00277778, 0, 0
0, 0, -1, 0
-1, 1.33333, -0, 1
err6 (draw): 0
[DEBUG] Camera position: (640, 480) zoom: 1 mvpLoc: 1 isProg: 1 err1: 0 err2: 0 err3: 0 err4: 0 err5: 0
MVP passed: 
0.0015625, 0, 0, 0
0, -0.00277778, 0, 0
0, 0, -1, 0
-1, 1.33333, 0, 1
Active MVP in shader: 
0.0015625, 0, 0, 0
0, -0.00277778, 0, 0
0, 0, -1, 0
-1, 1.33333, 0, 1
err6 (draw): 0
[DEBUG] Camera position: (640, 480) zoom: 1 mvpLoc: 1 isProg: 1 err1: 0 err2: 0 err3: 0 err4: 0 err5: 0
MVP passed: 
0.0015625, 0, 0, 0
0, -0.00277778, 0, 0
0, 0, -1, 0
-1, 1.33333, 0, 1
Active MVP in shader: 
0.0015625, 0, 0, 0
0, -0.00277778, 0, 0
0, 0, -1, 0
-1, 1.33333, 0, 1
err6 (draw): 0
[DEBUG] Camera position: (640, 480) zoom: 1 mvpLoc: 1 isProg: 1 err1: 0 err2: 0 err3: 0 err4: 0 err5: 0
MVP passed: 
0.0015625, 0, 0, 0
0, -0.00277778, 0, 0
0, 0, -1, 0
-1, 1.33333, 0, 1
Active MVP in shader: 
0.0015625, 0, 0, 0
0, -0.00277778, 0, 0
0, 0, -1, 0
-1, 1.33333, 0, 1
err6 (draw): 0
[DEBUG] Camera position: (640, 480.001) zoom: 1 mvpLoc: 1 isProg: 1 err1: 0 err2: 0 err3: 0 err4: 0 err5: 0
MVP passed: 
0.0015625, 0, 0, 0
0, -0.00277778, 0, 0
0, 0, -1, 0
-1, 1.33333, -0, 1
Active MVP in shader: 
0.0015625, 0, 0, 0
0, -0.00277778, 0, 0
0, 0, -1, 0
-1, 1.33333, -0, 1
err6 (draw): 0
[DEBUG] Camera position: (640, 480) zoom: 1 mvpLoc: 1 isProg: 1 err1: 0 err2: 0 err3: 0 err4: 0 err5: 0
MVP passed: 
0.0015625, 0, 0, 0
0, -0.00277778, 0, 0
0, 0, -1, 0
-1, 1.33333, -0, 1
Active MVP in shader: 
0.0015625, 0, 0, 0
0, -0.00277778, 0, 0
0, 0, -1, 0
-1, 1.33333, -0, 1
err6 (draw): 0
[DEBUG] Camera position: (640, 480.001) zoom: 1 mvpLoc: 1 isProg: 1 err1: 0 err2: 0 err3: 0 err4: 0 err5: 0
MVP passed: 
0.0015625, 0, 0, 0
0, -0.00277778, 0, 0
0, 0, -1, 0
-1, 1.33333, -0, 1
Active MVP in shader: 
0.0015625, 0, 0, 0
0, -0.00277778, 0, 0
0, 0, -1, 0
-1, 1.33333, -0, 1
err6 (draw): 0
[DEBUG] Camera position: (639.57, 480.13) zoom: 0.995596 mvpLoc: 1 isProg: 1 err1: 0 err2: 0 err3: 0 err4: 0 err5: 0
MVP passed: 
0.00155562, 0, 0, 0
0, -0.00276554, 0, 0
0, 0, -1, 0
-0.994927, 1.32782, 0, 1
Active MVP in shader: 
0.00155562, 0, 0, 0
0, -0.00276554, 0, 0
0, 0, -1, 0
-0.994927, 1.32782, 0, 1
err6 (draw): 0
[DEBUG] Camera position: (635.953, 481.219) zoom: 0.958557 mvpLoc: 1 isProg: 1 err1: 0 err2: 0 err3: 0 err4: 0 err5: 0
MVP passed: 
0.00149775, 0, 0, 0
0, -0.00266266, 0, 0
0, 0, -1, 0
-0.952497, 1.28132, 0, 1
Active MVP in shader: 
0.00149775, 0, 0, 0
0, -0.00266266, 0, 0
0, 0, -1, 0
-0.952497, 1.28132, 0, 1
err6 (draw): 0
[DEBUG] Camera position: (633.024, 482.101) zoom: 0.928564 mvpLoc: 1 isProg: 1 err1: 0 err2: 0 err3: 0 err4: 0 err5: 0
MVP passed: 
0.00145088, 0, 0, 0
0, -0.00257934, 0, 0
0, 0, -1, 0
-0.918443, 1.2435, 0, 1
Active MVP in shader: 
0.00145088, 0, 0, 0
0, -0.00257934, 0, 0
0, 0, -1, 0
-0.918443, 1.2435, 0, 1
err6 (draw): 0
[DEBUG] Camera position: (627.419, 483.297) zoom: 0.879727 mvpLoc: 1 isProg: 1 err1: 0 err2: 0 err3: 0 err4: 0 err5: 0
MVP passed: 
0.00137457, 0, 0, 0
0, -0.00244369, 0, 0
0, 0, -1, 0
-0.862433, 1.18103, 0, 1
Active MVP in shader: 
0.00137457, 0, 0, 0
0, -0.00244369, 0, 0
0, 0, -1, 0
-0.862433, 1.18103, 0, 1
err6 (draw): 0
[DEBUG] Camera position: (622.681, 484.283) zoom: 0.838885 mvpLoc: 1 isProg: 1 err1: 0 err2: 0 err3: 0 err4: 0 err5: 0
MVP passed: 
0.00131076, 0, 0, 0
0, -0.00233024, 0, 0
0, 0, -1, 0
-0.816184, 1.12849, 0, 1
Active MVP in shader: 
0.00131076, 0, 0, 0
0, -0.00233024, 0, 0
0, 0, -1, 0
-0.816184, 1.12849, 0, 1
err6 (draw): 0
[DEBUG] Camera position: (618.791, 485.092) zoom: 0.805355 mvpLoc: 1 isProg: 1 err1: 0 err2: 0 err3: 0 err4: 0 err5: 0
MVP passed: 
0.00125837, 0, 0, 0
0, -0.0022371, 0, 0
0, 0, -1, 0
-0.778667, 1.0852, 0, 1
Active MVP in shader: 
0.00125837, 0, 0, 0
0, -0.0022371, 0, 0
0, 0, -1, 0
-0.778667, 1.0852, 0, 1
err6 (draw): 0
[DEBUG] Camera position: (615.85, 485.704) zoom: 0.779998 mvpLoc: 1 isProg: 1 err1: 0 err2: 0 err3: 0 err4: 0 err5: 0
MVP passed: 
0.00121875, 0, 0, 0
0, -0.00216666, 0, 0
0, 0, -1, 0
-0.750565, 1.05236, 0, 1
Active MVP in shader: 
0.00121875, 0, 0, 0
0, -0.00216666, 0, 0
0, 0, -1, 0
-0.750565, 1.05236, 0, 1
err6 (draw): 0
[DEBUG] Camera position: (613.848, 486.12) zoom: 0.762743 mvpLoc: 1 isProg: 1 err1: 0 err2: 0 err3: 0 err4: 0 err5: 0
MVP passed: 
0.00119179, 0, 0, 0
0, -0.00211873, 0, 0
0, 0, -1, 0
-0.731576, 1.02996, 0, 1
Active MVP in shader: 
0.00119179, 0, 0, 0
0, -0.00211873, 0, 0
0, 0, -1, 0
-0.731576, 1.02996, 0, 1
err6 (draw): 0
[DEBUG] Camera position: (612.578, 486.385) zoom: 0.751793 mvpLoc: 1 isProg: 1 err1: 0 err2: 0 err3: 0 err4: 0 err5: 0
MVP passed: 
0.00117468, 0, 0, 0
0, -0.00208831, 0, 0
0, 0, -1, 0
-0.719581, 1.01572, 0, 1
Active MVP in shader: 
0.00117468, 0, 0, 0
0, -0.00208831, 0, 0
0, 0, -1, 0
-0.719581, 1.01572, 0, 1
err6 (draw): 0
[DEBUG] Camera position: (611.697, 486.568) zoom: 0.744206 mvpLoc: 1 isProg: 1 err1: 0 err2: 0 err3: 0 err4: 0 err5: 0
MVP passed: 
0.00116282, 0, 0, 0
0, -0.00206724, 0, 0
0, 0, -1, 0
-0.711295, 1.00585, 0, 1
Active MVP in shader: 
0.00116282, 0, 0, 0
0, -0.00206724, 0, 0
0, 0, -1, 0
-0.711295, 1.00585, 0, 1
err6 (draw): 0
[DEBUG] Camera position: (611.06, 486.701) zoom: 0.738713 mvpLoc: 1 isProg: 1 err1: 0 err2: 0 err3: 0 err4: 0 err5: 0
MVP passed: 
0.00115424, 0, 0, 0
0, -0.00205198, 0, 0
0, 0, -1, 0
-0.70531, 0.9987, 0, 1
Active MVP in shader: 
0.00115424, 0, 0, 0
0, -0.00205198, 0, 0
0, 0, -1, 0
-0.70531, 0.9987, 0, 1
err6 (draw): 0
[DEBUG] Camera position: (610.56, 486.805) zoom: 0.734395 mvpLoc: 1 isProg: 1 err1: 0 err2: 0 err3: 0 err4: 0 err5: 0
MVP passed: 
0.00114749, 0, 0, 0
0, -0.00203999, 0, 0
0, 0, -1, 0
-0.700613, 0.993075, 0, 1
Active MVP in shader: 
0.00114749, 0, 0, 0
0, -0.00203999, 0, 0
0, 0, -1, 0
-0.700613, 0.993075, 0, 1
err6 (draw): 0
[DEBUG] Camera position: (610.185, 486.882) zoom: 0.731171 mvpLoc: 1 isProg: 1 err1: 0 err2: 0 err3: 0 err4: 0 err5: 0
MVP passed: 
0.00114246, 0, 0, 0
0, -0.00203103, 0, 0
0, 0, -1, 0
-0.69711, 0.988873, 0, 1
Active MVP in shader: 
0.00114246, 0, 0, 0
0, -0.00203103, 0, 0
0, 0, -1, 0
-0.69711, 0.988873, 0, 1
err6 (draw): 0
[DEBUG] Camera position: (609.903, 486.941) zoom: 0.728736 mvpLoc: 1 isProg: 1 err1: 0 err2: 0 err3: 0 err4: 0 err5: 0
MVP passed: 
0.00113865, 0, 0, 0
0, -0.00202427, 0, 0
0, 0, -1, 0
-0.694466, 0.985698, 0, 1
Active MVP in shader: 
0.00113865, 0, 0, 0
0, -0.00202427, 0, 0
0, 0, -1, 0
-0.694466, 0.985698, 0, 1
err6 (draw): 0
[DEBUG] Camera position: (609.689, 486.985) zoom: 0.726887 mvpLoc: 1 isProg: 1 err1: 0 err2: 0 err3: 0 err4: 0 err5: 0
MVP passed: 
0.00113576, 0, 0, 0
0, -0.00201913, 0, 0
0, 0, -1, 0
-0.69246, 0.983286, 0, 1
Active MVP in shader: 
0.00113576, 0, 0, 0
0, -0.00201913, 0, 0
0, 0, -1, 0
-0.69246, 0.983286, 0, 1
err6 (draw): 0
[DEBUG] Camera position: (609.543, 487.015) zoom: 0.725631 mvpLoc: 1 isProg: 1 err1: 0 err2: 0 err3: 0 err4: 0 err5: 0
MVP passed: 
0.0011338, 0, 0, 0
0, -0.00201564, 0, 0
0, 0, -1, 0
-0.691099, 0.981649, 0, 1
Active MVP in shader: 
0.0011338, 0, 0, 0
0, -0.00201564, 0, 0
0, 0, -1, 0
-0.691099, 0.981649, 0, 1
err6 (draw): 0
[DEBUG] Camera position: (609.448, 487.035) zoom: 0.724815 mvpLoc: 1 isProg: 1 err1: 0 err2: 0 err3: 0 err4: 0 err5: 0
MVP passed: 
0.00113252, 0, 0, 0
0, -0.00201337, 0, 0
0, 0, -1, 0
-0.690214, 0.980584, 0, 1
Active MVP in shader: 
0.00113252, 0, 0, 0
0, -0.00201337, 0, 0
0, 0, -1, 0
-0.690214, 0.980584, 0, 1
err6 (draw): 0
[DEBUG] Camera position: (609.374, 487.051) zoom: 0.724177 mvpLoc: 1 isProg: 1 err1: 0 err2: 0 err3: 0 err4: 0 err5: 0
MVP passed: 
0.00113153, 0, 0, 0
0, -0.0020116, 0, 0
0, 0, -1, 0
-0.689523, 0.979752, 0, 1
Active MVP in shader: 
0.00113153, 0, 0, 0
0, -0.0020116, 0, 0
0, 0, -1, 0
-0.689523, 0.979752, 0, 1
err6 (draw): 0
[DEBUG] Camera position: (609.318, 487.062) zoom: 0.723692 mvpLoc: 1 isProg: 1 err1: 0 err2: 0 err3: 0 err4: 0 err5: 0
MVP passed: 
0.00113077, 0, 0, 0
0, -0.00201025, 0, 0
0, 0, -1, 0
-0.688998, 0.979119, 0, 1
Active MVP in shader: 
0.00113077, 0, 0, 0
0, -0.00201025, 0, 0
0, 0, -1, 0
-0.688998, 0.979119, 0, 1
err6 (draw): 0
[DEBUG] Camera position: (609.279, 487.07) zoom: 0.723354 mvpLoc: 1 isProg: 1 err1: 0 err2: 0 err3: 0 err4: 0 err5: 0
MVP passed: 
0.00113024, 0, 0, 0
0, -0.00200932, 0, 0
0, 0, -1, 0
-0.688632, 0.978679, 0, 1
Active MVP in shader: 
0.00113024, 0, 0, 0
0, -0.00200932, 0, 0
0, 0, -1, 0
-0.688632, 0.978679, 0, 1
err6 (draw): 0
[DEBUG] Camera position: (609.251, 487.076) zoom: 0.723114 mvpLoc: 1 isProg: 1 err1: 0 err2: 0 err3: 0 err4: 0 err5: 0
MVP passed: 
0.00112987, 0, 0, 0
0, -0.00200865, 0, 0
0, 0, -1, 0
-0.688372, 0.978366, 0, 1
Active MVP in shader: 
0.00112987, 0, 0, 0
0, -0.00200865, 0, 0
0, 0, -1, 0
-0.688372, 0.978366, 0, 1
err6 (draw): 0
[DEBUG] Camera position: (609.231, 487.081) zoom: 0.722943 mvpLoc: 1 isProg: 1 err1: 0 err2: 0 err3: 0 err4: 0 err5: 0
MVP passed: 
0.0011296, 0, 0, 0
0, -0.00200817, 0, 0
0, 0, -1, 0
-0.688186, 0.978142, 0, 1
Active MVP in shader: 
0.0011296, 0, 0, 0
0, -0.00200817, 0, 0
0, 0, -1, 0
-0.688186, 0.978142, 0, 1
err6 (draw): 0
[DEBUG] Camera position: (609.216, 487.084) zoom: 0.722813 mvpLoc: 1 isProg: 1 err1: 0 err2: 0 err3: 0 err4: 0 err5: 0
MVP passed: 
0.0011294, 0, 0, 0
0, -0.00200781, 0, 0
0, 0, -1, 0
-0.688046, 0.977974, 0, 1
Active MVP in shader: 
0.0011294, 0, 0, 0
0, -0.00200781, 0, 0
0, 0, -1, 0
-0.688046, 0.977974, 0, 1
err6 (draw): 0
[DEBUG] Camera position: (609.206, 487.086) zoom: 0.722728 mvpLoc: 1 isProg: 1 err1: 0 err2: 0 err3: 0 err4: 0 err5: 0
MVP passed: 
0.00112926, 0, 0, 0
0, -0.00200758, 0, 0
0, 0, -1, 0
-0.687954, 0.977863, 0, 1
Active MVP in shader: 
0.00112926, 0, 0, 0
0, -0.00200758, 0, 0
0, 0, -1, 0
-0.687954, 0.977863, 0, 1
err6 (draw): 0
[DEBUG] Camera position: (609.2, 487.087) zoom: 0.722675 mvpLoc: 1 isProg: 1 err1: 0 err2: 0 err3: 0 err4: 0 err5: 0
MVP passed: 
0.00112918, 0, 0, 0
0, -0.00200743, 0, 0
0, 0, -1, 0
-0.687896, 0.977794, 0, 1
Active MVP in shader: 
0.00112918, 0, 0, 0
0, -0.00200743, 0, 0
0, 0, -1, 0
-0.687896, 0.977794, 0, 1
err6 (draw): 0
[DEBUG] Camera position: (609.194, 487.088) zoom: 0.72263 mvpLoc: 1 isProg: 1 err1: 0 err2: 0 err3: 0 err4: 0 err5: 0
MVP passed: 
0.00112911, 0, 0, 0
0, -0.0020073, 0, 0
0, 0, -1, 0
-0.687847, 0.977734, 0, 1
Active MVP in shader: 
0.00112911, 0, 0, 0
0, -0.0020073, 0, 0
0, 0, -1, 0
-0.687847, 0.977734, 0, 1
err6 (draw): 0
[DEBUG] Camera position: (609.19, 487.089) zoom: 0.722594 mvpLoc: 1 isProg: 1 err1: 0 err2: 0 err3: 0 err4: 0 err5: 0
MVP passed: 
0.00112905, 0, 0, 0
0, -0.00200721, 0, 0
0, 0, -1, 0
-0.687809, 0.977688, 0, 1
Active MVP in shader: 
0.00112905, 0, 0, 0
0, -0.00200721, 0, 0
0, 0, -1, 0
-0.687809, 0.977688, 0, 1
err6 (draw): 0
[DEBUG] Camera position: (609.187, 487.09) zoom: 0.722568 mvpLoc: 1 isProg: 1 err1: 0 err2: 0 err3: 0 err4: 0 err5: 0
MVP passed: 
0.00112901, 0, 0, 0
0, -0.00200713, 0, 0
0, 0, -1, 0
-0.68778, 0.977654, 0, 1
Active MVP in shader: 
0.00112901, 0, 0, 0
0, -0.00200713, 0, 0
0, 0, -1, 0
-0.68778, 0.977654, 0, 1
err6 (draw): 0
[DEBUG] Camera position: (609.185, 487.09) zoom: 0.722549 mvpLoc: 1 isProg: 1 err1: 0 err2: 0 err3: 0 err4: 0 err5: 0
MVP passed: 
0.00112898, 0, 0, 0
0, -0.00200708, 0, 0
0, 0, -1, 0
-0.68776, 0.977629, 0, 1
Active MVP in shader: 
0.00112898, 0, 0, 0
0, -0.00200708, 0, 0
0, 0, -1, 0
-0.68776, 0.977629, 0, 1
err6 (draw): 0
[DEBUG] Camera position: (609.184, 487.09) zoom: 0.722535 mvpLoc: 1 isProg: 1 err1: 0 err2: 0 err3: 0 err4: 0 err5: 0
MVP passed: 
0.00112896, 0, 0, 0
0, -0.00200704, 0, 0
0, 0, -1, 0
-0.687745, 0.977611, 0, 1
Active MVP in shader: 
0.00112896, 0, 0, 0
0, -0.00200704, 0, 0
0, 0, -1, 0
-0.687745, 0.977611, 0, 1
err6 (draw): 0
[DEBUG] Camera position: (609.182, 487.09) zoom: 0.722525 mvpLoc: 1 isProg: 1 err1: 0 err2: 0 err3: 0 err4: 0 err5: 0
MVP passed: 
0.00112894, 0, 0, 0
0, -0.00200701, 0, 0
0, 0, -1, 0
-0.687733, 0.977597, 0, 1
Active MVP in shader: 
0.00112894, 0, 0, 0
0, -0.00200701, 0, 0
0, 0, -1, 0
-0.687733, 0.977597, 0, 1
err6 (draw): 0
[DEBUG] Camera position: (609.182, 487.091) zoom: 0.722518 mvpLoc: 1 isProg: 1 err1: 0 err2: 0 err3: 0 err4: 0 err5: 0
MVP passed: 
0.00112893, 0, 0, 0
0, -0.00200699, 0, 0
0, 0, -1, 0
-0.687726, 0.977588, 0, 1
Active MVP in shader: 
0.00112893, 0, 0, 0
0, -0.00200699, 0, 0
0, 0, -1, 0
-0.687726, 0.977588, 0, 1
err6 (draw): 0
[DEBUG] Camera position: (609.181, 487.091) zoom: 0.722513 mvpLoc: 1 isProg: 1 err1: 0 err2: 0 err3: 0 err4: 0 err5: 0
MVP passed: 
0.00112893, 0, 0, 0
0, -0.00200698, 0, 0
0, 0, -1, 0
-0.687721, 0.977582, 0, 1
Active MVP in shader: 
0.00112893, 0, 0, 0
0, -0.00200698, 0, 0
0, 0, -1, 0
-0.687721, 0.977582, 0, 1
err6 (draw): 0
[DEBUG] Camera position: (609.181, 487.091) zoom: 0.72251 mvpLoc: 1 isProg: 1 err1: 0 err2: 0 err3: 0 err4: 0 err5: 0
MVP passed: 
0.00112892, 0, 0, 0
0, -0.00200697, 0, 0
0, 0, -1, 0
-0.687718, 0.977578, 0, 1
Active MVP in shader: 
0.00112892, 0, 0, 0
0, -0.00200697, 0, 0
0, 0, -1, 0
-0.687718, 0.977578, 0, 1
err6 (draw): 0
[DEBUG] Camera position: (609.181, 487.091) zoom: 0.722507 mvpLoc: 1 isProg: 1 err1: 0 err2: 0 err3: 0 err4: 0 err5: 0
MVP passed: 
0.00112892, 0, 0, 0
0, -0.00200696, 0, 0
0, 0, -1, 0
-0.687714, 0.977574, 0, 1
Active MVP in shader: 
0.00112892, 0, 0, 0
0, -0.00200696, 0, 0
0, 0, -1, 0
-0.687714, 0.977574, 0, 1
err6 (draw): 0
[DEBUG] Camera position: (609.18, 487.091) zoom: 0.722505 mvpLoc: 1 isProg: 1 err1: 0 err2: 0 err3: 0 err4: 0 err5: 0
MVP passed: 
0.00112891, 0, 0, 0
0, -0.00200696, 0, 0
0, 0, -1, 0
-0.687712, 0.977571, 0, 1
Active MVP in shader: 
0.00112891, 0, 0, 0
0, -0.00200696, 0, 0
0, 0, -1, 0
-0.687712, 0.977571, 0, 1
err6 (draw): 0
[DEBUG] Camera position: (609.18, 487.091) zoom: 0.722503 mvpLoc: 1 isProg: 1 err1: 0 err2: 0 err3: 0 err4: 0 err5: 0
MVP passed: 
0.00112891, 0, 0, 0
0, -0.00200695, 0, 0
0, 0, -1, 0
-0.687711, 0.977569, 0, 1
Active MVP in shader: 
0.00112891, 0, 0, 0
0, -0.00200695, 0, 0
0, 0, -1, 0
-0.687711, 0.977569, 0, 1
err6 (draw): 0
[DEBUG] Camera position: (609.18, 487.091) zoom: 0.722503 mvpLoc: 1 isProg: 1 err1: 0 err2: 0 err3: 0 err4: 0 err5: 0
MVP passed: 
0.00112891, 0, 0, 0
0, -0.00200695, 0, 0
0, 0, -1, 0
-0.68771, 0.977569, 0, 1
Active MVP in shader: 
0.00112891, 0, 0, 0
0, -0.00200695, 0, 0
0, 0, -1, 0
-0.68771, 0.977569, 0, 1
err6 (draw): 0
[DEBUG] Camera position: (609.18, 487.091) zoom: 0.722502 mvpLoc: 1 isProg: 1 err1: 0 err2: 0 err3: 0 err4: 0 err5: 0
MVP passed: 
0.00112891, 0, 0, 0
0, -0.00200695, 0, 0
0, 0, -1, 0
-0.687709, 0.977568, 0, 1
Active MVP in shader: 
0.00112891, 0, 0, 0
0, -0.00200695, 0, 0
0, 0, -1, 0
-0.687709, 0.977568, 0, 1
err6 (draw): 0
[DEBUG] Camera position: (609.18, 487.091) zoom: 0.722502 mvpLoc: 1 isProg: 1 err1: 0 err2: 0 err3: 0 err4: 0 err5: 0
MVP passed: 
0.00112891, 0, 0, 0
0, -0.00200695, 0, 0
0, 0, -1, 0
-0.687709, 0.977567, 0, 1
Active MVP in shader: 
0.00112891, 0, 0, 0
0, -0.00200695, 0, 0
0, 0, -1, 0
-0.687709, 0.977567, 0, 1
err6 (draw): 0
[DEBUG] Camera position: (609.18, 487.091) zoom: 0.722501 mvpLoc: 1 isProg: 1 err1: 0 err2: 0 err3: 0 err4: 0 err5: 0
MVP passed: 
0.00112891, 0, 0, 0
0, -0.00200695, 0, 0
0, 0, -1, 0
-0.687708, 0.977567, 0, 1
Active MVP in shader: 
0.00112891, 0, 0, 0
0, -0.00200695, 0, 0
0, 0, -1, 0
-0.687708, 0.977567, 0, 1
err6 (draw): 0
[DEBUG] Camera position: (609.18, 487.091) zoom: 0.7225 mvpLoc: 1 isProg: 1 err1: 0 err2: 0 err3: 0 err4: 0 err5: 0
MVP passed: 
0.00112891, 0, 0, 0
0, -0.00200695, 0, 0
0, 0, -1, 0
-0.687707, 0.977565, 0, 1
Active MVP in shader: 
0.00112891, 0, 0, 0
0, -0.00200695, 0, 0
0, 0, -1, 0
-0.687707, 0.977565, 0, 1
err6 (draw): 0
[DEBUG] Camera position: (609.18, 487.091) zoom: 0.722501 mvpLoc: 1 isProg: 1 err1: 0 err2: 0 err3: 0 err4: 0 err5: 0
MVP passed: 
0.00112891, 0, 0, 0
0, -0.00200695, 0, 0
0, 0, -1, 0
-0.687707, 0.977566, 0, 1
Active MVP in shader: 
0.00112891, 0, 0, 0
0, -0.00200695, 0, 0
0, 0, -1, 0
-0.687707, 0.977566, 0, 1
err6 (draw): 0
[DEBUG] Camera position: (609.18, 487.091) zoom: 0.7225 mvpLoc: 1 isProg: 1 err1: 0 err2: 0 err3: 0 err4: 0 err5: 0
MVP passed: 
0.00112891, 0, 0, 0
0, -0.00200695, 0, 0
0, 0, -1, 0
-0.687707, 0.977565, 0, 1
Active MVP in shader: 
0.00112891, 0, 0, 0
0, -0.00200695, 0, 0
0, 0, -1, 0
-0.687707, 0.977565, 0, 1
err6 (draw): 0
[DEBUG] Camera position: (609.18, 487.091) zoom: 0.7225 mvpLoc: 1 isProg: 1 err1: 0 err2: 0 err3: 0 err4: 0 err5: 0
MVP passed: 
0.00112891, 0, 0, 0
0, -0.00200695, 0, 0
0, 0, -1, 0
-0.687707, 0.977566, 0, 1
Active MVP in shader: 
0.00112891, 0, 0, 0
0, -0.00200695, 0, 0
0, 0, -1, 0
-0.687707, 0.977566, 0, 1
err6 (draw): 0
[DEBUG] Camera position: (609.18, 487.091) zoom: 0.722501 mvpLoc: 1 isProg: 1 err1: 0 err2: 0 err3: 0 err4: 0 err5: 0
MVP passed: 
0.00112891, 0, 0, 0
0, -0.00200695, 0, 0
0, 0, -1, 0
-0.687708, 0.977567, 0, 1
Active MVP in shader: 
0.00112891, 0, 0, 0
0, -0.00200695, 0, 0
0, 0, -1, 0
-0.687708, 0.977567, 0, 1
err6 (draw): 0
[DEBUG] Camera position: (609.18, 487.092) zoom: 0.722501 mvpLoc: 1 isProg: 1 err1: 0 err2: 0 err3: 0 err4: 0 err5: 0
MVP passed: 
0.00112891, 0, 0, 0
0, -0.00200695, 0, 0
0, 0, -1, 0
-0.687708, 0.977567, 0, 1
Active MVP in shader: 
0.00112891, 0, 0, 0
0, -0.00200695, 0, 0
0, 0, -1, 0
-0.687708, 0.977567, 0, 1
err6 (draw): 0
[DEBUG] Camera position: (609.18, 487.092) zoom: 0.722501 mvpLoc: 1 isProg: 1 err1: 0 err2: 0 err3: 0 err4: 0 err5: 0
MVP passed: 
0.00112891, 0, 0, 0
0, -0.00200695, 0, 0
0, 0, -1, 0
-0.687708, 0.977567, 0, 1
Active MVP in shader: 
0.00112891, 0, 0, 0
0, -0.00200695, 0, 0
0, 0, -1, 0
-0.687708, 0.977567, 0, 1
err6 (draw): 0
[DEBUG] Camera position: (609.18, 487.092) zoom: 0.722502 mvpLoc: 1 isProg: 1 err1: 0 err2: 0 err3: 0 err4: 0 err5: 0
MVP passed: 
0.00112891, 0, 0, 0
0, -0.00200695, 0, 0
0, 0, -1, 0
-0.687709, 0.977569, 0, 1
Active MVP in shader: 
0.00112891, 0, 0, 0
0, -0.00200695, 0, 0
0, 0, -1, 0
-0.687709, 0.977569, 0, 1
err6 (draw): 0
[DEBUG] Camera position: (609.18, 487.092) zoom: 0.722502 mvpLoc: 1 isProg: 1 err1: 0 err2: 0 err3: 0 err4: 0 err5: 0
MVP passed: 
0.00112891, 0, 0, 0
0, -0.00200695, 0, 0
0, 0, -1, 0
-0.687709, 0.977569, 0, 1
Active MVP in shader: 
0.00112891, 0, 0, 0
0, -0.00200695, 0, 0
0, 0, -1, 0
-0.687709, 0.977569, 0, 1
err6 (draw): 0
[DEBUG] Camera position: (609.18, 487.092) zoom: 0.722502 mvpLoc: 1 isProg: 1 err1: 0 err2: 0 err3: 0 err4: 0 err5: 0
MVP passed: 
0.00112891, 0, 0, 0
0, -0.00200695, 0, 0
0, 0, -1, 0
-0.687709, 0.977568, 0, 1
Active MVP in shader: 
0.00112891, 0, 0, 0
0, -0.00200695, 0, 0
0, 0, -1, 0
-0.687709, 0.977568, 0, 1
err6 (draw): 0
[DEBUG] Camera position: (609.18, 487.092) zoom: 0.722502 mvpLoc: 1 isProg: 1 err1: 0 err2: 0 err3: 0 err4: 0 err5: 0
MVP passed: 
0.00112891, 0, 0, 0
0, -0.00200695, 0, 0
0, 0, -1, 0
-0.687709, 0.977569, 0, 1
Active MVP in shader: 
0.00112891, 0, 0, 0
0, -0.00200695, 0, 0
0, 0, -1, 0
-0.687709, 0.977569, 0, 1
err6 (draw): 0
[DEBUG] Camera position: (609.18, 487.092) zoom: 0.722502 mvpLoc: 1 isProg: 1 err1: 0 err2: 0 err3: 0 err4: 0 err5: 0
MVP passed: 
0.00112891, 0, 0, 0
0, -0.00200695, 0, 0
0, 0, -1, 0
-0.687708, 0.977568, 0, 1
Active MVP in shader: 
0.00112891, 0, 0, 0
0, -0.00200695, 0, 0
0, 0, -1, 0
-0.687708, 0.977568, 0, 1
err6 (draw): 0
[DEBUG] Camera position: (609.18, 487.092) zoom: 0.722501 mvpLoc: 1 isProg: 1 err1: 0 err2: 0 err3: 0 err4: 0 err5: 0
MVP passed: 
0.00112891, 0, 0, 0
0, -0.00200695, 0, 0
0, 0, -1, 0
-0.687708, 0.977568, 0, 1
Active MVP in shader: 
0.00112891, 0, 0, 0
0, -0.00200695, 0, 0
0, 0, -1, 0
-0.687708, 0.977568, 0, 1
err6 (draw): 0
[DEBUG] Camera position: (609.18, 487.092) zoom: 0.722501 mvpLoc: 1 isProg: 1 err1: 0 err2: 0 err3: 0 err4: 0 err5: 0
MVP passed: 
0.00112891, 0, 0, 0
0, -0.00200695, 0, 0
0, 0, -1, 0
-0.687708, 0.977567, 0, 1
Active MVP in shader: 
0.00112891, 0, 0, 0
0, -0.00200695, 0, 0
0, 0, -1, 0
-0.687708, 0.977567, 0, 1
err6 (draw): 0
[DEBUG] Camera position: (609.18, 487.092) zoom: 0.722501 mvpLoc: 1 isProg: 1 err1: 0 err2: 0 err3: 0 err4: 0 err5: 0
MVP passed: 
0.00112891, 0, 0, 0
0, -0.00200695, 0, 0
0, 0, -1, 0
-0.687708, 0.977567, 0, 1
Active MVP in shader: 
0.00112891, 0, 0, 0
0, -0.00200695, 0, 0
0, 0, -1, 0
-0.687708, 0.977567, 0, 1
err6 (draw): 0
[DEBUG] Camera position: (609.18, 487.092) zoom: 0.722501 mvpLoc: 1 isProg: 1 err1: 0 err2: 0 err3: 0 err4: 0 err5: 0
MVP passed: 
0.00112891, 0, 0, 0
0, -0.00200695, 0, 0
0, 0, -1, 0
-0.687708, 0.977567, 0, 1
Active MVP in shader: 
0.00112891, 0, 0, 0
0, -0.00200695, 0, 0
0, 0, -1, 0
-0.687708, 0.977567, 0, 1
err6 (draw): 0
[DEBUG] Camera position: (609.18, 487.092) zoom: 0.722501 mvpLoc: 1 isProg: 1 err1: 0 err2: 0 err3: 0 err4: 0 err5: 0
MVP passed: 
0.00112891, 0, 0, 0
0, -0.00200695, 0, 0
0, 0, -1, 0
-0.687708, 0.977567, 0, 1
Active MVP in shader: 
0.00112891, 0, 0, 0
0, -0.00200695, 0, 0
0, 0, -1, 0
-0.687708, 0.977567, 0, 1
err6 (draw): 0
[DEBUG] Camera position: (609.18, 487.092) zoom: 0.7225 mvpLoc: 1 isProg: 1 err1: 0 err2: 0 err3: 0 err4: 0 err5: 0
MVP passed: 
0.00112891, 0, 0, 0
0, -0.00200695, 0, 0
0, 0, -1, 0
-0.687708, 0.977567, 0, 1
Active MVP in shader: 
0.00112891, 0, 0, 0
0, -0.00200695, 0, 0
0, 0, -1, 0
-0.687708, 0.977567, 0, 1
err6 (draw): 0
[DEBUG] Camera position: (609.18, 487.092) zoom: 0.7225 mvpLoc: 1 isProg: 1 err1: 0 err2: 0 err3: 0 err4: 0 err5: 0
MVP passed: 
0.00112891, 0, 0, 0
0, -0.00200694, 0, 0
0, 0, -1, 0
-0.687707, 0.977567, 0, 1
Active MVP in shader: 
0.00112891, 0, 0, 0
0, -0.00200694, 0, 0
0, 0, -1, 0
-0.687707, 0.977567, 0, 1
err6 (draw): 0
[DEBUG] Camera position: (609.18, 487.092) zoom: 0.7225 mvpLoc: 1 isProg: 1 err1: 0 err2: 0 err3: 0 err4: 0 err5: 0
MVP passed: 
0.00112891, 0, 0, 0
0, -0.00200694, 0, 0
0, 0, -1, 0
-0.687707, 0.977567, 0, 1
Active MVP in shader: 
0.00112891, 0, 0, 0
0, -0.00200694, 0, 0
0, 0, -1, 0
-0.687707, 0.977567, 0, 1
err6 (draw): 0
[DEBUG] Camera position: (609.18, 487.092) zoom: 0.7225 mvpLoc: 1 isProg: 1 err1: 0 err2: 0 err3: 0 err4: 0 err5: 0
MVP passed: 
0.00112891, 0, 0, 0
0, -0.00200695, 0, 0
0, 0, -1, 0
-0.687708, 0.977567, 0, 1
Active MVP in shader: 
0.00112891, 0, 0, 0
0, -0.00200695, 0, 0
0, 0, -1, 0
-0.687708, 0.977567, 0, 1
err6 (draw): 0
[DEBUG] Camera position: (609.18, 487.092) zoom: 0.722501 mvpLoc: 1 isProg: 1 err1: 0 err2: 0 err3: 0 err4: 0 err5: 0
MVP passed: 
0.00112891, 0, 0, 0
0, -0.00200695, 0, 0
0, 0, -1, 0
-0.687708, 0.977567, 0, 1
Active MVP in shader: 
0.00112891, 0, 0, 0
0, -0.00200695, 0, 0
0, 0, -1, 0
-0.687708, 0.977567, 0, 1
err6 (draw): 0
[DEBUG] Camera position: (609.18, 487.092) zoom: 0.722501 mvpLoc: 1 isProg: 1 err1: 0 err2: 0 err3: 0 err4: 0 err5: 0
MVP passed: 
0.00112891, 0, 0, 0
0, -0.00200695, 0, 0
0, 0, -1, 0
-0.687708, 0.977567, 0, 1
Active MVP in shader: 
0.00112891, 0, 0, 0
0, -0.00200695, 0, 0
0, 0, -1, 0
-0.687708, 0.977567, 0, 1
err6 (draw): 0
[DEBUG] Camera position: (609.18, 487.092) zoom: 0.7225 mvpLoc: 1 isProg: 1 err1: 0 err2: 0 err3: 0 err4: 0 err5: 0
MVP passed: 
0.00112891, 0, 0, 0
0, -0.00200694, 0, 0
0, 0, -1, 0
-0.687707, 0.977566, 0, 1
Active MVP in shader: 
0.00112891, 0, 0, 0
0, -0.00200694, 0, 0
0, 0, -1, 0
-0.687707, 0.977566, 0, 1
err6 (draw): 0
[DEBUG] Camera position: (609.18, 487.092) zoom: 0.7225 mvpLoc: 1 isProg: 1 err1: 0 err2: 0 err3: 0 err4: 0 err5: 0
MVP passed: 
0.00112891, 0, 0, 0
0, -0.00200694, 0, 0
0, 0, -1, 0
-0.687707, 0.977566, 0, 1
Active MVP in shader: 
0.00112891, 0, 0, 0
0, -0.00200694, 0, 0
0, 0, -1, 0
-0.687707, 0.977566, 0, 1
err6 (draw): 0
[DEBUG] Camera position: (609.18, 487.091) zoom: 0.7225 mvpLoc: 1 isProg: 1 err1: 0 err2: 0 err3: 0 err4: 0 err5: 0
MVP passed: 
0.00112891, 0, 0, 0
0, -0.00200694, 0, 0
0, 0, -1, 0
-0.687707, 0.977565, 0, 1
Active MVP in shader: 
0.00112891, 0, 0, 0
0, -0.00200694, 0, 0
0, 0, -1, 0
-0.687707, 0.977565, 0, 1
err6 (draw): 0
[DEBUG] Camera position: (609.18, 487.092) zoom: 0.7225 mvpLoc: 1 isProg: 1 err1: 0 err2: 0 err3: 0 err4: 0 err5: 0
MVP passed: 
0.00112891, 0, 0, 0
0, -0.00200695, 0, 0
0, 0, -1, 0
-0.687707, 0.977566, 0, 1
Active MVP in shader: 
0.00112891, 0, 0, 0
0, -0.00200695, 0, 0
0, 0, -1, 0
-0.687707, 0.977566, 0, 1
err6 (draw): 0
[DEBUG] Camera position: (609.18, 487.091) zoom: 0.7225 mvpLoc: 1 isProg: 1 err1: 0 err2: 0 err3: 0 err4: 0 err5: 0
MVP passed: 
0.00112891, 0, 0, 0
0, -0.00200694, 0, 0
0, 0, -1, 0
-0.687707, 0.977566, 0, 1
Active MVP in shader: 
0.00112891, 0, 0, 0
0, -0.00200694, 0, 0
0, 0, -1, 0
-0.687707, 0.977566, 0, 1
err6 (draw): 0
[DEBUG] Camera position: (609.18, 487.091) zoom: 0.7225 mvpLoc: 1 isProg: 1 err1: 0 err2: 0 err3: 0 err4: 0 err5: 0
MVP passed: 
0.00112891, 0, 0, 0
0, -0.00200694, 0, 0
0, 0, -1, 0
-0.687707, 0.977565, 0, 1
Active MVP in shader: 
0.00112891, 0, 0, 0
0, -0.00200694, 0, 0
0, 0, -1, 0
-0.687707, 0.977565, 0, 1
err6 (draw): 0
[DEBUG] Camera position: (609.18, 487.091) zoom: 0.7225 mvpLoc: 1 isProg: 1 err1: 0 err2: 0 err3: 0 err4: 0 err5: 0
MVP passed: 
0.00112891, 0, 0, 0
0, -0.00200694, 0, 0
0, 0, -1, 0
-0.687707, 0.977565, 0, 1
Active MVP in shader: 
0.00112891, 0, 0, 0
0, -0.00200694, 0, 0
0, 0, -1, 0
-0.687707, 0.977565, 0, 1
err6 (draw): 0
[DEBUG] Camera position: (609.18, 487.092) zoom: 0.722499 mvpLoc: 1 isProg: 1 err1: 0 err2: 0 err3: 0 err4: 0 err5: 0
MVP passed: 
0.00112891, 0, 0, 0
0, -0.00200694, 0, 0
0, 0, -1, 0
-0.687706, 0.977565, 0, 1
Active MVP in shader: 
0.00112891, 0, 0, 0
0, -0.00200694, 0, 0
0, 0, -1, 0
-0.687706, 0.977565, 0, 1
err6 (draw): 0
[DEBUG] Camera position: (609.18, 487.092) zoom: 0.7225 mvpLoc: 1 isProg: 1 err1: 0 err2: 0 err3: 0 err4: 0 err5: 0
MVP passed: 
0.00112891, 0, 0, 0
0, -0.00200694, 0, 0
0, 0, -1, 0
-0.687707, 0.977566, 0, 1
Active MVP in shader: 
0.00112891, 0, 0, 0
0, -0.00200694, 0, 0
0, 0, -1, 0
-0.687707, 0.977566, 0, 1
err6 (draw): 0
[DEBUG] Camera position: (609.18, 487.092) zoom: 0.7225 mvpLoc: 1 isProg: 1 err1: 0 err2: 0 err3: 0 err4: 0 err5: 0
MVP passed: 
0.00112891, 0, 0, 0
0, -0.00200695, 0, 0
0, 0, -1, 0
-0.687708, 0.977567, 0, 1
Active MVP in shader: 
0.00112891, 0, 0, 0
0, -0.00200695, 0, 0
0, 0, -1, 0
-0.687708, 0.977567, 0, 1
err6 (draw): 0
[DEBUG] Camera position: (609.181, 487.092) zoom: 0.722501 mvpLoc: 1 isProg: 1 err1: 0 err2: 0 err3: 0 err4: 0 err5: 0
MVP passed: 
0.00112891, 0, 0, 0
0, -0.00200695, 0, 0
0, 0, -1, 0
-0.687708, 0.977567, 0, 1
Active MVP in shader: 
0.00112891, 0, 0, 0
0, -0.00200695, 0, 0
0, 0, -1, 0
-0.687708, 0.977567, 0, 1
err6 (draw): 0
[DEBUG] Camera position: (609.18, 487.092) zoom: 0.722501 mvpLoc: 1 isProg: 1 err1: 0 err2: 0 err3: 0 err4: 0 err5: 0
MVP passed: 
0.00112891, 0, 0, 0
0, -0.00200695, 0, 0
0, 0, -1, 0
-0.687708, 0.977567, 0, 1
Active MVP in shader: 
0.00112891, 0, 0, 0
0, -0.00200695, 0, 0
0, 0, -1, 0
-0.687708, 0.977567, 0, 1
err6 (draw): 0
[DEBUG] Camera position: (609.18, 487.092) zoom: 0.722501 mvpLoc: 1 isProg: 1 err1: 0 err2: 0 err3: 0 err4: 0 err5: 0
MVP passed: 
0.00112891, 0, 0, 0
0, -0.00200695, 0, 0
0, 0, -1, 0
-0.687708, 0.977567, 0, 1
Active MVP in shader: 
0.00112891, 0, 0, 0
0, -0.00200695, 0, 0
0, 0, -1, 0
-0.687708, 0.977567, 0, 1
err6 (draw): 0
[DEBUG] Camera position: (609.18, 487.092) zoom: 0.722502 mvpLoc: 1 isProg: 1 err1: 0 err2: 0 err3: 0 err4: 0 err5: 0
MVP passed: 
0.00112891, 0, 0, 0
0, -0.00200695, 0, 0
0, 0, -1, 0
-0.687709, 0.977568, 0, 1
Active MVP in shader: 
0.00112891, 0, 0, 0
0, -0.00200695, 0, 0
0, 0, -1, 0
-0.687709, 0.977568, 0, 1
err6 (draw): 0
[DEBUG] Camera position: (609.18, 487.092) zoom: 0.722502 mvpLoc: 1 isProg: 1 err1: 0 err2: 0 err3: 0 err4: 0 err5: 0
MVP passed: 
0.00112891, 0, 0, 0
0, -0.00200695, 0, 0
0, 0, -1, 0
-0.687709, 0.977568, 0, 1
Active MVP in shader: 
0.00112891, 0, 0, 0
0, -0.00200695, 0, 0
0, 0, -1, 0
-0.687709, 0.977568, 0, 1
err6 (draw): 0
[DEBUG] Camera position: (609.18, 487.092) zoom: 0.722502 mvpLoc: 1 isProg: 1 err1: 0 err2: 0 err3: 0 err4: 0 err5: 0
MVP passed: 
0.00112891, 0, 0, 0
0, -0.00200695, 0, 0
0, 0, -1, 0
-0.687709, 0.977568, 0, 1
Active MVP in shader: 
0.00112891, 0, 0, 0
0, -0.00200695, 0, 0
0, 0, -1, 0
-0.687709, 0.977568, 0, 1
err6 (draw): 0
[DEBUG] Camera position: (609.18, 487.091) zoom: 0.722501 mvpLoc: 1 isProg: 1 err1: 0 err2: 0 err3: 0 err4: 0 err5: 0
MVP passed: 
0.00112891, 0, 0, 0
0, -0.00200695, 0, 0
0, 0, -1, 0
-0.687709, 0.977568, 0, 1
Active MVP in shader: 
0.00112891, 0, 0, 0
0, -0.00200695, 0, 0
0, 0, -1, 0
-0.687709, 0.977568, 0, 1
err6 (draw): 0
[DEBUG] Camera position: (609.18, 487.091) zoom: 0.722501 mvpLoc: 1 isProg: 1 err1: 0 err2: 0 err3: 0 err4: 0 err5: 0
MVP passed: 
0.00112891, 0, 0, 0
0, -0.00200695, 0, 0
0, 0, -1, 0
-0.687708, 0.977567, 0, 1
Active MVP in shader: 
0.00112891, 0, 0, 0
0, -0.00200695, 0, 0
0, 0, -1, 0
-0.687708, 0.977567, 0, 1
err6 (draw): 0
[DEBUG] Camera position: (609.18, 487.092) zoom: 0.722502 mvpLoc: 1 isProg: 1 err1: 0 err2: 0 err3: 0 err4: 0 err5: 0
MVP passed: 
0.00112891, 0, 0, 0
0, -0.00200695, 0, 0
0, 0, -1, 0
-0.687709, 0.977568, 0, 1
Active MVP in shader: 
0.00112891, 0, 0, 0
0, -0.00200695, 0, 0
0, 0, -1, 0
-0.687709, 0.977568, 0, 1
err6 (draw): 0
[DEBUG] Camera position: (609.18, 487.092) zoom: 0.722502 mvpLoc: 1 isProg: 1 err1: 0 err2: 0 err3: 0 err4: 0 err5: 0
MVP passed: 
0.00112891, 0, 0, 0
0, -0.00200695, 0, 0
0, 0, -1, 0
-0.687709, 0.977568, 0, 1
Active MVP in shader: 
0.00112891, 0, 0, 0
0, -0.00200695, 0, 0
0, 0, -1, 0
-0.687709, 0.977568, 0, 1
err6 (draw): 0
[DEBUG] Camera position: (609.18, 487.091) zoom: 0.722501 mvpLoc: 1 isProg: 1 err1: 0 err2: 0 err3: 0 err4: 0 err5: 0
MVP passed: 
0.00112891, 0, 0, 0
0, -0.00200695, 0, 0
0, 0, -1, 0
-0.687708, 0.977568, 0, 1
Active MVP in shader: 
0.00112891, 0, 0, 0
0, -0.00200695, 0, 0
0, 0, -1, 0
-0.687708, 0.977568, 0, 1
err6 (draw): 0
[DEBUG] Camera position: (609.18, 487.091) zoom: 0.722501 mvpLoc: 1 isProg: 1 err1: 0 err2: 0 err3: 0 err4: 0 err5: 0
MVP passed: 
0.00112891, 0, 0, 0
0, -0.00200695, 0, 0
0, 0, -1, 0
-0.687708, 0.977567, 0, 1
Active MVP in shader: 
0.00112891, 0, 0, 0
0, -0.00200695, 0, 0
0, 0, -1, 0
-0.687708, 0.977567, 0, 1
err6 (draw): 0
[DEBUG] Camera position: (609.18, 487.091) zoom: 0.722501 mvpLoc: 1 isProg: 1 err1: 0 err2: 0 err3: 0 err4: 0 err5: 0
MVP passed: 
0.00112891, 0, 0, 0
0, -0.00200695, 0, 0
0, 0, -1, 0
-0.687708, 0.977567, 0, 1
Active MVP in shader: 
0.00112891, 0, 0, 0
0, -0.00200695, 0, 0
0, 0, -1, 0
-0.687708, 0.977567, 0, 1
err6 (draw): 0
[INIT] Loaded Vertex Shader Source:
#version 330 core
layout (location = 0) in vec3 aPos;
layout (location = 2) in vec2 aTexCoord;

out vec2 TexCoord;

uniform mat4 uMVP; // The Model-View-Projection matrix from the camera

void main() { 
    gl_Position = uMVP * vec4(aPos, 1.0f);
    TexCoord = aTexCoord;
}

[INIT] Loaded Fragment Shader Source:
#version 330 core
out vec4 FragColor;

in vec2 TexCoord;

uniform sampler2D ourTexture;

void main()
{
    FragColor = texture(ourTexture, TexCoord);
}

[INIT] posAttrib: 0 texAttrib: 2
[DEBUG] Camera position: (640, 480) zoom: 1 mvpLoc: 1 isProg: 1 err1: 0 err2: 0 err3: 0 err4: 0 err5: 0
MVP passed: 
0.0015625, 0, 0, 0
0, -0.00277778, 0, 0
0, 0, -1, 0
-1, 1.33333, 0, 1
Active MVP in shader: 
0.0015625, 0, 0, 0
0, -0.00277778, 0, 0
0, 0, -1, 0
-1, 1.33333, 0, 1
err6 (draw): 0
[DEBUG] Camera position: (640, 480) zoom: 1 mvpLoc: 1 isProg: 1 err1: 0 err2: 0 err3: 0 err4: 0 err5: 0
MVP passed: 
0.0015625, 0, 0, 0
0, -0.00277778, 0, 0
0, 0, -1, 0
-1, 1.33333, 0, 1
Active MVP in shader: 
0.0015625, 0, 0, 0
0, -0.00277778, 0, 0
0, 0, -1, 0
-1, 1.33333, 0, 1
err6 (draw): 0
[DEBUG] Camera position: (640, 480) zoom: 1 mvpLoc: 1 isProg: 1 err1: 0 err2: 0 err3: 0 err4: 0 err5: 0
MVP passed: 
0.0015625, 0, 0, 0
0, -0.00277778, 0, 0
0, 0, -1, 0
-1, 1.33333, -0, 1
Active MVP in shader: 
0.0015625, 0, 0, 0
0, -0.00277778, 0, 0
0, 0, -1, 0
-1, 1.33333, -0, 1
err6 (draw): 0
[DEBUG] Camera position: (640, 480) zoom: 1 mvpLoc: 1 isProg: 1 err1: 0 err2: 0 err3: 0 err4: 0 err5: 0
MVP passed: 
0.0015625, 0, 0, 0
0, -0.00277778, 0, 0
0, 0, -1, 0
-1, 1.33333, 0, 1
Active MVP in shader: 
0.0015625, 0, 0, 0
0, -0.00277778, 0, 0
0, 0, -1, 0
-1, 1.33333, 0, 1
err6 (draw): 0
[DEBUG] Camera position: (640, 480) zoom: 1 mvpLoc: 1 isProg: 1 err1: 0 err2: 0 err3: 0 err4: 0 err5: 0
MVP passed: 
0.0015625, 0, 0, 0
0, -0.00277778, 0, 0
0, 0, -1, 0
-1, 1.33333, -0, 1
Active MVP in shader: 
0.0015625, 0, 0, 0
0, -0.00277778, 0, 0
0, 0, -1, 0
-1, 1.33333, -0, 1
err6 (draw): 0
[DEBUG] Camera position: (640, 480) zoom: 1 mvpLoc: 1 isProg: 1 err1: 0 err2: 0 err3: 0 err4: 0 err5: 0
MVP passed: 
0.0015625, 0, 0, 0
0, -0.00277778, 0, 0
0, 0, -1, 0
-1, 1.33333, -0, 1
Active MVP in shader: 
0.0015625, 0, 0, 0
0, -0.00277778, 0, 0
0, 0, -1, 0
-1, 1.33333, -0, 1
err6 (draw): 0
[DEBUG] Camera position: (640, 480) zoom: 1 mvpLoc: 1 isProg: 1 err1: 0 err2: 0 err3: 0 err4: 0 err5: 0
MVP passed: 
0.0015625, 0, 0, 0
0, -0.00277778, 0, 0
0, 0, -1, 0
-1, 1.33333, -0, 1
Active MVP in shader: 
0.0015625, 0, 0, 0
0, -0.00277778, 0, 0
0, 0, -1, 0
-1, 1.33333, -0, 1
err6 (draw): 0
[DEBUG] Camera position: (640, 480) zoom: 1 mvpLoc: 1 isProg: 1 err1: 0 err2: 0 err3: 0 err4: 0 err5: 0
MVP passed: 
0.0015625, 0, 0, 0
0, -0.00277778, 0, 0
0, 0, -1, 0
-1, 1.33333, -0, 1
Active MVP in shader: 
0.0015625, 0, 0, 0
0, -0.00277778, 0, 0
0, 0, -1, 0
-1, 1.33333, -0, 1
err6 (draw): 0
[DEBUG] Camera position: (640, 480) zoom: 1 mvpLoc: 1 isProg: 1 err1: 0 err2: 0 err3: 0 err4: 0 err5: 0
MVP passed: 
0.0015625, 0, 0, 0
0, -0.00277778, 0, 0
0, 0, -1, 0
-1, 1.33333, 0, 1
Active MVP in shader: 
0.0015625, 0, 0, 0
0, -0.00277778, 0, 0
0, 0, -1, 0
-1, 1.33333, 0, 1
err6 (draw): 0
[DEBUG] Camera position: (640, 480) zoom: 1 mvpLoc: 1 isProg: 1 err1: 0 err2: 0 err3: 0 err4: 0 err5: 0
MVP passed: 
0.0015625, 0, 0, 0
0, -0.00277778, 0, 0
0, 0, -1, 0
-1, 1.33333, -0, 1
Active MVP in shader: 
0.0015625, 0, 0, 0
0, -0.00277778, 0, 0
0, 0, -1, 0
-1, 1.33333, -0, 1
err6 (draw): 0
[DEBUG] Camera position: (640, 480) zoom: 1 mvpLoc: 1 isProg: 1 err1: 0 err2: 0 err3: 0 err4: 0 err5: 0
MVP passed: 
0.0015625, 0, 0, 0
0, -0.00277778, 0, 0
0, 0, -1, 0
-1, 1.33333, 0, 1
Active MVP in shader: 
0.0015625, 0, 0, 0
0, -0.00277778, 0, 0
0, 0, -1, 0
-1, 1.33333, 0, 1
err6 (draw): 0
[DEBUG] Camera position: (640, 480) zoom: 1 mvpLoc: 1 isProg: 1 err1: 0 err2: 0 err3: 0 err4: 0 err5: 0
MVP passed: 
0.0015625, 0, 0, 0
0, -0.00277778, 0, 0
0, 0, -1, 0
-1, 1.33333, -0, 1
Active MVP in shader: 
0.0015625, 0, 0, 0
0, -0.00277778, 0, 0
0, 0, -1, 0
-1, 1.33333, -0, 1
err6 (draw): 0
[DEBUG] Camera position: (640, 480) zoom: 1 mvpLoc: 1 isProg: 1 err1: 0 err2: 0 err3: 0 err4: 0 err5: 0
MVP passed: 
0.0015625, 0, 0, 0
0, -0.00277778, 0, 0
0, 0, -1, 0
-1, 1.33333, 0, 1
Active MVP in shader: 
0.0015625, 0, 0, 0
0, -0.00277778, 0, 0
0, 0, -1, 0
-1, 1.33333, 0, 1
err6 (draw): 0
[DEBUG] Camera position: (640, 480) zoom: 1 mvpLoc: 1 isProg: 1 err1: 0 err2: 0 err3: 0 err4: 0 err5: 0
MVP passed: 
0.0015625, 0, 0, 0
0, -0.00277778, 0, 0
0, 0, -1, 0
-1, 1.33333, -0, 1
Active MVP in shader: 
0.0015625, 0, 0, 0
0, -0.00277778, 0, 0
0, 0, -1, 0
-1, 1.33333, -0, 1
err6 (draw): 0
[DEBUG] Camera position: (640, 480) zoom: 1 mvpLoc: 1 isProg: 1 err1: 0 err2: 0 err3: 0 err4: 0 err5: 0
MVP passed: 
0.0015625, 0, 0, 0
0, -0.00277778, 0, 0
0, 0, -1, 0
-1, 1.33333, 0, 1
Active MVP in shader: 
0.0015625, 0, 0, 0
0, -0.00277778, 0, 0
0, 0, -1, 0
-1, 1.33333, 0, 1
err6 (draw): 0
[DEBUG] Camera position: (640, 480) zoom: 1 mvpLoc: 1 isProg: 1 err1: 0 err2: 0 err3: 0 err4: 0 err5: 0
MVP passed: 
0.0015625, 0, 0, 0
0, -0.00277778, 0, 0
0, 0, -1, 0
-1, 1.33333, 0, 1
Active MVP in shader: 
0.0015625, 0, 0, 0
0, -0.00277778, 0, 0
0, 0, -1, 0
-1, 1.33333, 0, 1
err6 (draw): 0
[DEBUG] Camera position: (640, 480) zoom: 1 mvpLoc: 1 isProg: 1 err1: 0 err2: 0 err3: 0 err4: 0 err5: 0
MVP passed: 
0.0015625, 0, 0, 0
0, -0.00277778, 0, 0
0, 0, -1, 0
-1, 1.33333, 0, 1
Active MVP in shader: 
0.0015625, 0, 0, 0
0, -0.00277778, 0, 0
0, 0, -1, 0
-1, 1.33333, 0, 1
err6 (draw): 0
[DEBUG] Camera position: (640, 480) zoom: 1 mvpLoc: 1 isProg: 1 err1: 0 err2: 0 err3: 0 err4: 0 err5: 0
MVP passed: 
0.0015625, 0, 0, 0
0, -0.00277778, 0, 0
0, 0, -1, 0
-1, 1.33333, 0, 1
Active MVP in shader: 
0.0015625, 0, 0, 0
0, -0.00277778, 0, 0
0, 0, -1, 0
-1, 1.33333, 0, 1
err6 (draw): 0
[DEBUG] Camera position: (640, 480) zoom: 1 mvpLoc: 1 isProg: 1 err1: 0 err2: 0 err3: 0 err4: 0 err5: 0
MVP passed: 
0.0015625, 0, 0, 0
0, -0.00277778, 0, 0
0, 0, -1, 0
-1, 1.33333, -0, 1
Active MVP in shader: 
0.0015625, 0, 0, 0
0, -0.00277778, 0, 0
0, 0, -1, 0
-1, 1.33333, -0, 1
err6 (draw): 0
[DEBUG] Camera position: (640, 480) zoom: 1 mvpLoc: 1 isProg: 1 err1: 0 err2: 0 err3: 0 err4: 0 err5: 0
MVP passed: 
0.0015625, 0, 0, 0
0, -0.00277778, 0, 0
0, 0, -1, 0
-1, 1.33333, -0, 1
Active MVP in shader: 
0.0015625, 0, 0, 0
0, -0.00277778, 0, 0
0, 0, -1, 0
-1, 1.33333, -0, 1
err6 (draw): 0
[DEBUG] Camera position: (640, 480) zoom: 1 mvpLoc: 1 isProg: 1 err1: 0 err2: 0 err3: 0 err4: 0 err5: 0
MVP passed: 
0.0015625, 0, 0, 0
0, -0.00277778, 0, 0
0, 0, -1, 0
-1, 1.33333, -0, 1
Active MVP in shader: 
0.0015625, 0, 0, 0
0, -0.00277778, 0, 0
0, 0, -1, 0
-1, 1.33333, -0, 1
err6 (draw): 0
[DEBUG] Camera position: (640, 480) zoom: 1 mvpLoc: 1 isProg: 1 err1: 0 err2: 0 err3: 0 err4: 0 err5: 0
MVP passed: 
0.0015625, 0, 0, 0
0, -0.00277778, 0, 0
0, 0, -1, 0
-1, 1.33333, 0, 1
Active MVP in shader: 
0.0015625, 0, 0, 0
0, -0.00277778, 0, 0
0, 0, -1, 0
-1, 1.33333, 0, 1
err6 (draw): 0
[DEBUG] Camera position: (640, 480) zoom: 1 mvpLoc: 1 isProg: 1 err1: 0 err2: 0 err3: 0 err4: 0 err5: 0
MVP passed: 
0.0015625, 0, 0, 0
0, -0.00277778, 0, 0
0, 0, -1, 0
-1, 1.33333, -0, 1
Active MVP in shader: 
0.0015625, 0, 0, 0
0, -0.00277778, 0, 0
0, 0, -1, 0
-1, 1.33333, -0, 1
err6 (draw): 0
[DEBUG] Camera position: (640, 480.001) zoom: 1 mvpLoc: 1 isProg: 1 err1: 0 err2: 0 err3: 0 err4: 0 err5: 0
MVP passed: 
0.0015625, 0, 0, 0
0, -0.00277778, 0, 0
0, 0, -1, 0
-1, 1.33333, -0, 1
Active MVP in shader: 
0.0015625, 0, 0, 0
0, -0.00277778, 0, 0
0, 0, -1, 0
-1, 1.33333, -0, 1
err6 (draw): 0
[DEBUG] Camera position: (638.339, 481.126) zoom: 0.977229 mvpLoc: 1 isProg: 1 err1: 0 err2: 0 err3: 0 err4: 0 err5: 0
MVP passed: 
0.00152692, 0, 0, 0
0, -0.00271452, 0, 0
0, 0, -1, 0
-0.974693, 1.30603, 0, 1
Active MVP in shader: 
0.00152692, 0, 0, 0
0, -0.00271452, 0, 0
0, 0, -1, 0
-0.974693, 1.30603, 0, 1
err6 (draw): 0
[DEBUG] Camera position: (634.174, 483.914) zoom: 0.927318 mvpLoc: 1 isProg: 1 err1: 0 err2: 0 err3: 0 err4: 0 err5: 0
MVP passed: 
0.00144894, 0, 0, 0
0, -0.00257588, 0, 0
0, 0, -1, 0
-0.918877, 1.24651, 0, 1
Active MVP in shader: 
0.00144894, 0, 0, 0
0, -0.00257588, 0, 0
0, 0, -1, 0
-0.918877, 1.24651, 0, 1
err6 (draw): 0
[DEBUG] Camera position: (626.932, 488.627) zoom: 0.856926 mvpLoc: 1 isProg: 1 err1: 0 err2: 0 err3: 0 err4: 0 err5: 0
MVP passed: 
0.00133895, 0, 0, 0
0, -0.00238035, 0, 0
0, 0, -1, 0
-0.839429, 1.1631, 0, 1
Active MVP in shader: 
0.00133895, 0, 0, 0
0, -0.00238035, 0, 0
0, 0, -1, 0
-0.839429, 1.1631, 0, 1
err6 (draw): 0
[DEBUG] Camera position: (619.088, 493.595) zoom: 0.79211 mvpLoc: 1 isProg: 1 err1: 0 err2: 0 err3: 0 err4: 0 err5: 0
MVP passed: 
0.00123767, 0, 0, 0
0, -0.00220031, 0, 0
0, 0, -1, 0
-0.766228, 1.08606, 0, 1
Active MVP in shader: 
0.00123767, 0, 0, 0
0, -0.00220031, 0, 0
0, 0, -1, 0
-0.766228, 1.08606, 0, 1
err6 (draw): 0
[DEBUG] Camera position: (609.957, 499.228) zoom: 0.727617 mvpLoc: 1 isProg: 1 err1: 0 err2: 0 err3: 0 err4: 0 err5: 0
MVP passed: 
0.0011369, 0, 0, 0
0, -0.00202116, 0, 0
0, 0, -1, 0
-0.693461, 1.00902, 0, 1
Active MVP in shader: 
0.0011369, 0, 0, 0
0, -0.00202116, 0, 0
0, 0, -1, 0
-0.693461, 1.00902, 0, 1
err6 (draw): 0
[DEBUG] Camera position: (599.116, 505.829) zoom: 0.663493 mvpLoc: 1 isProg: 1 err1: 0 err2: 0 err3: 0 err4: 0 err5: 0
MVP passed: 
0.00103671, 0, 0, 0
0, -0.00184303, 0, 0
0, 0, -1, 0
-0.621108, 0.93226, 0, 1
Active MVP in shader: 
0.00103671, 0, 0, 0
0, -0.00184303, 0, 0
0, 0, -1, 0
-0.621108, 0.93226, 0, 1
err6 (draw): 0
[DEBUG] Camera position: (589.656, 511.557) zoom: 0.611982 mvpLoc: 1 isProg: 1 err1: 0 err2: 0 err3: 0 err4: 0 err5: 0
MVP passed: 
0.000956222, 0, 0, 0
0, -0.00169995, 0, 0
0, 0, -1, 0
-0.563842, 0.869621, 0, 1
Active MVP in shader: 
0.000956222, 0, 0, 0
0, -0.00169995, 0, 0
0, 0, -1, 0
-0.563842, 0.869621, 0, 1
err6 (draw): 0
[DEBUG] Camera position: (582.32, 515.999) zoom: 0.572038 mvpLoc: 1 isProg: 1 err1: 0 err2: 0 err3: 0 err4: 0 err5: 0
MVP passed: 
0.000893809, 0, 0, 0
0, -0.00158899, 0, 0
0, 0, -1, 0
-0.520483, 0.819919, 0, 1
Active MVP in shader: 
0.000893809, 0, 0, 0
0, -0.00158899, 0, 0
0, 0, -1, 0
-0.520483, 0.819919, 0, 1
err6 (draw): 0
[DEBUG] Camera position: (576.665, 519.424) zoom: 0.541243 mvpLoc: 1 isProg: 1 err1: 0 err2: 0 err3: 0 err4: 0 err5: 0
MVP passed: 
0.000845693, 0, 0, 0
0, -0.00150345, 0, 0
0, 0, -1, 0
-0.487682, 0.78093, 0, 1
Active MVP in shader: 
0.000845693, 0, 0, 0
0, -0.00150345, 0, 0
0, 0, -1, 0
-0.487682, 0.78093, 0, 1
err6 (draw): 0
[DEBUG] Camera position: (572.517, 521.936) zoom: 0.518654 mvpLoc: 1 isProg: 1 err1: 0 err2: 0 err3: 0 err4: 0 err5: 0
MVP passed: 
0.000810397, 0, 0, 0
0, -0.00144071, 0, 0
0, 0, -1, 0
-0.463966, 0.751956, 0, 1
Active MVP in shader: 
0.000810397, 0, 0, 0
0, -0.00144071, 0, 0
0, 0, -1, 0
-0.463966, 0.751956, 0, 1
err6 (draw): 0
[DEBUG] Camera position: (569.28, 523.896) zoom: 0.501028 mvpLoc: 1 isProg: 1 err1: 0 err2: 0 err3: 0 err4: 0 err5: 0
MVP passed: 
0.000782857, 0, 0, 0
0, -0.00139175, 0, 0
0, 0, -1, 0
-0.445665, 0.72913, 0, 1
Active MVP in shader: 
0.000782857, 0, 0, 0
0, -0.00139175, 0, 0
0, 0, -1, 0
-0.445665, 0.72913, 0, 1
err6 (draw): 0
[DEBUG] Camera position: (566.798, 525.399) zoom: 0.487514 mvpLoc: 1 isProg: 1 err1: 0 err2: 0 err3: 0 err4: 0 err5: 0
MVP passed: 
0.000761741, 0, 0, 0
0, -0.00135421, 0, 0
0, 0, -1, 0
-0.431754, 0.711498, 0, 1
Active MVP in shader: 
0.000761741, 0, 0, 0
0, -0.00135421, 0, 0
0, 0, -1, 0
-0.431754, 0.711498, 0, 1
err6 (draw): 0
[DEBUG] Camera position: (564.902, 526.547) zoom: 0.477188 mvpLoc: 1 isProg: 1 err1: 0 err2: 0 err3: 0 err4: 0 err5: 0
MVP passed: 
0.000745607, 0, 0, 0
0, -0.00132552, 0, 0
0, 0, -1, 0
-0.421195, 0.69795, 0, 1
Active MVP in shader: 
0.000745607, 0, 0, 0
0, -0.00132552, 0, 0
0, 0, -1, 0
-0.421195, 0.69795, 0, 1
err6 (draw): 0
[DEBUG] Camera position: (563.444, 527.43) zoom: 0.469247 mvpLoc: 1 isProg: 1 err1: 0 err2: 0 err3: 0 err4: 0 err5: 0
MVP passed: 
0.000733199, 0, 0, 0
0, -0.00130346, 0, 0
0, 0, -1, 0
-0.413116, 0.687486, 0, 1
Active MVP in shader: 
0.000733199, 0, 0, 0
0, -0.00130346, 0, 0
0, 0, -1, 0
-0.413116, 0.687486, 0, 1
err6 (draw): 0
[DEBUG] Camera position: (562.331, 528.103) zoom: 0.463187 mvpLoc: 1 isProg: 1 err1: 0 err2: 0 err3: 0 err4: 0 err5: 0
MVP passed: 
0.00072373, 0, 0, 0
0, -0.00128663, 0, 0
0, 0, -1, 0
-0.406976, 0.679474, 0, 1
Active MVP in shader: 
0.00072373, 0, 0, 0
0, -0.00128663, 0, 0
0, 0, -1, 0
-0.406976, 0.679474, 0, 1
err6 (draw): 0
[DEBUG] Camera position: (561.48, 528.619) zoom: 0.458554 mvpLoc: 1 isProg: 1 err1: 0 err2: 0 err3: 0 err4: 0 err5: 0
MVP passed: 
0.000716491, 0, 0, 0
0, -0.00127376, 0, 0
0, 0, -1, 0
-0.402295, 0.673334, 0, 1
Active MVP in shader: 
0.000716491, 0, 0, 0
0, -0.00127376, 0, 0
0, 0, -1, 0
-0.402295, 0.673334, 0, 1
err6 (draw): 0
[DEBUG] Camera position: (560.86, 528.995) zoom: 0.455176 mvpLoc: 1 isProg: 1 err1: 0 err2: 0 err3: 0 err4: 0 err5: 0
MVP passed: 
0.000711213, 0, 0, 0
0, -0.00126438, 0, 0
0, 0, -1, 0
-0.398891, 0.66885, 0, 1
Active MVP in shader: 
0.000711213, 0, 0, 0
0, -0.00126438, 0, 0
0, 0, -1, 0
-0.398891, 0.66885, 0, 1
err6 (draw): 0
[DEBUG] Camera position: (560.367, 529.293) zoom: 0.452494 mvpLoc: 1 isProg: 1 err1: 0 err2: 0 err3: 0 err4: 0 err5: 0
MVP passed: 
0.000707022, 0, 0, 0
0, -0.00125693, 0, 0
0, 0, -1, 0
-0.396192, 0.665283, 0, 1
Active MVP in shader: 
0.000707022, 0, 0, 0
0, -0.00125693, 0, 0
0, 0, -1, 0
-0.396192, 0.665283, 0, 1
err6 (draw): 0
[DEBUG] Camera position: (554.786, 532.938) zoom: 0.437869 mvpLoc: 1 isProg: 1 err1: 0 err2: 0 err3: 0 err4: 0 err5: 0
MVP passed: 
0.000684171, 0, 0, 0
0, -0.0012163, 0, 0
0, 0, -1, 0
-0.379568, 0.648214, 0, 1
Active MVP in shader: 
0.000684171, 0, 0, 0
0, -0.0012163, 0, 0
0, 0, -1, 0
-0.379568, 0.648214, 0, 1
err6 (draw): 0
[DEBUG] Camera position: (540.287, 542.519) zoom: 0.408511 mvpLoc: 1 isProg: 1 err1: 0 err2: 0 err3: 0 err4: 0 err5: 0
MVP passed: 
0.000638298, 0, 0, 0
0, -0.00113475, 0, 0
0, 0, -1, 0
-0.344864, 0.615625, 0, 1
Active MVP in shader: 
0.000638298, 0, 0, 0
0, -0.00113475, 0, 0
0, 0, -1, 0
-0.344864, 0.615625, 0, 1
err6 (draw): 0
[DEBUG] Camera position: (515.375, 559.061) zoom: 0.369405 mvpLoc: 1 isProg: 1 err1: 0 err2: 0 err3: 0 err4: 0 err5: 0
MVP passed: 
0.000577196, 0, 0, 0
0, -0.00102613, 0, 0
0, 0, -1, 0
-0.297472, 0.573667, 0, 1
Active MVP in shader: 
0.000577196, 0, 0, 0
0, -0.00102613, 0, 0
0, 0, -1, 0
-0.297472, 0.573667, 0, 1
err6 (draw): 0
[DEBUG] Camera position: (479.458, 583.276) zoom: 0.324594 mvpLoc: 1 isProg: 1 err1: 0 err2: 0 err3: 0 err4: 0 err5: 0
MVP passed: 
0.000507179, 0, 0, 0
0, -0.000901651, 0, 0
0, 0, -1, 0
-0.243171, 0.525911, 0, 1
Active MVP in shader: 
0.000507179, 0, 0, 0
0, -0.000901651, 0, 0
0, 0, -1, 0
-0.243171, 0.525911, 0, 1
err6 (draw): 0
[DEBUG] Camera position: (440.82, 610.068) zoom: 0.284701 mvpLoc: 1 isProg: 1 err1: 0 err2: 0 err3: 0 err4: 0 err5: 0
MVP passed: 
0.000444846, 0, 0, 0
0, -0.000790837, 0, 0
0, 0, -1, 0
-0.196097, 0.482465, 0, 1
Active MVP in shader: 
0.000444846, 0, 0, 0
0, -0.000790837, 0, 0
0, 0, -1, 0
-0.196097, 0.482465, 0, 1
err6 (draw): 0
[DEBUG] Camera position: (411.267, 630.652) zoom: 0.255094 mvpLoc: 1 isProg: 1 err1: 0 err2: 0 err3: 0 err4: 0 err5: 0
MVP passed: 
0.000398585, 0, 0, 0
0, -0.000708595, 0, 0
0, 0, -1, 0
-0.163925, 0.446877, 0, 1
Active MVP in shader: 
0.000398585, 0, 0, 0
0, -0.000708595, 0, 0
0, 0, -1, 0
-0.163925, 0.446877, 0, 1
err6 (draw): 0
[DEBUG] Camera position: (387.263, 647.372) zoom: 0.231046 mvpLoc: 1 isProg: 1 err1: 0 err2: 0 err3: 0 err4: 0 err5: 0
MVP passed: 
0.000361009, 0, 0, 0
0, -0.000641794, 0, 0
0, 0, -1, 0
-0.139806, 0.415479, 0, 1
Active MVP in shader: 
0.000361009, 0, 0, 0
0, -0.000641794, 0, 0
0, 0, -1, 0
-0.139806, 0.415479, 0, 1
err6 (draw): 0
[DEBUG] Camera position: (370.085, 659.337) zoom: 0.213836 mvpLoc: 1 isProg: 1 err1: 0 err2: 0 err3: 0 err4: 0 err5: 0
MVP passed: 
0.000334118, 0, 0, 0
0, -0.000593988, 0, 0
0, 0, -1, 0
-0.123652, 0.391638, 0, 1
Active MVP in shader: 
0.000334118, 0, 0, 0
0, -0.000593988, 0, 0
0, 0, -1, 0
-0.123652, 0.391638, 0, 1
err6 (draw): 0
[DEBUG] Camera position: (357.976, 667.771) zoom: 0.201704 mvpLoc: 1 isProg: 1 err1: 0 err2: 0 err3: 0 err4: 0 err5: 0
MVP passed: 
0.000315163, 0, 0, 0
0, -0.000560289, 0, 0
0, 0, -1, 0
-0.11282, 0.374145, 0, 1
Active MVP in shader: 
0.000315163, 0, 0, 0
0, -0.000560289, 0, 0
0, 0, -1, 0
-0.11282, 0.374145, 0, 1
err6 (draw): 0
[DEBUG] Camera position: (349.49, 673.682) zoom: 0.193202 mvpLoc: 1 isProg: 1 err1: 0 err2: 0 err3: 0 err4: 0 err5: 0
MVP passed: 
0.000301879, 0, 0, 0
0, -0.000536673, 0, 0
0, 0, -1, 0
-0.105503, 0.361547, 0, 1
Active MVP in shader: 
0.000301879, 0, 0, 0
0, -0.000536673, 0, 0
0, 0, -1, 0
-0.105503, 0.361547, 0, 1
err6 (draw): 0
[DEBUG] Camera position: (343.374, 677.942) zoom: 0.187075 mvpLoc: 1 isProg: 1 err1: 0 err2: 0 err3: 0 err4: 0 err5: 0
MVP passed: 
0.000292305, 0, 0, 0
0, -0.000519653, 0, 0
0, 0, -1, 0
-0.10037, 0.352295, 0, 1
Active MVP in shader: 
0.000292305, 0, 0, 0
0, -0.000519653, 0, 0
0, 0, -1, 0
-0.10037, 0.352295, 0, 1
err6 (draw): 0
[DEBUG] Camera position: (340.69, 676.872) zoom: 0.185545 mvpLoc: 1 isProg: 1 err1: 0 err2: 0 err3: 0 err4: 0 err5: 0
MVP passed: 
0.000289914, 0, 0, 0
0, -0.000515403, 0, 0
0, 0, -1, 0
-0.0987709, 0.348862, 0, 1
Active MVP in shader: 
0.000289914, 0, 0, 0
0, -0.000515403, 0, 0
0, 0, -1, 0
-0.0987709, 0.348862, 0, 1
err6 (draw): 0
[DEBUG] Camera position: (342.088, 668.207) zoom: 0.190911 mvpLoc: 1 isProg: 1 err1: 0 err2: 0 err3: 0 err4: 0 err5: 0
MVP passed: 
0.000298299, 0, 0, 0
0, -0.000530309, 0, 0
0, 0, -1, 0
-0.102044, 0.354356, 0, 1
Active MVP in shader: 
0.000298299, 0, 0, 0
0, -0.000530309, 0, 0
0, 0, -1, 0
-0.102044, 0.354356, 0, 1
err6 (draw): 0
[DEBUG] Camera position: (346.382, 654.225) zoom: 0.203181 mvpLoc: 1 isProg: 1 err1: 0 err2: 0 err3: 0 err4: 0 err5: 0
MVP passed: 
0.000317471, 0, 0, 0
0, -0.000564393, 0, 0
0, 0, -1, 0
-0.109966, 0.36924, 0, 1
Active MVP in shader: 
0.000317471, 0, 0, 0
0, -0.000564393, 0, 0
0, 0, -1, 0
-0.109966, 0.36924, 0, 1
err6 (draw): 0
[DEBUG] Camera position: (352.805, 636.589) zoom: 0.223623 mvpLoc: 1 isProg: 1 err1: 0 err2: 0 err3: 0 err4: 0 err5: 0
MVP passed: 
0.000349412, 0, 0, 0
0, -0.000621176, 0, 0
0, 0, -1, 0
-0.123274, 0.395434, 0, 1
Active MVP in shader: 
0.000349412, 0, 0, 0
0, -0.000621176, 0, 0
0, 0, -1, 0
-0.123274, 0.395434, 0, 1
err6 (draw): 0
[DEBUG] Camera position: (359.584, 619.036) zoom: 0.2492 mvpLoc: 1 isProg: 1 err1: 0 err2: 0 err3: 0 err4: 0 err5: 0
MVP passed: 
0.000389375, 0, 0, 0
0, -0.000692223, 0, 0
0, 0, -1, 0
-0.140013, 0.428511, 0, 1
Active MVP in shader: 
0.000389375, 0, 0, 0
0, -0.000692223, 0, 0
0, 0, -1, 0
-0.140013, 0.428511, 0, 1
err6 (draw): 0
[DEBUG] Camera position: (366.37, 601.958) zoom: 0.279952 mvpLoc: 1 isProg: 1 err1: 0 err2: 0 err3: 0 err4: 0 err5: 0
MVP passed: 
0.000437425, 0, 0, 0
0, -0.000777644, 0, 0
0, 0, -1, 0
-0.160259, 0.468109, 0, 1
Active MVP in shader: 
0.000437425, 0, 0, 0
0, -0.000777644, 0, 0
0, 0, -1, 0
-0.160259, 0.468109, 0, 1
err6 (draw): 0
[DEBUG] Camera position: (371.797, 588.359) zoom: 0.305249 mvpLoc: 1 isProg: 1 err1: 0 err2: 0 err3: 0 err4: 0 err5: 0
MVP passed: 
0.000476952, 0, 0, 0
0, -0.000847914, 0, 0
0, 0, -1, 0
-0.177329, 0.498878, 0, 1
Active MVP in shader: 
0.000476952, 0, 0, 0
0, -0.000847914, 0, 0
0, 0, -1, 0
-0.177329, 0.498878, 0, 1
err6 (draw): 0
[DEBUG] Camera position: (375.909, 578.055) zoom: 0.324417 mvpLoc: 1 isProg: 1 err1: 0 err2: 0 err3: 0 err4: 0 err5: 0
MVP passed: 
0.000506901, 0, 0, 0
0, -0.000901158, 0, 0
0, 0, -1, 0
-0.190549, 0.520919, 0, 1
Active MVP in shader: 
0.000506901, 0, 0, 0
0, -0.000901158, 0, 0
0, 0, -1, 0
-0.190549, 0.520919, 0, 1
err6 (draw): 0
[DEBUG] Camera position: (379.015, 570.271) zoom: 0.338899 mvpLoc: 1 isProg: 1 err1: 0 err2: 0 err3: 0 err4: 0 err5: 0
MVP passed: 
0.00052953, 0, 0, 0
0, -0.000941386, 0, 0
0, 0, -1, 0
-0.2007, 0.536845, 0, 1
Active MVP in shader: 
0.00052953, 0, 0, 0
0, -0.000941386, 0, 0
0, 0, -1, 0
-0.2007, 0.536845, 0, 1
err6 (draw): 0
[DEBUG] Camera position: (381.455, 564.158) zoom: 0.35027 mvpLoc: 1 isProg: 1 err1: 0 err2: 0 err3: 0 err4: 0 err5: 0
MVP passed: 
0.000547297, 0, 0, 0
0, -0.000972973, 0, 0
0, 0, -1, 0
-0.208769, 0.54891, 0, 1
Active MVP in shader: 
0.000547297, 0, 0, 0
0, -0.000972973, 0, 0
0, 0, -1, 0
-0.208769, 0.54891, 0, 1
err6 (draw): 0
[DEBUG] Camera position: (383.259, 559.636) zoom: 0.358681 mvpLoc: 1 isProg: 1 err1: 0 err2: 0 err3: 0 err4: 0 err5: 0
MVP passed: 
0.00056044, 0, 0, 0
0, -0.000996337, 0, 0
0, 0, -1, 0
-0.214794, 0.557586, 0, 1
Active MVP in shader: 
0.00056044, 0, 0, 0
0, -0.000996337, 0, 0
0, 0, -1, 0
-0.214794, 0.557586, 0, 1
err6 (draw): 0
[DEBUG] Camera position: (384.678, 556.08) zoom: 0.365297 mvpLoc: 1 isProg: 1 err1: 0 err2: 0 err3: 0 err4: 0 err5: 0
MVP passed: 
0.000570776, 0, 0, 0
0, -0.00101471, 0, 0
0, 0, -1, 0
-0.219565, 0.564261, 0, 1
Active MVP in shader: 
0.000570776, 0, 0, 0
0, -0.00101471, 0, 0
0, 0, -1, 0
-0.219565, 0.564261, 0, 1
err6 (draw): 0
[DEBUG] Camera position: (385.75, 553.397) zoom: 0.370289 mvpLoc: 1 isProg: 1 err1: 0 err2: 0 err3: 0 err4: 0 err5: 0
MVP passed: 
0.000578576, 0, 0, 0
0, -0.00102858, 0, 0
0, 0, -1, 0
-0.223185, 0.569212, 0, 1
Active MVP in shader: 
0.000578576, 0, 0, 0
0, -0.00102858, 0, 0
0, 0, -1, 0
-0.223185, 0.569212, 0, 1
err6 (draw): 0
[DEBUG] Camera position: (386.588, 551.296) zoom: 0.374198 mvpLoc: 1 isProg: 1 err1: 0 err2: 0 err3: 0 err4: 0 err5: 0
MVP passed: 
0.000584684, 0, 0, 0
0, -0.00103944, 0, 0
0, 0, -1, 0
-0.226032, 0.573038, 0, 1
Active MVP in shader: 
0.000584684, 0, 0, 0
0, -0.00103944, 0, 0
0, 0, -1, 0
-0.226032, 0.573038, 0, 1
err6 (draw): 0
[DEBUG] Camera position: (387.226, 549.698) zoom: 0.377171 mvpLoc: 1 isProg: 1 err1: 0 err2: 0 err3: 0 err4: 0 err5: 0
MVP passed: 
0.000589329, 0, 0, 0
0, -0.0010477, 0, 0
0, 0, -1, 0
-0.228203, 0.575916, 0, 1
Active MVP in shader: 
0.000589329, 0, 0, 0
0, -0.0010477, 0, 0
0, 0, -1, 0
-0.228203, 0.575916, 0, 1
err6 (draw): 0
[DEBUG] Camera position: (387.728, 548.439) zoom: 0.379513 mvpLoc: 1 isProg: 1 err1: 0 err2: 0 err3: 0 err4: 0 err5: 0
MVP passed: 
0.00059299, 0, 0, 0
0, -0.0010542, 0, 0
0, 0, -1, 0
-0.229919, 0.578166, 0, 1
Active MVP in shader: 
0.00059299, 0, 0, 0
0, -0.0010542, 0, 0
0, 0, -1, 0
-0.229919, 0.578166, 0, 1
err6 (draw): 0
[DEBUG] Camera position: (388.11, 547.483) zoom: 0.38129 mvpLoc: 1 isProg: 1 err1: 0 err2: 0 err3: 0 err4: 0 err5: 0
MVP passed: 
0.000595766, 0, 0, 0
0, -0.00105914, 0, 0
0, 0, -1, 0
-0.231222, 0.57986, 0, 1
Active MVP in shader: 
0.000595766, 0, 0, 0
0, -0.00105914, 0, 0
0, 0, -1, 0
-0.231222, 0.57986, 0, 1
err6 (draw): 0
[DEBUG] Camera position: (388.419, 546.707) zoom: 0.382732 mvpLoc: 1 isProg: 1 err1: 0 err2: 0 err3: 0 err4: 0 err5: 0
MVP passed: 
0.000598018, 0, 0, 0
0, -0.00106314, 0, 0
0, 0, -1, 0
-0.232282, 0.581229, 0, 1
Active MVP in shader: 
0.000598018, 0, 0, 0
0, -0.00106314, 0, 0
0, 0, -1, 0
-0.232282, 0.581229, 0, 1
err6 (draw): 0
[DEBUG] Camera position: (388.65, 546.128) zoom: 0.38381 mvpLoc: 1 isProg: 1 err1: 0 err2: 0 err3: 0 err4: 0 err5: 0
MVP passed: 
0.000599703, 0, 0, 0
0, -0.00106614, 0, 0
0, 0, -1, 0
-0.233075, 0.582248, 0, 1
Active MVP in shader: 
0.000599703, 0, 0, 0
0, -0.00106614, 0, 0
0, 0, -1, 0
-0.233075, 0.582248, 0, 1
err6 (draw): 0
[DEBUG] Camera position: (388.825, 545.691) zoom: 0.384624 mvpLoc: 1 isProg: 1 err1: 0 err2: 0 err3: 0 err4: 0 err5: 0
MVP passed: 
0.000600975, 0, 0, 0
0, -0.0010684, 0, 0
0, 0, -1, 0
-0.233674, 0.583017, 0, 1
Active MVP in shader: 
0.000600975, 0, 0, 0
0, -0.0010684, 0, 0
0, 0, -1, 0
-0.233674, 0.583017, 0, 1
err6 (draw): 0
[DEBUG] Camera position: (388.946, 545.389) zoom: 0.385186 mvpLoc: 1 isProg: 1 err1: 0 err2: 0 err3: 0 err4: 0 err5: 0
MVP passed: 
0.000601854, 0, 0, 0
0, -0.00106996, 0, 0
0, 0, -1, 0
-0.234088, 0.583546, 0, 1
Active MVP in shader: 
0.000601854, 0, 0, 0
0, -0.00106996, 0, 0
0, 0, -1, 0
-0.234088, 0.583546, 0, 1
err6 (draw): 0
[DEBUG] Camera position: (389.04, 545.152) zoom: 0.385627 mvpLoc: 1 isProg: 1 err1: 0 err2: 0 err3: 0 err4: 0 err5: 0
MVP passed: 
0.000602542, 0, 0, 0
0, -0.00107119, 0, 0
0, 0, -1, 0
-0.234413, 0.583959, 0, 1
Active MVP in shader: 
0.000602542, 0, 0, 0
0, -0.00107119, 0, 0
0, 0, -1, 0
-0.234413, 0.583959, 0, 1
err6 (draw): 0
[DEBUG] Camera position: (389.128, 544.932) zoom: 0.386035 mvpLoc: 1 isProg: 1 err1: 0 err2: 0 err3: 0 err4: 0 err5: 0
MVP passed: 
0.00060318, 0, 0, 0
0, -0.00107232, 0, 0
0, 0, -1, 0
-0.234714, 0.584342, 0, 1
Active MVP in shader: 
0.00060318, 0, 0, 0
0, -0.00107232, 0, 0
0, 0, -1, 0
-0.234714, 0.584342, 0, 1
err6 (draw): 0
[DEBUG] Camera position: (389.19, 544.776) zoom: 0.386326 mvpLoc: 1 isProg: 1 err1: 0 err2: 0 err3: 0 err4: 0 err5: 0
MVP passed: 
0.000603635, 0, 0, 0
0, -0.00107313, 0, 0
0, 0, -1, 0
-0.234928, 0.584614, 0, 1
Active MVP in shader: 
0.000603635, 0, 0, 0
0, -0.00107313, 0, 0
0, 0, -1, 0
-0.234928, 0.584614, 0, 1
err6 (draw): 0
[DEBUG] Camera position: (389.235, 544.662) zoom: 0.386537 mvpLoc: 1 isProg: 1 err1: 0 err2: 0 err3: 0 err4: 0 err5: 0
MVP passed: 
0.000603964, 0, 0, 0
0, -0.00107371, 0, 0
0, 0, -1, 0
-0.235084, 0.584812, 0, 1
Active MVP in shader: 
0.000603964, 0, 0, 0
0, -0.00107371, 0, 0
0, 0, -1, 0
-0.235084, 0.584812, 0, 1
err6 (draw): 0
[DEBUG] Camera position: (389.266, 544.586) zoom: 0.386679 mvpLoc: 1 isProg: 1 err1: 0 err2: 0 err3: 0 err4: 0 err5: 0
MVP passed: 
0.000604187, 0, 0, 0
0, -0.00107411, 0, 0
0, 0, -1, 0
-0.235189, 0.584945, 0, 1
Active MVP in shader: 
0.000604187, 0, 0, 0
0, -0.00107411, 0, 0
0, 0, -1, 0
-0.235189, 0.584945, 0, 1
err6 (draw): 0
[DEBUG] Camera position: (389.287, 544.532) zoom: 0.386779 mvpLoc: 1 isProg: 1 err1: 0 err2: 0 err3: 0 err4: 0 err5: 0
MVP passed: 
0.000604341, 0, 0, 0
0, -0.00107438, 0, 0
0, 0, -1, 0
-0.235262, 0.585037, 0, 1
Active MVP in shader: 
0.000604341, 0, 0, 0
0, -0.00107438, 0, 0
0, 0, -1, 0
-0.235262, 0.585037, 0, 1
err6 (draw): 0
[DEBUG] Camera position: (389.304, 544.49) zoom: 0.386858 mvpLoc: 1 isProg: 1 err1: 0 err2: 0 err3: 0 err4: 0 err5: 0
MVP passed: 
0.000604465, 0, 0, 0
0, -0.0010746, 0, 0
0, 0, -1, 0
-0.235321, 0.585111, 0, 1
Active MVP in shader: 
0.000604465, 0, 0, 0
0, -0.0010746, 0, 0
0, 0, -1, 0
-0.235321, 0.585111, 0, 1
err6 (draw): 0
[DEBUG] Camera position: (389.318, 544.454) zoom: 0.386923 mvpLoc: 1 isProg: 1 err1: 0 err2: 0 err3: 0 err4: 0 err5: 0
MVP passed: 
0.000604568, 0, 0, 0
0, -0.00107479, 0, 0
0, 0, -1, 0
-0.235369, 0.585172, 0, 1
Active MVP in shader: 
0.000604568, 0, 0, 0
0, -0.00107479, 0, 0
0, 0, -1, 0
-0.235369, 0.585172, 0, 1
err6 (draw): 0
[DEBUG] Camera position: (389.328, 544.43) zoom: 0.386968 mvpLoc: 1 isProg: 1 err1: 0 err2: 0 err3: 0 err4: 0 err5: 0
MVP passed: 
0.000604637, 0, 0, 0
0, -0.00107491, 0, 0
0, 0, -1, 0
-0.235402, 0.585214, 0, 1
Active MVP in shader: 
0.000604637, 0, 0, 0
0, -0.00107491, 0, 0
0, 0, -1, 0
-0.235402, 0.585214, 0, 1
err6 (draw): 0
[DEBUG] Camera position: (389.335, 544.413) zoom: 0.387 mvpLoc: 1 isProg: 1 err1: 0 err2: 0 err3: 0 err4: 0 err5: 0
MVP passed: 
0.000604688, 0, 0, 0
0, -0.001075, 0, 0
0, 0, -1, 0
-0.235426, 0.585244, 0, 1
Active MVP in shader: 
0.000604688, 0, 0, 0
0, -0.001075, 0, 0
0, 0, -1, 0
-0.235426, 0.585244, 0, 1
err6 (draw): 0
[DEBUG] Camera position: (389.34, 544.401) zoom: 0.387022 mvpLoc: 1 isProg: 1 err1: 0 err2: 0 err3: 0 err4: 0 err5: 0
MVP passed: 
0.000604723, 0, 0, 0
0, -0.00107506, 0, 0
0, 0, -1, 0
-0.235442, 0.585265, 0, 1
Active MVP in shader: 
0.000604723, 0, 0, 0
0, -0.00107506, 0, 0
0, 0, -1, 0
-0.235442, 0.585265, 0, 1
err6 (draw): 0
[DEBUG] Camera position: (389.343, 544.393) zoom: 0.387038 mvpLoc: 1 isProg: 1 err1: 0 err2: 0 err3: 0 err4: 0 err5: 0
MVP passed: 
0.000604746, 0, 0, 0
0, -0.0010751, 0, 0
0, 0, -1, 0
-0.235454, 0.58528, 0, 1
Active MVP in shader: 
0.000604746, 0, 0, 0
0, -0.0010751, 0, 0
0, 0, -1, 0
-0.235454, 0.58528, 0, 1
err6 (draw): 0
[DEBUG] Camera position: (389.345, 544.389) zoom: 0.387047 mvpLoc: 1 isProg: 1 err1: 0 err2: 0 err3: 0 err4: 0 err5: 0
MVP passed: 
0.00060476, 0, 0, 0
0, -0.00107513, 0, 0
0, 0, -1, 0
-0.23546, 0.585289, 0, 1
Active MVP in shader: 
0.00060476, 0, 0, 0
0, -0.00107513, 0, 0
0, 0, -1, 0
-0.23546, 0.585289, 0, 1
err6 (draw): 0
[DEBUG] Camera position: (389.346, 544.385) zoom: 0.387054 mvpLoc: 1 isProg: 1 err1: 0 err2: 0 err3: 0 err4: 0 err5: 0
MVP passed: 
0.000604772, 0, 0, 0
0, -0.00107515, 0, 0
0, 0, -1, 0
-0.235466, 0.585296, 0, 1
Active MVP in shader: 
0.000604772, 0, 0, 0
0, -0.00107515, 0, 0
0, 0, -1, 0
-0.235466, 0.585296, 0, 1
err6 (draw): 0
[DEBUG] Camera position: (389.347, 544.381) zoom: 0.38706 mvpLoc: 1 isProg: 1 err1: 0 err2: 0 err3: 0 err4: 0 err5: 0
MVP passed: 
0.000604781, 0, 0, 0
0, -0.00107517, 0, 0
0, 0, -1, 0
-0.23547, 0.585301, 0, 1
Active MVP in shader: 
0.000604781, 0, 0, 0
0, -0.00107517, 0, 0
0, 0, -1, 0
-0.23547, 0.585301, 0, 1
err6 (draw): 0
[DEBUG] Camera position: (389.348, 544.379) zoom: 0.387064 mvpLoc: 1 isProg: 1 err1: 0 err2: 0 err3: 0 err4: 0 err5: 0
MVP passed: 
0.000604788, 0, 0, 0
0, -0.00107518, 0, 0
0, 0, -1, 0
-0.235473, 0.585305, 0, 1
Active MVP in shader: 
0.000604788, 0, 0, 0
0, -0.00107518, 0, 0
0, 0, -1, 0
-0.235473, 0.585305, 0, 1
err6 (draw): 0
[DEBUG] Camera position: (389.349, 544.378) zoom: 0.387067 mvpLoc: 1 isProg: 1 err1: 0 err2: 0 err3: 0 err4: 0 err5: 0
MVP passed: 
0.000604793, 0, 0, 0
0, -0.00107519, 0, 0
0, 0, -1, 0
-0.235476, 0.585308, 0, 1
Active MVP in shader: 
0.000604793, 0, 0, 0
0, -0.00107519, 0, 0
0, 0, -1, 0
-0.235476, 0.585308, 0, 1
err6 (draw): 0
[DEBUG] Camera position: (389.35, 544.377) zoom: 0.38707 mvpLoc: 1 isProg: 1 err1: 0 err2: 0 err3: 0 err4: 0 err5: 0
MVP passed: 
0.000604797, 0, 0, 0
0, -0.00107519, 0, 0
0, 0, -1, 0
-0.235477, 0.58531, 0, 1
Active MVP in shader: 
0.000604797, 0, 0, 0
0, -0.00107519, 0, 0
0, 0, -1, 0
-0.235477, 0.58531, 0, 1
err6 (draw): 0
[DEBUG] Camera position: (389.35, 544.376) zoom: 0.387072 mvpLoc: 1 isProg: 1 err1: 0 err2: 0 err3: 0 err4: 0 err5: 0
MVP passed: 
0.000604799, 0, 0, 0
0, -0.0010752, 0, 0
0, 0, -1, 0
-0.235478, 0.585312, 0, 1
Active MVP in shader: 
0.000604799, 0, 0, 0
0, -0.0010752, 0, 0
0, 0, -1, 0
-0.235478, 0.585312, 0, 1
err6 (draw): 0
[DEBUG] Camera position: (389.35, 544.375) zoom: 0.387072 mvpLoc: 1 isProg: 1 err1: 0 err2: 0 err3: 0 err4: 0 err5: 0
MVP passed: 
0.000604801, 0, 0, 0
0, -0.0010752, 0, 0
0, 0, -1, 0
-0.235479, 0.585312, 0, 1
Active MVP in shader: 
0.000604801, 0, 0, 0
0, -0.0010752, 0, 0
0, 0, -1, 0
-0.235479, 0.585312, 0, 1
err6 (draw): 0
[DEBUG] Camera position: (389.35, 544.375) zoom: 0.387073 mvpLoc: 1 isProg: 1 err1: 0 err2: 0 err3: 0 err4: 0 err5: 0
MVP passed: 
0.000604802, 0, 0, 0
0, -0.0010752, 0, 0
0, 0, -1, 0
-0.23548, 0.585313, 0, 1
Active MVP in shader: 
0.000604802, 0, 0, 0
0, -0.0010752, 0, 0
0, 0, -1, 0
-0.23548, 0.585313, 0, 1
err6 (draw): 0
[DEBUG] Camera position: (389.351, 544.374) zoom: 0.387074 mvpLoc: 1 isProg: 1 err1: 0 err2: 0 err3: 0 err4: 0 err5: 0
MVP passed: 
0.000604803, 0, 0, 0
0, -0.00107521, 0, 0
0, 0, -1, 0
-0.23548, 0.585314, 0, 1
Active MVP in shader: 
0.000604803, 0, 0, 0
0, -0.00107521, 0, 0
0, 0, -1, 0
-0.23548, 0.585314, 0, 1
err6 (draw): 0
[DEBUG] Camera position: (389.351, 544.374) zoom: 0.387074 mvpLoc: 1 isProg: 1 err1: 0 err2: 0 err3: 0 err4: 0 err5: 0
MVP passed: 
0.000604804, 0, 0, 0
0, -0.00107521, 0, 0
0, 0, -1, 0
-0.235481, 0.585314, 0, 1
Active MVP in shader: 
0.000604804, 0, 0, 0
0, -0.00107521, 0, 0
0, 0, -1, 0
-0.235481, 0.585314, 0, 1
err6 (draw): 0
[DEBUG] Camera position: (389.351, 544.374) zoom: 0.387075 mvpLoc: 1 isProg: 1 err1: 0 err2: 0 err3: 0 err4: 0 err5: 0
MVP passed: 
0.000604804, 0, 0, 0
0, -0.00107521, 0, 0
0, 0, -1, 0
-0.235481, 0.585315, 0, 1
Active MVP in shader: 
0.000604804, 0, 0, 0
0, -0.00107521, 0, 0
0, 0, -1, 0
-0.235481, 0.585315, 0, 1
err6 (draw): 0
[DEBUG] Camera position: (389.351, 544.374) zoom: 0.387075 mvpLoc: 1 isProg: 1 err1: 0 err2: 0 err3: 0 err4: 0 err5: 0
MVP passed: 
0.000604804, 0, 0, 0
0, -0.00107521, 0, 0
0, 0, -1, 0
-0.235481, 0.585315, 0, 1
Active MVP in shader: 
0.000604804, 0, 0, 0
0, -0.00107521, 0, 0
0, 0, -1, 0
-0.235481, 0.585315, 0, 1
err6 (draw): 0
[DEBUG] Camera position: (389.351, 544.374) zoom: 0.387075 mvpLoc: 1 isProg: 1 err1: 0 err2: 0 err3: 0 err4: 0 err5: 0
MVP passed: 
0.000604805, 0, 0, 0
0, -0.00107521, 0, 0
0, 0, -1, 0
-0.235481, 0.585315, 0, 1
Active MVP in shader: 
0.000604805, 0, 0, 0
0, -0.00107521, 0, 0
0, 0, -1, 0
-0.235481, 0.585315, 0, 1
err6 (draw): 0
[DEBUG] Camera position: (389.351, 544.373) zoom: 0.387075 mvpLoc: 1 isProg: 1 err1: 0 err2: 0 err3: 0 err4: 0 err5: 0
MVP passed: 
0.000604805, 0, 0, 0
0, -0.00107521, 0, 0
0, 0, -1, 0
-0.235481, 0.585315, 0, 1
Active MVP in shader: 
0.000604805, 0, 0, 0
0, -0.00107521, 0, 0
0, 0, -1, 0
-0.235481, 0.585315, 0, 1
err6 (draw): 0
[DEBUG] Camera position: (389.351, 544.373) zoom: 0.387075 mvpLoc: 1 isProg: 1 err1: 0 err2: 0 err3: 0 err4: 0 err5: 0
MVP passed: 
0.000604805, 0, 0, 0
0, -0.00107521, 0, 0
0, 0, -1, 0
-0.235481, 0.585314, 0, 1
Active MVP in shader: 
0.000604805, 0, 0, 0
0, -0.00107521, 0, 0
0, 0, -1, 0
-0.235481, 0.585314, 0, 1
err6 (draw): 0
[DEBUG] Camera position: (389.351, 544.373) zoom: 0.387075 mvpLoc: 1 isProg: 1 err1: 0 err2: 0 err3: 0 err4: 0 err5: 0
MVP passed: 
0.000604805, 0, 0, 0
0, -0.00107521, 0, 0
0, 0, -1, 0
-0.235481, 0.585315, 0, 1
Active MVP in shader: 
0.000604805, 0, 0, 0
0, -0.00107521, 0, 0
0, 0, -1, 0
-0.235481, 0.585315, 0, 1
err6 (draw): 0
[DEBUG] Camera position: (389.351, 544.373) zoom: 0.387075 mvpLoc: 1 isProg: 1 err1: 0 err2: 0 err3: 0 err4: 0 err5: 0
MVP passed: 
0.000604805, 0, 0, 0
0, -0.00107521, 0, 0
0, 0, -1, 0
-0.235481, 0.585314, 0, 1
Active MVP in shader: 
0.000604805, 0, 0, 0
0, -0.00107521, 0, 0
0, 0, -1, 0
-0.235481, 0.585314, 0, 1
err6 (draw): 0
[DEBUG] Camera position: (389.351, 544.373) zoom: 0.387075 mvpLoc: 1 isProg: 1 err1: 0 err2: 0 err3: 0 err4: 0 err5: 0
MVP passed: 
0.000604804, 0, 0, 0
0, -0.00107521, 0, 0
0, 0, -1, 0
-0.235481, 0.585314, 0, 1
Active MVP in shader: 
0.000604804, 0, 0, 0
0, -0.00107521, 0, 0
0, 0, -1, 0
-0.235481, 0.585314, 0, 1
err6 (draw): 0
[DEBUG] Camera position: (389.351, 544.373) zoom: 0.387075 mvpLoc: 1 isProg: 1 err1: 0 err2: 0 err3: 0 err4: 0 err5: 0
MVP passed: 
0.000604805, 0, 0, 0
0, -0.00107521, 0, 0
0, 0, -1, 0
-0.235481, 0.585315, 0, 1
Active MVP in shader: 
0.000604805, 0, 0, 0
0, -0.00107521, 0, 0
0, 0, -1, 0
-0.235481, 0.585315, 0, 1
err6 (draw): 0
[DEBUG] Camera position: (389.351, 544.373) zoom: 0.387075 mvpLoc: 1 isProg: 1 err1: 0 err2: 0 err3: 0 err4: 0 err5: 0
MVP passed: 
0.000604805, 0, 0, 0
0, -0.00107521, 0, 0
0, 0, -1, 0
-0.235481, 0.585315, 0, 1
Active MVP in shader: 
0.000604805, 0, 0, 0
0, -0.00107521, 0, 0
0, 0, -1, 0
-0.235481, 0.585315, 0, 1
err6 (draw): 0
[DEBUG] Camera position: (389.351, 544.373) zoom: 0.387075 mvpLoc: 1 isProg: 1 err1: 0 err2: 0 err3: 0 err4: 0 err5: 0
MVP passed: 
0.000604805, 0, 0, 0
0, -0.00107521, 0, 0
0, 0, -1, 0
-0.235481, 0.585315, 0, 1
Active MVP in shader: 
0.000604805, 0, 0, 0
0, -0.00107521, 0, 0
0, 0, -1, 0
-0.235481, 0.585315, 0, 1
err6 (draw): 0
[DEBUG] Camera position: (389.351, 544.374) zoom: 0.387075 mvpLoc: 1 isProg: 1 err1: 0 err2: 0 err3: 0 err4: 0 err5: 0
MVP passed: 
0.000604805, 0, 0, 0
0, -0.00107521, 0, 0
0, 0, -1, 0
-0.235481, 0.585315, 0, 1
Active MVP in shader: 
0.000604805, 0, 0, 0
0, -0.00107521, 0, 0
0, 0, -1, 0
-0.235481, 0.585315, 0, 1
err6 (draw): 0
[DEBUG] Camera position: (389.351, 544.373) zoom: 0.387075 mvpLoc: 1 isProg: 1 err1: 0 err2: 0 err3: 0 err4: 0 err5: 0
MVP passed: 
0.000604805, 0, 0, 0
0, -0.00107521, 0, 0
0, 0, -1, 0
-0.235481, 0.585315, 0, 1
Active MVP in shader: 
0.000604805, 0, 0, 0
0, -0.00107521, 0, 0
0, 0, -1, 0
-0.235481, 0.585315, 0, 1
err6 (draw): 0
[DEBUG] Camera position: (389.351, 544.373) zoom: 0.387075 mvpLoc: 1 isProg: 1 err1: 0 err2: 0 err3: 0 err4: 0 err5: 0
MVP passed: 
0.000604805, 0, 0, 0
0, -0.00107521, 0, 0
0, 0, -1, 0
-0.235481, 0.585315, 0, 1
Active MVP in shader: 
0.000604805, 0, 0, 0
0, -0.00107521, 0, 0
0, 0, -1, 0
-0.235481, 0.585315, 0, 1
err6 (draw): 0
[DEBUG] Camera position: (389.351, 544.373) zoom: 0.387075 mvpLoc: 1 isProg: 1 err1: 0 err2: 0 err3: 0 err4: 0 err5: 0
MVP passed: 
0.000604805, 0, 0, 0
0, -0.00107521, 0, 0
0, 0, -1, 0
-0.235481, 0.585315, 0, 1
Active MVP in shader: 
0.000604805, 0, 0, 0
0, -0.00107521, 0, 0
0, 0, -1, 0
-0.235481, 0.585315, 0, 1
err6 (draw): 0
[DEBUG] Camera position: (389.351, 544.374) zoom: 0.387075 mvpLoc: 1 isProg: 1 err1: 0 err2: 0 err3: 0 err4: 0 err5: 0
MVP passed: 
0.000604805, 0, 0, 0
0, -0.00107521, 0, 0
0, 0, -1, 0
-0.235481, 0.585315, 0, 1
Active MVP in shader: 
0.000604805, 0, 0, 0
0, -0.00107521, 0, 0
0, 0, -1, 0
-0.235481, 0.585315, 0, 1
err6 (draw): 0
[DEBUG] Camera position: (389.351, 544.374) zoom: 0.387075 mvpLoc: 1 isProg: 1 err1: 0 err2: 0 err3: 0 err4: 0 err5: 0
MVP passed: 
0.000604805, 0, 0, 0
0, -0.00107521, 0, 0
0, 0, -1, 0
-0.235481, 0.585315, 0, 1
Active MVP in shader: 
0.000604805, 0, 0, 0
0, -0.00107521, 0, 0
0, 0, -1, 0
-0.235481, 0.585315, 0, 1
err6 (draw): 0
[DEBUG] Camera position: (389.351, 544.374) zoom: 0.387075 mvpLoc: 1 isProg: 1 err1: 0 err2: 0 err3: 0 err4: 0 err5: 0
MVP passed: 
0.000604805, 0, 0, 0
0, -0.00107521, 0, 0
0, 0, -1, 0
-0.235481, 0.585316, 0, 1
Active MVP in shader: 
0.000604805, 0, 0, 0
0, -0.00107521, 0, 0
0, 0, -1, 0
-0.235481, 0.585316, 0, 1
err6 (draw): 0
[DEBUG] Camera position: (389.351, 544.374) zoom: 0.387075 mvpLoc: 1 isProg: 1 err1: 0 err2: 0 err3: 0 err4: 0 err5: 0
MVP passed: 
0.000604805, 0, 0, 0
0, -0.00107521, 0, 0
0, 0, -1, 0
-0.235481, 0.585316, 0, 1
Active MVP in shader: 
0.000604805, 0, 0, 0
0, -0.00107521, 0, 0
0, 0, -1, 0
-0.235481, 0.585316, 0, 1
err6 (draw): 0
[DEBUG] Camera position: (389.351, 544.373) zoom: 0.387075 mvpLoc: 1 isProg: 1 err1: 0 err2: 0 err3: 0 err4: 0 err5: 0
MVP passed: 
0.000604805, 0, 0, 0
0, -0.00107521, 0, 0
0, 0, -1, 0
-0.235481, 0.585314, 0, 1
Active MVP in shader: 
0.000604805, 0, 0, 0
0, -0.00107521, 0, 0
0, 0, -1, 0
-0.235481, 0.585314, 0, 1
err6 (draw): 0
[DEBUG] Camera position: (389.351, 544.373) zoom: 0.387075 mvpLoc: 1 isProg: 1 err1: 0 err2: 0 err3: 0 err4: 0 err5: 0
MVP passed: 
0.000604805, 0, 0, 0
0, -0.00107521, 0, 0
0, 0, -1, 0
-0.235481, 0.585315, 0, 1
Active MVP in shader: 
0.000604805, 0, 0, 0
0, -0.00107521, 0, 0
0, 0, -1, 0
-0.235481, 0.585315, 0, 1
err6 (draw): 0
[DEBUG] Camera position: (389.351, 544.373) zoom: 0.387075 mvpLoc: 1 isProg: 1 err1: 0 err2: 0 err3: 0 err4: 0 err5: 0
MVP passed: 
0.000604805, 0, 0, 0
0, -0.00107521, 0, 0
0, 0, -1, 0
-0.235481, 0.585315, 0, 1
Active MVP in shader: 
0.000604805, 0, 0, 0
0, -0.00107521, 0, 0
0, 0, -1, 0
-0.235481, 0.585315, 0, 1
err6 (draw): 0
[DEBUG] Camera position: (389.351, 544.373) zoom: 0.387075 mvpLoc: 1 isProg: 1 err1: 0 err2: 0 err3: 0 err4: 0 err5: 0
MVP passed: 
0.000604805, 0, 0, 0
0, -0.00107521, 0, 0
0, 0, -1, 0
-0.235481, 0.585315, 0, 1
Active MVP in shader: 
0.000604805, 0, 0, 0
0, -0.00107521, 0, 0
0, 0, -1, 0
-0.235481, 0.585315, 0, 1
err6 (draw): 0
[DEBUG] Camera position: (389.351, 544.372) zoom: 0.387075 mvpLoc: 1 isProg: 1 err1: 0 err2: 0 err3: 0 err4: 0 err5: 0
MVP passed: 
0.000604805, 0, 0, 0
0, -0.00107521, 0, 0
0, 0, -1, 0
-0.235481, 0.585314, 0, 1
Active MVP in shader: 
0.000604805, 0, 0, 0
0, -0.00107521, 0, 0
0, 0, -1, 0
-0.235481, 0.585314, 0, 1
err6 (draw): 0
[DEBUG] Camera position: (389.351, 544.373) zoom: 0.387075 mvpLoc: 1 isProg: 1 err1: 0 err2: 0 err3: 0 err4: 0 err5: 0
MVP passed: 
0.000604805, 0, 0, 0
0, -0.00107521, 0, 0
0, 0, -1, 0
-0.235481, 0.585314, 0, 1
Active MVP in shader: 
0.000604805, 0, 0, 0
0, -0.00107521, 0, 0
0, 0, -1, 0
-0.235481, 0.585314, 0, 1
err6 (draw): 0
[DEBUG] Camera position: (389.351, 544.373) zoom: 0.387075 mvpLoc: 1 isProg: 1 err1: 0 err2: 0 err3: 0 err4: 0 err5: 0
MVP passed: 
0.000604805, 0, 0, 0
0, -0.00107521, 0, 0
0, 0, -1, 0
-0.235481, 0.585314, 0, 1
Active MVP in shader: 
0.000604805, 0, 0, 0
0, -0.00107521, 0, 0
0, 0, -1, 0
-0.235481, 0.585314, 0, 1
err6 (draw): 0
[DEBUG] Camera position: (389.351, 544.373) zoom: 0.387075 mvpLoc: 1 isProg: 1 err1: 0 err2: 0 err3: 0 err4: 0 err5: 0
MVP passed: 
0.000604805, 0, 0, 0
0, -0.00107521, 0, 0
0, 0, -1, 0
-0.235481, 0.585315, 0, 1
Active MVP in shader: 
0.000604805, 0, 0, 0
0, -0.00107521, 0, 0
0, 0, -1, 0
-0.235481, 0.585315, 0, 1
err6 (draw): 0
[DEBUG] Camera position: (389.351, 544.373) zoom: 0.387075 mvpLoc: 1 isProg: 1 err1: 0 err2: 0 err3: 0 err4: 0 err5: 0
MVP passed: 
0.000604805, 0, 0, 0
0, -0.00107521, 0, 0
0, 0, -1, 0
-0.235481, 0.585315, 0, 1
Active MVP in shader: 
0.000604805, 0, 0, 0
0, -0.00107521, 0, 0
0, 0, -1, 0
-0.235481, 0.585315, 0, 1
err6 (draw): 0
[DEBUG] Camera position: (389.351, 544.373) zoom: 0.387076 mvpLoc: 1 isProg: 1 err1: 0 err2: 0 err3: 0 err4: 0 err5: 0
MVP passed: 
0.000604806, 0, 0, 0
0, -0.00107521, 0, 0
0, 0, -1, 0
-0.235482, 0.585315, 0, 1
Active MVP in shader: 
0.000604806, 0, 0, 0
0, -0.00107521, 0, 0
0, 0, -1, 0
-0.235482, 0.585315, 0, 1
err6 (draw): 0
[DEBUG] Camera position: (389.351, 544.373) zoom: 0.387075 mvpLoc: 1 isProg: 1 err1: 0 err2: 0 err3: 0 err4: 0 err5: 0
MVP passed: 
0.000604805, 0, 0, 0
0, -0.00107521, 0, 0
0, 0, -1, 0
-0.235481, 0.585315, 0, 1
Active MVP in shader: 
0.000604805, 0, 0, 0
0, -0.00107521, 0, 0
0, 0, -1, 0
-0.235481, 0.585315, 0, 1
err6 (draw): 0
[DEBUG] Camera position: (389.351, 544.373) zoom: 0.387075 mvpLoc: 1 isProg: 1 err1: 0 err2: 0 err3: 0 err4: 0 err5: 0
MVP passed: 
0.000604805, 0, 0, 0
0, -0.00107521, 0, 0
0, 0, -1, 0
-0.235481, 0.585315, 0, 1
Active MVP in shader: 
0.000604805, 0, 0, 0
0, -0.00107521, 0, 0
0, 0, -1, 0
-0.235481, 0.585315, 0, 1
err6 (draw): 0
[DEBUG] Camera position: (389.351, 544.373) zoom: 0.387075 mvpLoc: 1 isProg: 1 err1: 0 err2: 0 err3: 0 err4: 0 err5: 0
MVP passed: 
0.000604805, 0, 0, 0
0, -0.00107521, 0, 0
0, 0, -1, 0
-0.235481, 0.585315, 0, 1
Active MVP in shader: 
0.000604805, 0, 0, 0
0, -0.00107521, 0, 0
0, 0, -1, 0
-0.235481, 0.585315, 0, 1
err6 (draw): 0
[DEBUG] Camera position: (389.351, 544.373) zoom: 0.387075 mvpLoc: 1 isProg: 1 err1: 0 err2: 0 err3: 0 err4: 0 err5: 0
MVP passed: 
0.000604805, 0, 0, 0
0, -0.00107521, 0, 0
0, 0, -1, 0
-0.235481, 0.585315, 0, 1
Active MVP in shader: 
0.000604805, 0, 0, 0
0, -0.00107521, 0, 0
0, 0, -1, 0
-0.235481, 0.585315, 0, 1
err6 (draw): 0
[DEBUG] Camera position: (389.351, 544.373) zoom: 0.387075 mvpLoc: 1 isProg: 1 err1: 0 err2: 0 err3: 0 err4: 0 err5: 0
MVP passed: 
0.000604805, 0, 0, 0
0, -0.00107521, 0, 0
0, 0, -1, 0
-0.235481, 0.585315, 0, 1
Active MVP in shader: 
0.000604805, 0, 0, 0
0, -0.00107521, 0, 0
0, 0, -1, 0
-0.235481, 0.585315, 0, 1
err6 (draw): 0
[DEBUG] Camera position: (389.351, 544.373) zoom: 0.387075 mvpLoc: 1 isProg: 1 err1: 0 err2: 0 err3: 0 err4: 0 err5: 0
MVP passed: 
0.000604805, 0, 0, 0
0, -0.00107521, 0, 0
0, 0, -1, 0
-0.235481, 0.585315, 0, 1
Active MVP in shader: 
0.000604805, 0, 0, 0
0, -0.00107521, 0, 0
0, 0, -1, 0
-0.235481, 0.585315, 0, 1
err6 (draw): 0
[DEBUG] Camera position: (389.351, 544.373) zoom: 0.387075 mvpLoc: 1 isProg: 1 err1: 0 err2: 0 err3: 0 err4: 0 err5: 0
MVP passed: 
0.000604805, 0, 0, 0
0, -0.00107521, 0, 0
0, 0, -1, 0
-0.235481, 0.585315, 0, 1
Active MVP in shader: 
0.000604805, 0, 0, 0
0, -0.00107521, 0, 0
0, 0, -1, 0
-0.235481, 0.585315, 0, 1
err6 (draw): 0
[DEBUG] Camera position: (389.351, 544.373) zoom: 0.387075 mvpLoc: 1 isProg: 1 err1: 0 err2: 0 err3: 0 err4: 0 err5: 0
MVP passed: 
0.000604805, 0, 0, 0
0, -0.00107521, 0, 0
0, 0, -1, 0
-0.235481, 0.585315, 0, 1
Active MVP in shader: 
0.000604805, 0, 0, 0
0, -0.00107521, 0, 0
0, 0, -1, 0
-0.235481, 0.585315, 0, 1
err6 (draw): 0
[INIT] Loaded Vertex Shader Source:
#version 330 core
layout (location = 0) in vec3 aPos;
layout (location = 2) in vec2 aTexCoord;

out vec2 TexCoord;

uniform mat4 uMVP; // The Model-View-Projection matrix from the camera

void main() { 
    gl_Position = uMVP * vec4(aPos, 1.0f);
    TexCoord = aTexCoord;
}

[INIT] Loaded Fragment Shader Source:
#version 330 core
out vec4 FragColor;

in vec2 TexCoord;

uniform sampler2D ourTexture;

void main()
{
    FragColor = texture(ourTexture, TexCoord);
}

[INIT] posAttrib: 0 texAttrib: 2
[DEBUG] Camera position: (640, 480) zoom: 1 mvpLoc: 1 isProg: 1 currentProg: 1 shaderProgramID: 1 err1: 0 err2: 0 err3: 0 err4: 0 err5: 0
MVP passed: 
0.0015625, 0, 0, 0
0, -0.00277778, 0, 0
0, 0, -1, 0
-1, 1.33333, 0, 1
Active MVP in shader: 
0.0015625, 0, 0, 0
0, -0.00277778, 0, 0
0, 0, -1, 0
-1, 1.33333, 0, 1
err6 (draw): 0
[DEBUG] Camera position: (640, 480) zoom: 1 mvpLoc: 1 isProg: 1 currentProg: 1 shaderProgramID: 1 err1: 0 err2: 0 err3: 0 err4: 0 err5: 0
MVP passed: 
0.0015625, 0, 0, 0
0, -0.00277778, 0, 0
0, 0, -1, 0
-1, 1.33333, 0, 1
Active MVP in shader: 
0.0015625, 0, 0, 0
0, -0.00277778, 0, 0
0, 0, -1, 0
-1, 1.33333, 0, 1
err6 (draw): 0
[DEBUG] Camera position: (640, 480) zoom: 1 mvpLoc: 1 isProg: 1 currentProg: 1 shaderProgramID: 1 err1: 0 err2: 0 err3: 0 err4: 0 err5: 0
MVP passed: 
0.0015625, 0, 0, 0
0, -0.00277778, 0, 0
0, 0, -1, 0
-1, 1.33333, 0, 1
Active MVP in shader: 
0.0015625, 0, 0, 0
0, -0.00277778, 0, 0
0, 0, -1, 0
-1, 1.33333, 0, 1
err6 (draw): 0
[DEBUG] Camera position: (640, 480) zoom: 1 mvpLoc: 1 isProg: 1 currentProg: 1 shaderProgramID: 1 err1: 0 err2: 0 err3: 0 err4: 0 err5: 0
MVP passed: 
0.0015625, 0, 0, 0
0, -0.00277778, 0, 0
0, 0, -1, 0
-1, 1.33333, -0, 1
Active MVP in shader: 
0.0015625, 0, 0, 0
0, -0.00277778, 0, 0
0, 0, -1, 0
-1, 1.33333, -0, 1
err6 (draw): 0
[DEBUG] Camera position: (640, 480) zoom: 1 mvpLoc: 1 isProg: 1 currentProg: 1 shaderProgramID: 1 err1: 0 err2: 0 err3: 0 err4: 0 err5: 0
MVP passed: 
0.0015625, 0, 0, 0
0, -0.00277778, 0, 0
0, 0, -1, 0
-1, 1.33333, 0, 1
Active MVP in shader: 
0.0015625, 0, 0, 0
0, -0.00277778, 0, 0
0, 0, -1, 0
-1, 1.33333, 0, 1
err6 (draw): 0
[DEBUG] Camera position: (640, 480) zoom: 1 mvpLoc: 1 isProg: 1 currentProg: 1 shaderProgramID: 1 err1: 0 err2: 0 err3: 0 err4: 0 err5: 0
MVP passed: 
0.0015625, 0, 0, 0
0, -0.00277778, 0, 0
0, 0, -1, 0
-1, 1.33333, 0, 1
Active MVP in shader: 
0.0015625, 0, 0, 0
0, -0.00277778, 0, 0
0, 0, -1, 0
-1, 1.33333, 0, 1
err6 (draw): 0
[DEBUG] Camera position: (640, 480) zoom: 1 mvpLoc: 1 isProg: 1 currentProg: 1 shaderProgramID: 1 err1: 0 err2: 0 err3: 0 err4: 0 err5: 0
MVP passed: 
0.0015625, 0, 0, 0
0, -0.00277778, 0, 0
0, 0, -1, 0
-1, 1.33333, 0, 1
Active MVP in shader: 
0.0015625, 0, 0, 0
0, -0.00277778, 0, 0
0, 0, -1, 0
-1, 1.33333, 0, 1
err6 (draw): 0
[DEBUG] Camera position: (640, 480) zoom: 1 mvpLoc: 1 isProg: 1 currentProg: 1 shaderProgramID: 1 err1: 0 err2: 0 err3: 0 err4: 0 err5: 0
MVP passed: 
0.0015625, 0, 0, 0
0, -0.00277778, 0, 0
0, 0, -1, 0
-1, 1.33333, 0, 1
Active MVP in shader: 
0.0015625, 0, 0, 0
0, -0.00277778, 0, 0
0, 0, -1, 0
-1, 1.33333, 0, 1
err6 (draw): 0
[DEBUG] Camera position: (640, 480) zoom: 1 mvpLoc: 1 isProg: 1 currentProg: 1 shaderProgramID: 1 err1: 0 err2: 0 err3: 0 err4: 0 err5: 0
MVP passed: 
0.0015625, 0, 0, 0
0, -0.00277778, 0, 0
0, 0, -1, 0
-1, 1.33333, -0, 1
Active MVP in shader: 
0.0015625, 0, 0, 0
0, -0.00277778, 0, 0
0, 0, -1, 0
-1, 1.33333, -0, 1
err6 (draw): 0
[DEBUG] Camera position: (640, 480) zoom: 1 mvpLoc: 1 isProg: 1 currentProg: 1 shaderProgramID: 1 err1: 0 err2: 0 err3: 0 err4: 0 err5: 0
MVP passed: 
0.0015625, 0, 0, 0
0, -0.00277778, 0, 0
0, 0, -1, 0
-1, 1.33333, -0, 1
Active MVP in shader: 
0.0015625, 0, 0, 0
0, -0.00277778, 0, 0
0, 0, -1, 0
-1, 1.33333, -0, 1
err6 (draw): 0
[DEBUG] Camera position: (640, 480) zoom: 1 mvpLoc: 1 isProg: 1 currentProg: 1 shaderProgramID: 1 err1: 0 err2: 0 err3: 0 err4: 0 err5: 0
MVP passed: 
0.0015625, 0, 0, 0
0, -0.00277778, 0, 0
0, 0, -1, 0
-1, 1.33333, -0, 1
Active MVP in shader: 
0.0015625, 0, 0, 0
0, -0.00277778, 0, 0
0, 0, -1, 0
-1, 1.33333, -0, 1
err6 (draw): 0
[DEBUG] Camera position: (640, 480) zoom: 1 mvpLoc: 1 isProg: 1 currentProg: 1 shaderProgramID: 1 err1: 0 err2: 0 err3: 0 err4: 0 err5: 0
MVP passed: 
0.0015625, 0, 0, 0
0, -0.00277778, 0, 0
0, 0, -1, 0
-1, 1.33333, 0, 1
Active MVP in shader: 
0.0015625, 0, 0, 0
0, -0.00277778, 0, 0
0, 0, -1, 0
-1, 1.33333, 0, 1
err6 (draw): 0
[DEBUG] Camera position: (640, 480) zoom: 1 mvpLoc: 1 isProg: 1 currentProg: 1 shaderProgramID: 1 err1: 0 err2: 0 err3: 0 err4: 0 err5: 0
MVP passed: 
0.0015625, 0, 0, 0
0, -0.00277778, 0, 0
0, 0, -1, 0
-1, 1.33333, 0, 1
Active MVP in shader: 
0.0015625, 0, 0, 0
0, -0.00277778, 0, 0
0, 0, -1, 0
-1, 1.33333, 0, 1
err6 (draw): 0
[DEBUG] Camera position: (640, 480) zoom: 1 mvpLoc: 1 isProg: 1 currentProg: 1 shaderProgramID: 1 err1: 0 err2: 0 err3: 0 err4: 0 err5: 0
MVP passed: 
0.0015625, 0, 0, 0
0, -0.00277778, 0, 0
0, 0, -1, 0
-1, 1.33333, 0, 1
Active MVP in shader: 
0.0015625, 0, 0, 0
0, -0.00277778, 0, 0
0, 0, -1, 0
-1, 1.33333, 0, 1
err6 (draw): 0
[DEBUG] Camera position: (640, 480) zoom: 1 mvpLoc: 1 isProg: 1 currentProg: 1 shaderProgramID: 1 err1: 0 err2: 0 err3: 0 err4: 0 err5: 0
MVP passed: 
0.0015625, 0, 0, 0
0, -0.00277778, 0, 0
0, 0, -1, 0
-1, 1.33333, 0, 1
Active MVP in shader: 
0.0015625, 0, 0, 0
0, -0.00277778, 0, 0
0, 0, -1, 0
-1, 1.33333, 0, 1
err6 (draw): 0
[DEBUG] Camera position: (640, 480) zoom: 1 mvpLoc: 1 isProg: 1 currentProg: 1 shaderProgramID: 1 err1: 0 err2: 0 err3: 0 err4: 0 err5: 0
MVP passed: 
0.0015625, 0, 0, 0
0, -0.00277778, 0, 0
0, 0, -1, 0
-1, 1.33333, 0, 1
Active MVP in shader: 
0.0015625, 0, 0, 0
0, -0.00277778, 0, 0
0, 0, -1, 0
-1, 1.33333, 0, 1
err6 (draw): 0
[DEBUG] Camera position: (640, 480) zoom: 1 mvpLoc: 1 isProg: 1 currentProg: 1 shaderProgramID: 1 err1: 0 err2: 0 err3: 0 err4: 0 err5: 0
MVP passed: 
0.0015625, 0, 0, 0
0, -0.00277778, 0, 0
0, 0, -1, 0
-1, 1.33333, 0, 1
Active MVP in shader: 
0.0015625, 0, 0, 0
0, -0.00277778, 0, 0
0, 0, -1, 0
-1, 1.33333, 0, 1
err6 (draw): 0
[DEBUG] Camera position: (640, 480) zoom: 1 mvpLoc: 1 isProg: 1 currentProg: 1 shaderProgramID: 1 err1: 0 err2: 0 err3: 0 err4: 0 err5: 0
MVP passed: 
0.0015625, 0, 0, 0
0, -0.00277778, 0, 0
0, 0, -1, 0
-1, 1.33333, -0, 1
Active MVP in shader: 
0.0015625, 0, 0, 0
0, -0.00277778, 0, 0
0, 0, -1, 0
-1, 1.33333, -0, 1
err6 (draw): 0
[DEBUG] Camera position: (640, 480) zoom: 1 mvpLoc: 1 isProg: 1 currentProg: 1 shaderProgramID: 1 err1: 0 err2: 0 err3: 0 err4: 0 err5: 0
MVP passed: 
0.0015625, 0, 0, 0
0, -0.00277778, 0, 0
0, 0, -1, 0
-1, 1.33333, 0, 1
Active MVP in shader: 
0.0015625, 0, 0, 0
0, -0.00277778, 0, 0
0, 0, -1, 0
-1, 1.33333, 0, 1
err6 (draw): 0
[DEBUG] Camera position: (640, 480) zoom: 1 mvpLoc: 1 isProg: 1 currentProg: 1 shaderProgramID: 1 err1: 0 err2: 0 err3: 0 err4: 0 err5: 0
MVP passed: 
0.0015625, 0, 0, 0
0, -0.00277778, 0, 0
0, 0, -1, 0
-1, 1.33333, -0, 1
Active MVP in shader: 
0.0015625, 0, 0, 0
0, -0.00277778, 0, 0
0, 0, -1, 0
-1, 1.33333, -0, 1
err6 (draw): 0
[DEBUG] Camera position: (640, 480) zoom: 1 mvpLoc: 1 isProg: 1 currentProg: 1 shaderProgramID: 1 err1: 0 err2: 0 err3: 0 err4: 0 err5: 0
MVP passed: 
0.0015625, 0, 0, 0
0, -0.00277778, 0, 0
0, 0, -1, 0
-1, 1.33333, 0, 1
Active MVP in shader: 
0.0015625, 0, 0, 0
0, -0.00277778, 0, 0
0, 0, -1, 0
-1, 1.33333, 0, 1
err6 (draw): 0
[DEBUG] Camera position: (640, 480) zoom: 1 mvpLoc: 1 isProg: 1 currentProg: 1 shaderProgramID: 1 err1: 0 err2: 0 err3: 0 err4: 0 err5: 0
MVP passed: 
0.0015625, 0, 0, 0
0, -0.00277778, 0, 0
0, 0, -1, 0
-1, 1.33333, 0, 1
Active MVP in shader: 
0.0015625, 0, 0, 0
0, -0.00277778, 0, 0
0, 0, -1, 0
-1, 1.33333, 0, 1
err6 (draw): 0
[DEBUG] Camera position: (640, 480) zoom: 1 mvpLoc: 1 isProg: 1 currentProg: 1 shaderProgramID: 1 err1: 0 err2: 0 err3: 0 err4: 0 err5: 0
MVP passed: 
0.0015625, 0, 0, 0
0, -0.00277778, 0, 0
0, 0, -1, 0
-1, 1.33333, 0, 1
Active MVP in shader: 
0.0015625, 0, 0, 0
0, -0.00277778, 0, 0
0, 0, -1, 0
-1, 1.33333, 0, 1
err6 (draw): 0
[DEBUG] Camera position: (640, 480) zoom: 1 mvpLoc: 1 isProg: 1 currentProg: 1 shaderProgramID: 1 err1: 0 err2: 0 err3: 0 err4: 0 err5: 0
MVP passed: 
0.0015625, 0, 0, 0
0, -0.00277778, 0, 0
0, 0, -1, 0
-1, 1.33333, 0, 1
Active MVP in shader: 
0.0015625, 0, 0, 0
0, -0.00277778, 0, 0
0, 0, -1, 0
-1, 1.33333, 0, 1
err6 (draw): 0
[DEBUG] Camera position: (640, 480) zoom: 1 mvpLoc: 1 isProg: 1 currentProg: 1 shaderProgramID: 1 err1: 0 err2: 0 err3: 0 err4: 0 err5: 0
MVP passed: 
0.0015625, 0, 0, 0
0, -0.00277778, 0, 0
0, 0, -1, 0
-1, 1.33333, 0, 1
Active MVP in shader: 
0.0015625, 0, 0, 0
0, -0.00277778, 0, 0
0, 0, -1, 0
-1, 1.33333, 0, 1
err6 (draw): 0
[DEBUG] Camera position: (640, 480) zoom: 1 mvpLoc: 1 isProg: 1 currentProg: 1 shaderProgramID: 1 err1: 0 err2: 0 err3: 0 err4: 0 err5: 0
MVP passed: 
0.0015625, 0, 0, 0
0, -0.00277778, 0, 0
0, 0, -1, 0
-1, 1.33333, -0, 1
Active MVP in shader: 
0.0015625, 0, 0, 0
0, -0.00277778, 0, 0
0, 0, -1, 0
-1, 1.33333, -0, 1
err6 (draw): 0
[DEBUG] Camera position: (640, 480) zoom: 1 mvpLoc: 1 isProg: 1 currentProg: 1 shaderProgramID: 1 err1: 0 err2: 0 err3: 0 err4: 0 err5: 0
MVP passed: 
0.0015625, 0, 0, 0
0, -0.00277778, 0, 0
0, 0, -1, 0
-1, 1.33333, 0, 1
Active MVP in shader: 
0.0015625, 0, 0, 0
0, -0.00277778, 0, 0
0, 0, -1, 0
-1, 1.33333, 0, 1
err6 (draw): 0
[DEBUG] Camera position: (640, 480) zoom: 1 mvpLoc: 1 isProg: 1 currentProg: 1 shaderProgramID: 1 err1: 0 err2: 0 err3: 0 err4: 0 err5: 0
MVP passed: 
0.0015625, 0, 0, 0
0, -0.00277778, 0, 0
0, 0, -1, 0
-1, 1.33333, 0, 1
Active MVP in shader: 
0.0015625, 0, 0, 0
0, -0.00277778, 0, 0
0, 0, -1, 0
-1, 1.33333, 0, 1
err6 (draw): 0
[DEBUG] Camera position: (640, 480) zoom: 1 mvpLoc: 1 isProg: 1 currentProg: 1 shaderProgramID: 1 err1: 0 err2: 0 err3: 0 err4: 0 err5: 0
MVP passed: 
0.0015625, 0, 0, 0
0, -0.00277778, 0, 0
0, 0, -1, 0
-1, 1.33333, -0, 1
Active MVP in shader: 
0.0015625, 0, 0, 0
0, -0.00277778, 0, 0
0, 0, -1, 0
-1, 1.33333, -0, 1
err6 (draw): 0
[DEBUG] Camera position: (640, 480.001) zoom: 1 mvpLoc: 1 isProg: 1 currentProg: 1 shaderProgramID: 1 err1: 0 err2: 0 err3: 0 err4: 0 err5: 0
MVP passed: 
0.0015625, 0, 0, 0
0, -0.00277778, 0, 0
0, 0, -1, 0
-1, 1.33333, 0, 1
Active MVP in shader: 
0.0015625, 0, 0, 0
0, -0.00277778, 0, 0
0, 0, -1, 0
-1, 1.33333, 0, 1
err6 (draw): 0
[DEBUG] Camera position: (640, 480.001) zoom: 1 mvpLoc: 1 isProg: 1 currentProg: 1 shaderProgramID: 1 err1: 0 err2: 0 err3: 0 err4: 0 err5: 0
MVP passed: 
0.0015625, 0, 0, 0
0, -0.00277778, 0, 0
0, 0, -1, 0
-1, 1.33333, 0, 1
Active MVP in shader: 
0.0015625, 0, 0, 0
0, -0.00277778, 0, 0
0, 0, -1, 0
-1, 1.33333, 0, 1
err6 (draw): 0
[DEBUG] Camera position: (640, 480) zoom: 1 mvpLoc: 1 isProg: 1 currentProg: 1 shaderProgramID: 1 err1: 0 err2: 0 err3: 0 err4: 0 err5: 0
MVP passed: 
0.0015625, 0, 0, 0
0, -0.00277778, 0, 0
0, 0, -1, 0
-1, 1.33333, 0, 1
Active MVP in shader: 
0.0015625, 0, 0, 0
0, -0.00277778, 0, 0
0, 0, -1, 0
-1, 1.33333, 0, 1
err6 (draw): 0
[DEBUG] Camera position: (640, 480) zoom: 1 mvpLoc: 1 isProg: 1 currentProg: 1 shaderProgramID: 1 err1: 0 err2: 0 err3: 0 err4: 0 err5: 0
MVP passed: 
0.0015625, 0, 0, 0
0, -0.00277778, 0, 0
0, 0, -1, 0
-1, 1.33333, 0, 1
Active MVP in shader: 
0.0015625, 0, 0, 0
0, -0.00277778, 0, 0
0, 0, -1, 0
-1, 1.33333, 0, 1
err6 (draw): 0
[DEBUG] Camera position: (640, 480) zoom: 1 mvpLoc: 1 isProg: 1 currentProg: 1 shaderProgramID: 1 err1: 0 err2: 0 err3: 0 err4: 0 err5: 0
MVP passed: 
0.0015625, 0, 0, 0
0, -0.00277778, 0, 0
0, 0, -1, 0
-1, 1.33333, 0, 1
Active MVP in shader: 
0.0015625, 0, 0, 0
0, -0.00277778, 0, 0
0, 0, -1, 0
-1, 1.33333, 0, 1
err6 (draw): 0
[DEBUG] Camera position: (640, 480) zoom: 1 mvpLoc: 1 isProg: 1 currentProg: 1 shaderProgramID: 1 err1: 0 err2: 0 err3: 0 err4: 0 err5: 0
MVP passed: 
0.0015625, 0, 0, 0
0, -0.00277778, 0, 0
0, 0, -1, 0
-1, 1.33333, 0, 1
Active MVP in shader: 
0.0015625, 0, 0, 0
0, -0.00277778, 0, 0
0, 0, -1, 0
-1, 1.33333, 0, 1
err6 (draw): 0
[DEBUG] Camera position: (640, 480) zoom: 1 mvpLoc: 1 isProg: 1 currentProg: 1 shaderProgramID: 1 err1: 0 err2: 0 err3: 0 err4: 0 err5: 0
MVP passed: 
0.0015625, 0, 0, 0
0, -0.00277778, 0, 0
0, 0, -1, 0
-1, 1.33333, -0, 1
Active MVP in shader: 
0.0015625, 0, 0, 0
0, -0.00277778, 0, 0
0, 0, -1, 0
-1, 1.33333, -0, 1
err6 (draw): 0
[DEBUG] Camera position: (640, 480) zoom: 1 mvpLoc: 1 isProg: 1 currentProg: 1 shaderProgramID: 1 err1: 0 err2: 0 err3: 0 err4: 0 err5: 0
MVP passed: 
0.0015625, 0, 0, 0
0, -0.00277778, 0, 0
0, 0, -1, 0
-1, 1.33333, 0, 1
Active MVP in shader: 
0.0015625, 0, 0, 0
0, -0.00277778, 0, 0
0, 0, -1, 0
-1, 1.33333, 0, 1
err6 (draw): 0
[DEBUG] Camera position: (640, 480) zoom: 1 mvpLoc: 1 isProg: 1 currentProg: 1 shaderProgramID: 1 err1: 0 err2: 0 err3: 0 err4: 0 err5: 0
MVP passed: 
0.0015625, 0, 0, 0
0, -0.00277778, 0, 0
0, 0, -1, 0
-1, 1.33333, 0, 1
Active MVP in shader: 
0.0015625, 0, 0, 0
0, -0.00277778, 0, 0
0, 0, -1, 0
-1, 1.33333, 0, 1
err6 (draw): 0
[DEBUG] Camera position: (640, 480) zoom: 1 mvpLoc: 1 isProg: 1 currentProg: 1 shaderProgramID: 1 err1: 0 err2: 0 err3: 0 err4: 0 err5: 0
MVP passed: 
0.0015625, 0, 0, 0
0, -0.00277778, 0, 0
0, 0, -1, 0
-1, 1.33333, 0, 1
Active MVP in shader: 
0.0015625, 0, 0, 0
0, -0.00277778, 0, 0
0, 0, -1, 0
-1, 1.33333, 0, 1
err6 (draw): 0
[DEBUG] Camera position: (640, 480) zoom: 1 mvpLoc: 1 isProg: 1 currentProg: 1 shaderProgramID: 1 err1: 0 err2: 0 err3: 0 err4: 0 err5: 0
MVP passed: 
0.0015625, 0, 0, 0
0, -0.00277778, 0, 0
0, 0, -1, 0
-1, 1.33333, 0, 1
Active MVP in shader: 
0.0015625, 0, 0, 0
0, -0.00277778, 0, 0
0, 0, -1, 0
-1, 1.33333, 0, 1
err6 (draw): 0
[DEBUG] Camera position: (640, 480) zoom: 1 mvpLoc: 1 isProg: 1 currentProg: 1 shaderProgramID: 1 err1: 0 err2: 0 err3: 0 err4: 0 err5: 0
MVP passed: 
0.0015625, 0, 0, 0
0, -0.00277778, 0, 0
0, 0, -1, 0
-1, 1.33333, -0, 1
Active MVP in shader: 
0.0015625, 0, 0, 0
0, -0.00277778, 0, 0
0, 0, -1, 0
-1, 1.33333, -0, 1
err6 (draw): 0
[DEBUG] Camera position: (640, 480) zoom: 1 mvpLoc: 1 isProg: 1 currentProg: 1 shaderProgramID: 1 err1: 0 err2: 0 err3: 0 err4: 0 err5: 0
MVP passed: 
0.0015625, 0, 0, 0
0, -0.00277778, 0, 0
0, 0, -1, 0
-1, 1.33333, 0, 1
Active MVP in shader: 
0.0015625, 0, 0, 0
0, -0.00277778, 0, 0
0, 0, -1, 0
-1, 1.33333, 0, 1
err6 (draw): 0
[DEBUG] Camera position: (640, 480) zoom: 1 mvpLoc: 1 isProg: 1 currentProg: 1 shaderProgramID: 1 err1: 0 err2: 0 err3: 0 err4: 0 err5: 0
MVP passed: 
0.0015625, 0, 0, 0
0, -0.00277778, 0, 0
0, 0, -1, 0
-1, 1.33333, 0, 1
Active MVP in shader: 
0.0015625, 0, 0, 0
0, -0.00277778, 0, 0
0, 0, -1, 0
-1, 1.33333, 0, 1
err6 (draw): 0
[DEBUG] Camera position: (640, 480) zoom: 1 mvpLoc: 1 isProg: 1 currentProg: 1 shaderProgramID: 1 err1: 0 err2: 0 err3: 0 err4: 0 err5: 0
MVP passed: 
0.0015625, 0, 0, 0
0, -0.00277778, 0, 0
0, 0, -1, 0
-1, 1.33333, 0, 1
Active MVP in shader: 
0.0015625, 0, 0, 0
0, -0.00277778, 0, 0
0, 0, -1, 0
-1, 1.33333, 0, 1
err6 (draw): 0
[DEBUG] Camera position: (640, 480) zoom: 1 mvpLoc: 1 isProg: 1 currentProg: 1 shaderProgramID: 1 err1: 0 err2: 0 err3: 0 err4: 0 err5: 0
MVP passed: 
0.0015625, 0, 0, 0
0, -0.00277778, 0, 0
0, 0, -1, 0
-1, 1.33333, 0, 1
Active MVP in shader: 
0.0015625, 0, 0, 0
0, -0.00277778, 0, 0
0, 0, -1, 0
-1, 1.33333, 0, 1
err6 (draw): 0
[DEBUG] Camera position: (640, 480) zoom: 1 mvpLoc: 1 isProg: 1 currentProg: 1 shaderProgramID: 1 err1: 0 err2: 0 err3: 0 err4: 0 err5: 0
MVP passed: 
0.0015625, 0, 0, 0
0, -0.00277778, 0, 0
0, 0, -1, 0
-1, 1.33333, 0, 1
Active MVP in shader: 
0.0015625, 0, 0, 0
0, -0.00277778, 0, 0
0, 0, -1, 0
-1, 1.33333, 0, 1
err6 (draw): 0
[DEBUG] Camera position: (640, 480) zoom: 1 mvpLoc: 1 isProg: 1 currentProg: 1 shaderProgramID: 1 err1: 0 err2: 0 err3: 0 err4: 0 err5: 0
MVP passed: 
0.0015625, 0, 0, 0
0, -0.00277778, 0, 0
0, 0, -1, 0
-1, 1.33333, 0, 1
Active MVP in shader: 
0.0015625, 0, 0, 0
0, -0.00277778, 0, 0
0, 0, -1, 0
-1, 1.33333, 0, 1
err6 (draw): 0
[DEBUG] Camera position: (640, 480) zoom: 1 mvpLoc: 1 isProg: 1 currentProg: 1 shaderProgramID: 1 err1: 0 err2: 0 err3: 0 err4: 0 err5: 0
MVP passed: 
0.0015625, 0, 0, 0
0, -0.00277778, 0, 0
0, 0, -1, 0
-1, 1.33333, 0, 1
Active MVP in shader: 
0.0015625, 0, 0, 0
0, -0.00277778, 0, 0
0, 0, -1, 0
-1, 1.33333, 0, 1
err6 (draw): 0
[DEBUG] Camera position: (640, 480) zoom: 1 mvpLoc: 1 isProg: 1 currentProg: 1 shaderProgramID: 1 err1: 0 err2: 0 err3: 0 err4: 0 err5: 0
MVP passed: 
0.0015625, 0, 0, 0
0, -0.00277778, 0, 0
0, 0, -1, 0
-1, 1.33333, -0, 1
Active MVP in shader: 
0.0015625, 0, 0, 0
0, -0.00277778, 0, 0
0, 0, -1, 0
-1, 1.33333, -0, 1
err6 (draw): 0
[DEBUG] Camera position: (640, 480) zoom: 1 mvpLoc: 1 isProg: 1 currentProg: 1 shaderProgramID: 1 err1: 0 err2: 0 err3: 0 err4: 0 err5: 0
MVP passed: 
0.0015625, 0, 0, 0
0, -0.00277778, 0, 0
0, 0, -1, 0
-1, 1.33333, -0, 1
Active MVP in shader: 
0.0015625, 0, 0, 0
0, -0.00277778, 0, 0
0, 0, -1, 0
-1, 1.33333, -0, 1
err6 (draw): 0
[DEBUG] Camera position: (640, 480) zoom: 1 mvpLoc: 1 isProg: 1 currentProg: 1 shaderProgramID: 1 err1: 0 err2: 0 err3: 0 err4: 0 err5: 0
MVP passed: 
0.0015625, 0, 0, 0
0, -0.00277778, 0, 0
0, 0, -1, 0
-1, 1.33333, 0, 1
Active MVP in shader: 
0.0015625, 0, 0, 0
0, -0.00277778, 0, 0
0, 0, -1, 0
-1, 1.33333, 0, 1
err6 (draw): 0
[DEBUG] Camera position: (640, 480) zoom: 1 mvpLoc: 1 isProg: 1 currentProg: 1 shaderProgramID: 1 err1: 0 err2: 0 err3: 0 err4: 0 err5: 0
MVP passed: 
0.0015625, 0, 0, 0
0, -0.00277778, 0, 0
0, 0, -1, 0
-1, 1.33333, 0, 1
Active MVP in shader: 
0.0015625, 0, 0, 0
0, -0.00277778, 0, 0
0, 0, -1, 0
-1, 1.33333, 0, 1
err6 (draw): 0
[DEBUG] Camera position: (640, 480) zoom: 1 mvpLoc: 1 isProg: 1 currentProg: 1 shaderProgramID: 1 err1: 0 err2: 0 err3: 0 err4: 0 err5: 0
MVP passed: 
0.0015625, 0, 0, 0
0, -0.00277778, 0, 0
0, 0, -1, 0
-1, 1.33333, -0, 1
Active MVP in shader: 
0.0015625, 0, 0, 0
0, -0.00277778, 0, 0
0, 0, -1, 0
-1, 1.33333, -0, 1
err6 (draw): 0
[DEBUG] Camera position: (640, 480) zoom: 1 mvpLoc: 1 isProg: 1 currentProg: 1 shaderProgramID: 1 err1: 0 err2: 0 err3: 0 err4: 0 err5: 0
MVP passed: 
0.0015625, 0, 0, 0
0, -0.00277778, 0, 0
0, 0, -1, 0
-1, 1.33333, -0, 1
Active MVP in shader: 
0.0015625, 0, 0, 0
0, -0.00277778, 0, 0
0, 0, -1, 0
-1, 1.33333, -0, 1
err6 (draw): 0
[DEBUG] Camera position: (640, 480) zoom: 1 mvpLoc: 1 isProg: 1 currentProg: 1 shaderProgramID: 1 err1: 0 err2: 0 err3: 0 err4: 0 err5: 0
MVP passed: 
0.0015625, 0, 0, 0
0, -0.00277778, 0, 0
0, 0, -1, 0
-1, 1.33333, 0, 1
Active MVP in shader: 
0.0015625, 0, 0, 0
0, -0.00277778, 0, 0
0, 0, -1, 0
-1, 1.33333, 0, 1
err6 (draw): 0
[DEBUG] Camera position: (640, 480) zoom: 1 mvpLoc: 1 isProg: 1 currentProg: 1 shaderProgramID: 1 err1: 0 err2: 0 err3: 0 err4: 0 err5: 0
MVP passed: 
0.0015625, 0, 0, 0
0, -0.00277778, 0, 0
0, 0, -1, 0
-1, 1.33333, -0, 1
Active MVP in shader: 
0.0015625, 0, 0, 0
0, -0.00277778, 0, 0
0, 0, -1, 0
-1, 1.33333, -0, 1
err6 (draw): 0
[DEBUG] Camera position: (640, 480) zoom: 1 mvpLoc: 1 isProg: 1 currentProg: 1 shaderProgramID: 1 err1: 0 err2: 0 err3: 0 err4: 0 err5: 0
MVP passed: 
0.0015625, 0, 0, 0
0, -0.00277778, 0, 0
0, 0, -1, 0
-1, 1.33333, 0, 1
Active MVP in shader: 
0.0015625, 0, 0, 0
0, -0.00277778, 0, 0
0, 0, -1, 0
-1, 1.33333, 0, 1
err6 (draw): 0
[DEBUG] Camera position: (640, 480) zoom: 1 mvpLoc: 1 isProg: 1 currentProg: 1 shaderProgramID: 1 err1: 0 err2: 0 err3: 0 err4: 0 err5: 0
MVP passed: 
0.0015625, 0, 0, 0
0, -0.00277778, 0, 0
0, 0, -1, 0
-1, 1.33333, 0, 1
Active MVP in shader: 
0.0015625, 0, 0, 0
0, -0.00277778, 0, 0
0, 0, -1, 0
-1, 1.33333, 0, 1
err6 (draw): 0
[DEBUG] Camera position: (640, 480) zoom: 1 mvpLoc: 1 isProg: 1 currentProg: 1 shaderProgramID: 1 err1: 0 err2: 0 err3: 0 err4: 0 err5: 0
MVP passed: 
0.0015625, 0, 0, 0
0, -0.00277778, 0, 0
0, 0, -1, 0
-1, 1.33333, -0, 1
Active MVP in shader: 
0.0015625, 0, 0, 0
0, -0.00277778, 0, 0
0, 0, -1, 0
-1, 1.33333, -0, 1
err6 (draw): 0
[DEBUG] Camera position: (640, 480) zoom: 1 mvpLoc: 1 isProg: 1 currentProg: 1 shaderProgramID: 1 err1: 0 err2: 0 err3: 0 err4: 0 err5: 0
MVP passed: 
0.0015625, 0, 0, 0
0, -0.00277778, 0, 0
0, 0, -1, 0
-1, 1.33333, 0, 1
Active MVP in shader: 
0.0015625, 0, 0, 0
0, -0.00277778, 0, 0
0, 0, -1, 0
-1, 1.33333, 0, 1
err6 (draw): 0
[DEBUG] Camera position: (640, 480) zoom: 1 mvpLoc: 1 isProg: 1 currentProg: 1 shaderProgramID: 1 err1: 0 err2: 0 err3: 0 err4: 0 err5: 0
MVP passed: 
0.0015625, 0, 0, 0
0, -0.00277778, 0, 0
0, 0, -1, 0
-1, 1.33333, 0, 1
Active MVP in shader: 
0.0015625, 0, 0, 0
0, -0.00277778, 0, 0
0, 0, -1, 0
-1, 1.33333, 0, 1
err6 (draw): 0
[DEBUG] Camera position: (640, 480) zoom: 1 mvpLoc: 1 isProg: 1 currentProg: 1 shaderProgramID: 1 err1: 0 err2: 0 err3: 0 err4: 0 err5: 0
MVP passed: 
0.0015625, 0, 0, 0
0, -0.00277778, 0, 0
0, 0, -1, 0
-1, 1.33333, -0, 1
Active MVP in shader: 
0.0015625, 0, 0, 0
0, -0.00277778, 0, 0
0, 0, -1, 0
-1, 1.33333, -0, 1
err6 (draw): 0
[DEBUG] Camera position: (640, 480) zoom: 1 mvpLoc: 1 isProg: 1 currentProg: 1 shaderProgramID: 1 err1: 0 err2: 0 err3: 0 err4: 0 err5: 0
MVP passed: 
0.0015625, 0, 0, 0
0, -0.00277778, 0, 0
0, 0, -1, 0
-1, 1.33333, 0, 1
Active MVP in shader: 
0.0015625, 0, 0, 0
0, -0.00277778, 0, 0
0, 0, -1, 0
-1, 1.33333, 0, 1
err6 (draw): 0
[DEBUG] Camera position: (640, 480) zoom: 1 mvpLoc: 1 isProg: 1 currentProg: 1 shaderProgramID: 1 err1: 0 err2: 0 err3: 0 err4: 0 err5: 0
MVP passed: 
0.0015625, 0, 0, 0
0, -0.00277778, 0, 0
0, 0, -1, 0
-1, 1.33333, 0, 1
Active MVP in shader: 
0.0015625, 0, 0, 0
0, -0.00277778, 0, 0
0, 0, -1, 0
-1, 1.33333, 0, 1
err6 (draw): 0
[DEBUG] Camera position: (640, 480) zoom: 1 mvpLoc: 1 isProg: 1 currentProg: 1 shaderProgramID: 1 err1: 0 err2: 0 err3: 0 err4: 0 err5: 0
MVP passed: 
0.0015625, 0, 0, 0
0, -0.00277778, 0, 0
0, 0, -1, 0
-1, 1.33333, 0, 1
Active MVP in shader: 
0.0015625, 0, 0, 0
0, -0.00277778, 0, 0
0, 0, -1, 0
-1, 1.33333, 0, 1
err6 (draw): 0
[DEBUG] Camera position: (640, 480) zoom: 1 mvpLoc: 1 isProg: 1 currentProg: 1 shaderProgramID: 1 err1: 0 err2: 0 err3: 0 err4: 0 err5: 0
MVP passed: 
0.0015625, 0, 0, 0
0, -0.00277778, 0, 0
0, 0, -1, 0
-1, 1.33333, 0, 1
Active MVP in shader: 
0.0015625, 0, 0, 0
0, -0.00277778, 0, 0
0, 0, -1, 0
-1, 1.33333, 0, 1
err6 (draw): 0
[DEBUG] Camera position: (640, 480) zoom: 1 mvpLoc: 1 isProg: 1 currentProg: 1 shaderProgramID: 1 err1: 0 err2: 0 err3: 0 err4: 0 err5: 0
MVP passed: 
0.0015625, 0, 0, 0
0, -0.00277778, 0, 0
0, 0, -1, 0
-1, 1.33333, 0, 1
Active MVP in shader: 
0.0015625, 0, 0, 0
0, -0.00277778, 0, 0
0, 0, -1, 0
-1, 1.33333, 0, 1
err6 (draw): 0
[DEBUG] Camera position: (640, 480) zoom: 1 mvpLoc: 1 isProg: 1 currentProg: 1 shaderProgramID: 1 err1: 0 err2: 0 err3: 0 err4: 0 err5: 0
MVP passed: 
0.0015625, 0, 0, 0
0, -0.00277778, 0, 0
0, 0, -1, 0
-1, 1.33333, 0, 1
Active MVP in shader: 
0.0015625, 0, 0, 0
0, -0.00277778, 0, 0
0, 0, -1, 0
-1, 1.33333, 0, 1
err6 (draw): 0
[DEBUG] Camera position: (640, 480) zoom: 1 mvpLoc: 1 isProg: 1 currentProg: 1 shaderProgramID: 1 err1: 0 err2: 0 err3: 0 err4: 0 err5: 0
MVP passed: 
0.0015625, 0, 0, 0
0, -0.00277778, 0, 0
0, 0, -1, 0
-1, 1.33333, -0, 1
Active MVP in shader: 
0.0015625, 0, 0, 0
0, -0.00277778, 0, 0
0, 0, -1, 0
-1, 1.33333, -0, 1
err6 (draw): 0
[DEBUG] Camera position: (640, 480) zoom: 1 mvpLoc: 1 isProg: 1 currentProg: 1 shaderProgramID: 1 err1: 0 err2: 0 err3: 0 err4: 0 err5: 0
MVP passed: 
0.0015625, 0, 0, 0
0, -0.00277778, 0, 0
0, 0, -1, 0
-1, 1.33333, 0, 1
Active MVP in shader: 
0.0015625, 0, 0, 0
0, -0.00277778, 0, 0
0, 0, -1, 0
-1, 1.33333, 0, 1
err6 (draw): 0
[DEBUG] Camera position: (640, 480) zoom: 1 mvpLoc: 1 isProg: 1 currentProg: 1 shaderProgramID: 1 err1: 0 err2: 0 err3: 0 err4: 0 err5: 0
MVP passed: 
0.0015625, 0, 0, 0
0, -0.00277778, 0, 0
0, 0, -1, 0
-1, 1.33333, 0, 1
Active MVP in shader: 
0.0015625, 0, 0, 0
0, -0.00277778, 0, 0
0, 0, -1, 0
-1, 1.33333, 0, 1
err6 (draw): 0
[DEBUG] Camera position: (640, 480) zoom: 1 mvpLoc: 1 isProg: 1 currentProg: 1 shaderProgramID: 1 err1: 0 err2: 0 err3: 0 err4: 0 err5: 0
MVP passed: 
0.0015625, 0, 0, 0
0, -0.00277778, 0, 0
0, 0, -1, 0
-1, 1.33333, 0, 1
Active MVP in shader: 
0.0015625, 0, 0, 0
0, -0.00277778, 0, 0
0, 0, -1, 0
-1, 1.33333, 0, 1
err6 (draw): 0
[DEBUG] Camera position: (640, 480) zoom: 1 mvpLoc: 1 isProg: 1 currentProg: 1 shaderProgramID: 1 err1: 0 err2: 0 err3: 0 err4: 0 err5: 0
MVP passed: 
0.0015625, 0, 0, 0
0, -0.00277778, 0, 0
0, 0, -1, 0
-1, 1.33333, 0, 1
Active MVP in shader: 
0.0015625, 0, 0, 0
0, -0.00277778, 0, 0
0, 0, -1, 0
-1, 1.33333, 0, 1
err6 (draw): 0
[DEBUG] Camera position: (640, 480) zoom: 1 mvpLoc: 1 isProg: 1 currentProg: 1 shaderProgramID: 1 err1: 0 err2: 0 err3: 0 err4: 0 err5: 0
MVP passed: 
0.0015625, 0, 0, 0
0, -0.00277778, 0, 0
0, 0, -1, 0
-1, 1.33333, 0, 1
Active MVP in shader: 
0.0015625, 0, 0, 0
0, -0.00277778, 0, 0
0, 0, -1, 0
-1, 1.33333, 0, 1
err6 (draw): 0
[DEBUG] Camera position: (640, 480) zoom: 1 mvpLoc: 1 isProg: 1 currentProg: 1 shaderProgramID: 1 err1: 0 err2: 0 err3: 0 err4: 0 err5: 0
MVP passed: 
0.0015625, 0, 0, 0
0, -0.00277778, 0, 0
0, 0, -1, 0
-1, 1.33333, 0, 1
Active MVP in shader: 
0.0015625, 0, 0, 0
0, -0.00277778, 0, 0
0, 0, -1, 0
-1, 1.33333, 0, 1
err6 (draw): 0
[DEBUG] Camera position: (640, 480) zoom: 1 mvpLoc: 1 isProg: 1 currentProg: 1 shaderProgramID: 1 err1: 0 err2: 0 err3: 0 err4: 0 err5: 0
MVP passed: 
0.0015625, 0, 0, 0
0, -0.00277778, 0, 0
0, 0, -1, 0
-1, 1.33333, -0, 1
Active MVP in shader: 
0.0015625, 0, 0, 0
0, -0.00277778, 0, 0
0, 0, -1, 0
-1, 1.33333, -0, 1
err6 (draw): 0
[DEBUG] Camera position: (640, 480) zoom: 1 mvpLoc: 1 isProg: 1 currentProg: 1 shaderProgramID: 1 err1: 0 err2: 0 err3: 0 err4: 0 err5: 0
MVP passed: 
0.0015625, 0, 0, 0
0, -0.00277778, 0, 0
0, 0, -1, 0
-1, 1.33333, -0, 1
Active MVP in shader: 
0.0015625, 0, 0, 0
0, -0.00277778, 0, 0
0, 0, -1, 0
-1, 1.33333, -0, 1
err6 (draw): 0
[DEBUG] Camera position: (640, 480) zoom: 1 mvpLoc: 1 isProg: 1 currentProg: 1 shaderProgramID: 1 err1: 0 err2: 0 err3: 0 err4: 0 err5: 0
MVP passed: 
0.0015625, 0, 0, 0
0, -0.00277778, 0, 0
0, 0, -1, 0
-1, 1.33333, 0, 1
Active MVP in shader: 
0.0015625, 0, 0, 0
0, -0.00277778, 0, 0
0, 0, -1, 0
-1, 1.33333, 0, 1
err6 (draw): 0
[DEBUG] Camera position: (639.148, 479.401) zoom: 0.996022 mvpLoc: 1 isProg: 1 currentProg: 1 shaderProgramID: 1 err1: 0 err2: 0 err3: 0 err4: 0 err5: 0
MVP passed: 
0.00155629, 0, 0, 0
0, -0.00276673, 0, 0
0, 0, -1, 0
-0.994697, 1.32637, 0, 1
Active MVP in shader: 
0.00155629, 0, 0, 0
0, -0.00276673, 0, 0
0, 0, -1, 0
-0.994697, 1.32637, 0, 1
err6 (draw): 0
[DEBUG] Camera position: (627.415, 471.117) zoom: 0.945546 mvpLoc: 1 isProg: 1 currentProg: 1 shaderProgramID: 1 err1: 0 err2: 0 err3: 0 err4: 0 err5: 0
MVP passed: 
0.00147742, 0, 0, 0
0, -0.00262652, 0, 0
0, 0, -1, 0
-0.926953, 1.2374, 0, 1
Active MVP in shader: 
0.00147742, 0, 0, 0
0, -0.00262652, 0, 0
0, 0, -1, 0
-0.926953, 1.2374, 0, 1
err6 (draw): 0
[DEBUG] Camera position: (604.198, 454.609) zoom: 0.86763 mvpLoc: 1 isProg: 1 currentProg: 1 shaderProgramID: 1 err1: 0 err2: 0 err3: 0 err4: 0 err5: 0
MVP passed: 
0.00135567, 0, 0, 0
0, -0.00241008, 0, 0
0, 0, -1, 0
-0.819094, 1.09565, 0, 1
Active MVP in shader: 
0.00135567, 0, 0, 0
0, -0.00241008, 0, 0
0, 0, -1, 0
-0.819094, 1.09565, 0, 1
err6 (draw): 0
[DEBUG] Camera position: (567, 428.043) zoom: 0.773994 mvpLoc: 1 isProg: 1 currentProg: 1 shaderProgramID: 1 err1: 0 err2: 0 err3: 0 err4: 0 err5: 0
MVP passed: 
0.00120937, 0, 0, 0
0, -0.00214998, 0, 0
0, 0, -1, 0
-0.68571, 0.920285, 0, 1
Active MVP in shader: 
0.00120937, 0, 0, 0
0, -0.00214998, 0, 0
0, 0, -1, 0
-0.68571, 0.920285, 0, 1
err6 (draw): 0
[DEBUG] Camera position: (533.023, 403.761) zoom: 0.696236 mvpLoc: 1 isProg: 1 currentProg: 1 shaderProgramID: 1 err1: 0 err2: 0 err3: 0 err4: 0 err5: 0
MVP passed: 
0.00108787, 0, 0, 0
0, -0.00193399, 0, 0
0, 0, -1, 0
-0.57986, 0.78087, 0, 1
Active MVP in shader: 
0.00108787, 0, 0, 0
0, -0.00193399, 0, 0
0, 0, -1, 0
-0.57986, 0.78087, 0, 1
err6 (draw): 0
[DEBUG] Camera position: (506.749, 384.983) zoom: 0.636104 mvpLoc: 1 isProg: 1 currentProg: 1 shaderProgramID: 1 err1: 0 err2: 0 err3: 0 err4: 0 err5: 0
MVP passed: 
0.000993913, 0, 0, 0
0, -0.00176696, 0, 0
0, 0, -1, 0
-0.503665, 0.680249, 0, 1
Active MVP in shader: 
0.000993913, 0, 0, 0
0, -0.00176696, 0, 0
0, 0, -1, 0
-0.503665, 0.680249, 0, 1
err6 (draw): 0
[DEBUG] Camera position: (485.965, 370.129) zoom: 0.588537 mvpLoc: 1 isProg: 1 currentProg: 1 shaderProgramID: 1 err1: 0 err2: 0 err3: 0 err4: 0 err5: 0
MVP passed: 
0.000919589, 0, 0, 0
0, -0.00163483, 0, 0
0, 0, -1, 0
-0.446888, 0.605095, 0, 1
Active MVP in shader: 
0.000919589, 0, 0, 0
0, -0.00163483, 0, 0
0, 0, -1, 0
-0.446888, 0.605095, 0, 1
err6 (draw): 0
[DEBUG] Camera position: (469.76, 358.548) zoom: 0.551452 mvpLoc: 1 isProg: 1 currentProg: 1 shaderProgramID: 1 err1: 0 err2: 0 err3: 0 err4: 0 err5: 0
MVP passed: 
0.000861643, 0, 0, 0
0, -0.00153181, 0, 0
0, 0, -1, 0
-0.404766, 0.549227, 0, 1
Active MVP in shader: 
0.000861643, 0, 0, 0
0, -0.00153181, 0, 0
0, 0, -1, 0
-0.404766, 0.549227, 0, 1
err6 (draw): 0
[DEBUG] Camera position: (456.537, 349.097) zoom: 0.521187 mvpLoc: 1 isProg: 1 currentProg: 1 shaderProgramID: 1 err1: 0 err2: 0 err3: 0 err4: 0 err5: 0
MVP passed: 
0.000814355, 0, 0, 0
0, -0.00144774, 0, 0
0, 0, -1, 0
-0.371783, 0.505402, 0, 1
Active MVP in shader: 
0.000814355, 0, 0, 0
0, -0.00144774, 0, 0
0, 0, -1, 0
-0.371783, 0.505402, 0, 1
err6 (draw): 0
[DEBUG] Camera position: (447.891, 342.917) zoom: 0.5014 mvpLoc: 1 isProg: 1 currentProg: 1 shaderProgramID: 1 err1: 0 err2: 0 err3: 0 err4: 0 err5: 0
MVP passed: 
0.000783438, 0, 0, 0
0, -0.00139278, 0, 0
0, 0, -1, 0
-0.350895, 0.477608, 0, 1
Active MVP in shader: 
0.000783438, 0, 0, 0
0, -0.00139278, 0, 0
0, 0, -1, 0
-0.350895, 0.477608, 0, 1
err6 (draw): 0
[DEBUG] Camera position: (441.654, 338.46) zoom: 0.487127 mvpLoc: 1 isProg: 1 currentProg: 1 shaderProgramID: 1 err1: 0 err2: 0 err3: 0 err4: 0 err5: 0
MVP passed: 
0.000761137, 0, 0, 0
0, -0.00135313, 0, 0
0, 0, -1, 0
-0.336159, 0.457981, 0, 1
Active MVP in shader: 
0.000761137, 0, 0, 0
0, -0.00135313, 0, 0
0, 0, -1, 0
-0.336159, 0.457981, 0, 1
err6 (draw): 0
[DEBUG] Camera position: (436.852, 335.028) zoom: 0.476137 mvpLoc: 1 isProg: 1 currentProg: 1 shaderProgramID: 1 err1: 0 err2: 0 err3: 0 err4: 0 err5: 0
MVP passed: 
0.000743965, 0, 0, 0
0, -0.0013226, 0, 0
0, 0, -1, 0
-0.325003, 0.44311, 0, 1
Active MVP in shader: 
0.000743965, 0, 0, 0
0, -0.0013226, 0, 0
0, 0, -1, 0
-0.325003, 0.44311, 0, 1
err6 (draw): 0
[DEBUG] Camera position: (433.536, 332.659) zoom: 0.46855 mvpLoc: 1 isProg: 1 currentProg: 1 shaderProgramID: 1 err1: 0 err2: 0 err3: 0 err4: 0 err5: 0
MVP passed: 
0.000732109, 0, 0, 0
0, -0.00130153, 0, 0
0, 0, -1, 0
-0.317396, 0.432964, 0, 1
Active MVP in shader: 
0.000732109, 0, 0, 0
0, -0.00130153, 0, 0
0, 0, -1, 0
-0.317396, 0.432964, 0, 1
err6 (draw): 0
[DEBUG] Camera position: (431.027, 330.865) zoom: 0.462807 mvpLoc: 1 isProg: 1 currentProg: 1 shaderProgramID: 1 err1: 0 err2: 0 err3: 0 err4: 0 err5: 0
MVP passed: 
0.000723136, 0, 0, 0
0, -0.00128557, 0, 0
0, 0, -1, 0
-0.311691, 0.425352, 0, 1
Active MVP in shader: 
0.000723136, 0, 0, 0
0, -0.00128557, 0, 0
0, 0, -1, 0
-0.311691, 0.425352, 0, 1
err6 (draw): 0
[DEBUG] Camera position: (429.051, 329.453) zoom: 0.458284 mvpLoc: 1 isProg: 1 currentProg: 1 shaderProgramID: 1 err1: 0 err2: 0 err3: 0 err4: 0 err5: 0
MVP passed: 
0.000716068, 0, 0, 0
0, -0.00127301, 0, 0
0, 0, -1, 0
-0.30723, 0.419397, 0, 1
Active MVP in shader: 
0.000716068, 0, 0, 0
0, -0.00127301, 0, 0
0, 0, -1, 0
-0.30723, 0.419397, 0, 1
err6 (draw): 0
[DEBUG] Camera position: (427.565, 328.391) zoom: 0.454883 mvpLoc: 1 isProg: 1 currentProg: 1 shaderProgramID: 1 err1: 0 err2: 0 err3: 0 err4: 0 err5: 0
MVP passed: 
0.000710755, 0, 0, 0
0, -0.00126356, 0, 0
0, 0, -1, 0
-0.303894, 0.414943, 0, 1
Active MVP in shader: 
0.000710755, 0, 0, 0
0, -0.00126356, 0, 0
0, 0, -1, 0
-0.303894, 0.414943, 0, 1
err6 (draw): 0
[DEBUG] Camera position: (426.428, 327.579) zoom: 0.452283 mvpLoc: 1 isProg: 1 currentProg: 1 shaderProgramID: 1 err1: 0 err2: 0 err3: 0 err4: 0 err5: 0
MVP passed: 
0.000706692, 0, 0, 0
0, -0.00125634, 0, 0
0, 0, -1, 0
-0.301354, 0.41155, 0, 1
Active MVP in shader: 
0.000706692, 0, 0, 0
0, -0.00125634, 0, 0
0, 0, -1, 0
-0.301354, 0.41155, 0, 1
err6 (draw): 0
[DEBUG] Camera position: (425.571, 326.966) zoom: 0.450321 mvpLoc: 1 isProg: 1 currentProg: 1 shaderProgramID: 1 err1: 0 err2: 0 err3: 0 err4: 0 err5: 0
MVP passed: 
0.000703626, 0, 0, 0
0, -0.00125089, 0, 0
0, 0, -1, 0
-0.299443, 0.408999, 0, 1
Active MVP in shader: 
0.000703626, 0, 0, 0
0, -0.00125089, 0, 0
0, 0, -1, 0
-0.299443, 0.408999, 0, 1
err6 (draw): 0
[DEBUG] Camera position: (424.914, 326.496) zoom: 0.448816 mvpLoc: 1 isProg: 1 currentProg: 1 shaderProgramID: 1 err1: 0 err2: 0 err3: 0 err4: 0 err5: 0
MVP passed: 
0.000701274, 0, 0, 0
0, -0.00124671, 0, 0
0, 0, -1, 0
-0.297981, 0.407045, 0, 1
Active MVP in shader: 
0.000701274, 0, 0, 0
0, -0.00124671, 0, 0
0, 0, -1, 0
-0.297981, 0.407045, 0, 1
err6 (draw): 0
[DEBUG] Camera position: (424.406, 326.133) zoom: 0.447654 mvpLoc: 1 isProg: 1 currentProg: 1 shaderProgramID: 1 err1: 0 err2: 0 err3: 0 err4: 0 err5: 0
MVP passed: 
0.000699459, 0, 0, 0
0, -0.00124348, 0, 0
0, 0, -1, 0
-0.296855, 0.405541, 0, 1
Active MVP in shader: 
0.000699459, 0, 0, 0
0, -0.00124348, 0, 0
0, 0, -1, 0
-0.296855, 0.405541, 0, 1
err6 (draw): 0
[DEBUG] Camera position: (423.99, 325.836) zoom: 0.446703 mvpLoc: 1 isProg: 1 currentProg: 1 shaderProgramID: 1 err1: 0 err2: 0 err3: 0 err4: 0 err5: 0
MVP passed: 
0.000697973, 0, 0, 0
0, -0.00124084, 0, 0
0, 0, -1, 0
-0.295934, 0.40431, 0, 1
Active MVP in shader: 
0.000697973, 0, 0, 0
0, -0.00124084, 0, 0
0, 0, -1, 0
-0.295934, 0.40431, 0, 1
err6 (draw): 0
[DEBUG] Camera position: (429.056, 328.902) zoom: 0.453531 mvpLoc: 1 isProg: 1 currentProg: 1 shaderProgramID: 1 err1: 0 err2: 0 err3: 0 err4: 0 err5: 0
MVP passed: 
0.000708642, 0, 0, 0
0, -0.00125981, 0, 0
0, 0, -1, 0
-0.304047, 0.414353, 0, 1
Active MVP in shader: 
0.000708642, 0, 0, 0
0, -0.00125981, 0, 0
0, 0, -1, 0
-0.304047, 0.414353, 0, 1
err6 (draw): 0
[DEBUG] Camera position: (438.752, 334.805) zoom: 0.466908 mvpLoc: 1 isProg: 1 currentProg: 1 shaderProgramID: 1 err1: 0 err2: 0 err3: 0 err4: 0 err5: 0
MVP passed: 
0.000729544, 0, 0, 0
0, -0.00129697, 0, 0
0, 0, -1, 0
-0.320088, 0.434231, 0, 1
Active MVP in shader: 
0.000729544, 0, 0, 0
0, -0.00129697, 0, 0
0, 0, -1, 0
-0.320088, 0.434231, 0, 1
err6 (draw): 0
[DEBUG] Camera position: (453.152, 343.591) zoom: 0.490172 mvpLoc: 1 isProg: 1 currentProg: 1 shaderProgramID: 1 err1: 0 err2: 0 err3: 0 err4: 0 err5: 0
MVP passed: 
0.000765894, 0, 0, 0
0, -0.00136159, 0, 0
0, 0, -1, 0
-0.347066, 0.46783, 0, 1
Active MVP in shader: 
0.000765894, 0, 0, 0
0, -0.00136159, 0, 0
0, 0, -1, 0
-0.347066, 0.46783, 0, 1
err6 (draw): 0
[DEBUG] Camera position: (470.74, 354.329) zoom: 0.522484 mvpLoc: 1 isProg: 1 currentProg: 1 shaderProgramID: 1 err1: 0 err2: 0 err3: 0 err4: 0 err5: 0
MVP passed: 
0.000816381, 0, 0, 0
0, -0.00145134, 0, 0
0, 0, -1, 0
-0.384304, 0.514254, 0, 1
Active MVP in shader: 
0.000816381, 0, 0, 0
0, -0.00145134, 0, 0
0, 0, -1, 0
-0.384304, 0.514254, 0, 1
err6 (draw): 0
[DEBUG] Camera position: (488.545, 365.203) zoom: 0.558169 mvpLoc: 1 isProg: 1 currentProg: 1 shaderProgramID: 1 err1: 0 err2: 0 err3: 0 err4: 0 err5: 0
MVP passed: 
0.000872139, 0, 0, 0
0, -0.00155047, 0, 0
0, 0, -1, 0
-0.426079, 0.566235, 0, 1
Active MVP in shader: 
0.000872139, 0, 0, 0
0, -0.00155047, 0, 0
0, 0, -1, 0
-0.426079, 0.566235, 0, 1
err6 (draw): 0
[DEBUG] Camera position: (507.95, 377.057) zoom: 0.604846 mvpLoc: 1 isProg: 1 currentProg: 1 shaderProgramID: 1 err1: 0 err2: 0 err3: 0 err4: 0 err5: 0
MVP passed: 
0.000945071, 0, 0, 0
0, -0.00168013, 0, 0
0, 0, -1, 0
-0.480049, 0.633503, 0, 1
Active MVP in shader: 
0.000945071, 0, 0, 0
0, -0.00168013, 0, 0
0, 0, -1, 0
-0.480049, 0.633503, 0, 1
err6 (draw): 0
[DEBUG] Camera position: (524.38, 387.093) zoom: 0.645578 mvpLoc: 1 isProg: 1 currentProg: 1 shaderProgramID: 1 err1: 0 err2: 0 err3: 0 err4: 0 err5: 0
MVP passed: 
0.00100872, 0, 0, 0
0, -0.00179327, 0, 0
0, 0, -1, 0
-0.52895, 0.694164, 0, 1
Active MVP in shader: 
0.00100872, 0, 0, 0
0, -0.00179327, 0, 0
0, 0, -1, 0
-0.52895, 0.694164, 0, 1
err6 (draw): 0
[DEBUG] Camera position: (536.82, 394.693) zoom: 0.676422 mvpLoc: 1 isProg: 1 currentProg: 1 shaderProgramID: 1 err1: 0 err2: 0 err3: 0 err4: 0 err5: 0
MVP passed: 
0.00105691, 0, 0, 0
0, -0.00187895, 0, 0
0, 0, -1, 0
-0.56737, 0.741608, 0, 1
Active MVP in shader: 
0.00105691, 0, 0, 0
0, -0.00187895, 0, 0
0, 0, -1, 0
-0.56737, 0.741608, 0, 1
err6 (draw): 0
[DEBUG] Camera position: (546.142, 400.387) zoom: 0.699533 mvpLoc: 1 isProg: 1 currentProg: 1 shaderProgramID: 1 err1: 0 err2: 0 err3: 0 err4: 0 err5: 0
MVP passed: 
0.00109302, 0, 0, 0
0, -0.00194315, 0, 0
0, 0, -1, 0
-0.596944, 0.778012, 0, 1
Active MVP in shader: 
0.00109302, 0, 0, 0
0, -0.00194315, 0, 0
0, 0, -1, 0
-0.596944, 0.778012, 0, 1
err6 (draw): 0
[DEBUG] Camera position: (553.244, 404.726) zoom: 0.717143 mvpLoc: 1 isProg: 1 currentProg: 1 shaderProgramID: 1 err1: 0 err2: 0 err3: 0 err4: 0 err5: 0
MVP passed: 
0.00112054, 0, 0, 0
0, -0.00199206, 0, 0
0, 0, -1, 0
-0.61993, 0.80624, 0, 1
Active MVP in shader: 
0.00112054, 0, 0, 0
0, -0.00199206, 0, 0
0, 0, -1, 0
-0.61993, 0.80624, 0, 1
err6 (draw): 0
[DEBUG] Camera position: (562.237, 410.174) zoom: 0.74591 mvpLoc: 1 isProg: 1 currentProg: 1 shaderProgramID: 1 err1: 0 err2: 0 err3: 0 err4: 0 err5: 0
MVP passed: 
0.00116548, 0, 0, 0
0, -0.00207197, 0, 0
0, 0, -1, 0
-0.655278, 0.84987, 0, 1
Active MVP in shader: 
0.00116548, 0, 0, 0
0, -0.00207197, 0, 0
0, 0, -1, 0
-0.655278, 0.84987, 0, 1
err6 (draw): 0
[DEBUG] Camera position: (571.711, 415.891) zoom: 0.779594 mvpLoc: 1 isProg: 1 currentProg: 1 shaderProgramID: 1 err1: 0 err2: 0 err3: 0 err4: 0 err5: 0
MVP passed: 
0.00121812, 0, 0, 0
0, -0.00216554, 0, 0
0, 0, -1, 0
-0.69641, 0.900629, 0, 1
Active MVP in shader: 
0.00121812, 0, 0, 0
0, -0.00216554, 0, 0
0, 0, -1, 0
-0.69641, 0.900629, 0, 1
err6 (draw): 0
[DEBUG] Camera position: (579.182, 420.399) zoom: 0.806156 mvpLoc: 1 isProg: 1 currentProg: 1 shaderProgramID: 1 err1: 0 err2: 0 err3: 0 err4: 0 err5: 0
MVP passed: 
0.00125962, 0, 0, 0
0, -0.00223932, 0, 0
0, 0, -1, 0
-0.729548, 0.941409, 0, 1
Active MVP in shader: 
0.00125962, 0, 0, 0
0, -0.00223932, 0, 0
0, 0, -1, 0
-0.729548, 0.941409, 0, 1
err6 (draw): 0
[DEBUG] Camera position: (584.858, 423.824) zoom: 0.826333 mvpLoc: 1 isProg: 1 currentProg: 1 shaderProgramID: 1 err1: 0 err2: 0 err3: 0 err4: 0 err5: 0
MVP passed: 
0.00129115, 0, 0, 0
0, -0.00229537, 0, 0
0, 0, -1, 0
-0.755137, 0.972833, 0, 1
Active MVP in shader: 
0.00129115, 0, 0, 0
0, -0.00229537, 0, 0
0, 0, -1, 0
-0.755137, 0.972833, 0, 1
err6 (draw): 0
[DEBUG] Camera position: (589.159, 426.419) zoom: 0.841625 mvpLoc: 1 isProg: 1 currentProg: 1 shaderProgramID: 1 err1: 0 err2: 0 err3: 0 err4: 0 err5: 0
MVP passed: 
0.00131504, 0, 0, 0
0, -0.00233785, 0, 0
0, 0, -1, 0
-0.774767, 0.996904, 0, 1
Active MVP in shader: 
0.00131504, 0, 0, 0
0, -0.00233785, 0, 0
0, 0, -1, 0
-0.774767, 0.996904, 0, 1
err6 (draw): 0
[DEBUG] Camera position: (592.588, 428.488) zoom: 0.853816 mvpLoc: 1 isProg: 1 currentProg: 1 shaderProgramID: 1 err1: 0 err2: 0 err3: 0 err4: 0 err5: 0
MVP passed: 
0.00133409, 0, 0, 0
0, -0.00237171, 0, 0
0, 0, -1, 0
-0.790564, 1.01625, 0, 1
Active MVP in shader: 
0.00133409, 0, 0, 0
0, -0.00237171, 0, 0
0, 0, -1, 0
-0.790564, 1.01625, 0, 1
err6 (draw): 0
[DEBUG] Camera position: (595.101, 430.005) zoom: 0.862752 mvpLoc: 1 isProg: 1 currentProg: 1 shaderProgramID: 1 err1: 0 err2: 0 err3: 0 err4: 0 err5: 0
MVP passed: 
0.00134805, 0, 0, 0
0, -0.00239653, 0, 0
0, 0, -1, 0
-0.802225, 1.03052, 0, 1
Active MVP in shader: 
0.00134805, 0, 0, 0
0, -0.00239653, 0, 0
0, 0, -1, 0
-0.802225, 1.03052, 0, 1
err6 (draw): 0
[DEBUG] Camera position: (597.062, 431.189) zoom: 0.869725 mvpLoc: 1 isProg: 1 currentProg: 1 shaderProgramID: 1 err1: 0 err2: 0 err3: 0 err4: 0 err5: 0
MVP passed: 
0.00135894, 0, 0, 0
0, -0.0024159, 0, 0
0, 0, -1, 0
-0.811374, 1.04171, 0, 1
Active MVP in shader: 
0.00135894, 0, 0, 0
0, -0.0024159, 0, 0
0, 0, -1, 0
-0.811374, 1.04171, 0, 1
err6 (draw): 0
[DEBUG] Camera position: (601.909, 434.097) zoom: 0.894077 mvpLoc: 1 isProg: 1 currentProg: 1 shaderProgramID: 1 err1: 0 err2: 0 err3: 0 err4: 0 err5: 0
MVP passed: 
0.001397, 0, 0, 0
0, -0.00248355, 0, 0
0, 0, -1, 0
-0.840864, 1.0781, 0, 1
Active MVP in shader: 
0.001397, 0, 0, 0
0, -0.00248355, 0, 0
0, 0, -1, 0
-0.840864, 1.0781, 0, 1
err6 (draw): 0
[DEBUG] Camera position: (611.102, 439.606) zoom: 0.950312 mvpLoc: 1 isProg: 1 currentProg: 1 shaderProgramID: 1 err1: 0 err2: 0 err3: 0 err4: 0 err5: 0
MVP passed: 
0.00148486, 0, 0, 0
0, -0.00263976, 0, 0
0, 0, -1, 0
-0.907403, 1.16045, 0, 1
Active MVP in shader: 
0.00148486, 0, 0, 0
0, -0.00263976, 0, 0
0, 0, -1, 0
-0.907403, 1.16045, 0, 1
err6 (draw): 0
[DEBUG] Camera position: (622.767, 446.593) zoom: 1.03662 mvpLoc: 1 isProg: 1 currentProg: 1 shaderProgramID: 1 err1: 0 err2: 0 err3: 0 err4: 0 err5: 0
MVP passed: 
0.00161973, 0, 0, 0
0, -0.00287951, 0, 0
0, 0, -1, 0
-1.00871, 1.28597, -0, 1
Active MVP in shader: 
0.00161973, 0, 0, 0
0, -0.00287951, 0, 0
0, 0, -1, 0
-1.00871, 1.28597, -0, 1
err6 (draw): 0
[DEBUG] Camera position: (635.397, 454.157) zoom: 1.15025 mvpLoc: 1 isProg: 1 currentProg: 1 shaderProgramID: 1 err1: 0 err2: 0 err3: 0 err4: 0 err5: 0
MVP passed: 
0.00179727, 0, 0, 0
0, -0.00319515, 0, 0
0, 0, -1, 0
-1.14198, 1.4511, -0, 1
Active MVP in shader: 
0.00179727, 0, 0, 0
0, -0.00319515, 0, 0
0, 0, -1, 0
-1.14198, 1.4511, -0, 1
err6 (draw): 0
[DEBUG] Camera position: (648.644, 462.09) zoom: 1.30051 mvpLoc: 1 isProg: 1 currentProg: 1 shaderProgramID: 1 err1: 0 err2: 0 err3: 0 err4: 0 err5: 0
MVP passed: 
0.00203205, 0, 0, 0
0, -0.00361253, 0, 0
0, 0, -1, 0
-1.31808, 1.66931, -0, 1
Active MVP in shader: 
0.00203205, 0, 0, 0
0, -0.00361253, 0, 0
0, 0, -1, 0
-1.31808, 1.66931, -0, 1
err6 (draw): 0
[DEBUG] Camera position: (660.964, 469.467) zoom: 1.46991 mvpLoc: 1 isProg: 1 currentProg: 1 shaderProgramID: 1 err1: 0 err2: 0 err3: 0 err4: 0 err5: 0
MVP passed: 
0.00229674, 0, 0, 0
0, -0.00408309, 0, 0
0, 0, -1, 0
-1.51806, 1.91688, -0, 1
Active MVP in shader: 
0.00229674, 0, 0, 0
0, -0.00408309, 0, 0
0, 0, -1, 0
-1.51806, 1.91688, -0, 1
err6 (draw): 0
[DEBUG] Camera position: (671.446, 475.744) zoom: 1.61888 mvpLoc: 1 isProg: 1 currentProg: 1 shaderProgramID: 1 err1: 0 err2: 0 err3: 0 err4: 0 err5: 0
MVP passed: 
0.0025295, 0, 0, 0
0, -0.00449689, 0, 0
0, 0, -1, 0
-1.69842, 2.13937, -0, 1
Active MVP in shader: 
0.0025295, 0, 0, 0
0, -0.00449689, 0, 0
0, 0, -1, 0
-1.69842, 2.13937, -0, 1
err6 (draw): 0
[DEBUG] Camera position: (678.713, 480.096) zoom: 1.72217 mvpLoc: 1 isProg: 1 currentProg: 1 shaderProgramID: 1 err1: 0 err2: 0 err3: 0 err4: 0 err5: 0
MVP passed: 
0.00269089, 0, 0, 0
0, -0.0047838, 0, 0
0, 0, -1, 0
-1.82634, 2.29668, -0, 1
Active MVP in shader: 
0.00269089, 0, 0, 0
0, -0.0047838, 0, 0
0, 0, -1, 0
-1.82634, 2.29668, -0, 1
err6 (draw): 0
[DEBUG] Camera position: (684.217, 483.392) zoom: 1.8004 mvpLoc: 1 isProg: 1 currentProg: 1 shaderProgramID: 1 err1: 0 err2: 0 err3: 0 err4: 0 err5: 0
MVP passed: 
0.00281313, 0, 0, 0
0, -0.00500112, 0, 0
0, 0, -1, 0
-1.92479, 2.4175, -0, 1
Active MVP in shader: 
0.00281313, 0, 0, 0
0, -0.00500112, 0, 0
0, 0, -1, 0
-1.92479, 2.4175, -0, 1
err6 (draw): 0
[DEBUG] Camera position: (688.734, 486.097) zoom: 1.86461 mvpLoc: 1 isProg: 1 currentProg: 1 shaderProgramID: 1 err1: 0 err2: 0 err3: 0 err4: 0 err5: 0
MVP passed: 
0.00291345, 0, 0, 0
0, -0.00517946, 0, 0
0, 0, -1, 0
-2.00659, 2.51772, -0, 1
Active MVP in shader: 
0.00291345, 0, 0, 0
0, -0.00517946, 0, 0
0, 0, -1, 0
-2.00659, 2.51772, -0, 1
err6 (draw): 0
[DEBUG] Camera position: (692.094, 488.109) zoom: 1.91236 mvpLoc: 1 isProg: 1 currentProg: 1 shaderProgramID: 1 err1: 0 err2: 0 err3: 0 err4: 0 err5: 0
MVP passed: 
0.00298806, 0, 0, 0
0, -0.00531211, 0, 0
0, 0, -1, 0
-2.06802, 2.59289, -0, 1
Active MVP in shader: 
0.00298806, 0, 0, 0
0, -0.00531211, 0, 0
0, 0, -1, 0
-2.06802, 2.59289, -0, 1
err6 (draw): 0
[DEBUG] Camera position: (694.612, 489.617) zoom: 1.94814 mvpLoc: 1 isProg: 1 currentProg: 1 shaderProgramID: 1 err1: 0 err2: 0 err3: 0 err4: 0 err5: 0
MVP passed: 
0.00304397, 0, 0, 0
0, -0.00541151, 0, 0
0, 0, -1, 0
-2.11438, 2.64956, -0, 1
Active MVP in shader: 
0.00304397, 0, 0, 0
0, -0.00541151, 0, 0
0, 0, -1, 0
-2.11438, 2.64956, -0, 1
err6 (draw): 0
[DEBUG] Camera position: (696.53, 490.765) zoom: 1.97539 mvpLoc: 1 isProg: 1 currentProg: 1 shaderProgramID: 1 err1: 0 err2: 0 err3: 0 err4: 0 err5: 0
MVP passed: 
0.00308655, 0, 0, 0
0, -0.00548721, 0, 0
0, 0, -1, 0
-2.14988, 2.69293, -0, 1
Active MVP in shader: 
0.00308655, 0, 0, 0
0, -0.00548721, 0, 0
0, 0, -1, 0
-2.14988, 2.69293, -0, 1
err6 (draw): 0
[DEBUG] Camera position: (697.378, 491.289) zoom: 1.98192 mvpLoc: 1 isProg: 1 currentProg: 1 shaderProgramID: 1 err1: 0 err2: 0 err3: 0 err4: 0 err5: 0
MVP passed: 
0.00309675, 0, 0, 0
0, -0.00550534, 0, 0
0, 0, -1, 0
-2.15961, 2.70471, -0, 1
Active MVP in shader: 
0.00309675, 0, 0, 0
0, -0.00550534, 0, 0
0, 0, -1, 0
-2.15961, 2.70471, -0, 1
err6 (draw): 0
[DEBUG] Camera position: (694.407, 489.618) zoom: 1.91084 mvpLoc: 1 isProg: 1 currentProg: 1 shaderProgramID: 1 err1: 0 err2: 0 err3: 0 err4: 0 err5: 0
MVP passed: 
0.00298568, 0, 0, 0
0, -0.00530788, 0, 0
0, 0, -1, 0
-2.07328, 2.59883, -0, 1
Active MVP in shader: 
0.00298568, 0, 0, 0
0, -0.00530788, 0, 0
0, 0, -1, 0
-2.07328, 2.59883, -0, 1
err6 (draw): 0
[DEBUG] Camera position: (685.103, 484.311) zoom: 1.76349 mvpLoc: 1 isProg: 1 currentProg: 1 shaderProgramID: 1 err1: 0 err2: 0 err3: 0 err4: 0 err5: 0
MVP passed: 
0.00275545, 0, 0, 0
0, -0.00489858, 0, 0
0, 0, -1, 0
-1.88777, 2.37244, -0, 1
Active MVP in shader: 
0.00275545, 0, 0, 0
0, -0.00489858, 0, 0
0, 0, -1, 0
-1.88777, 2.37244, -0, 1
err6 (draw): 0
[DEBUG] Camera position: (665.652, 473.182) zoom: 1.56167 mvpLoc: 1 isProg: 1 currentProg: 1 shaderProgramID: 1 err1: 0 err2: 0 err3: 0 err4: 0 err5: 0
MVP passed: 
0.00244011, 0, 0, 0
0, -0.00433798, 0, 0
0, 0, -1, 0
-1.62427, 2.05265, -0, 1
Active MVP in shader: 
0.00244011, 0, 0, 0
0, -0.00433798, 0, 0
0, 0, -1, 0
-1.62427, 2.05265, -0, 1
err6 (draw): 0
[DEBUG] Camera position: (632.055, 453.953) zoom: 1.33303 mvpLoc: 1 isProg: 1 currentProg: 1 shaderProgramID: 1 err1: 0 err2: 0 err3: 0 err4: 0 err5: 0
MVP passed: 
0.00208286, 0, 0, 0
0, -0.00370287, 0, 0
0, 0, -1, 0
-1.31648, 1.68093, -0, 1
Active MVP in shader: 
0.00208286, 0, 0, 0
0, -0.00370287, 0, 0
0, 0, -1, 0
-1.31648, 1.68093, -0, 1
err6 (draw): 0
[DEBUG] Camera position: (590.475, 430.193) zoom: 1.12671 mvpLoc: 1 isProg: 1 currentProg: 1 shaderProgramID: 1 err1: 0 err2: 0 err3: 0 err4: 0 err5: 0
MVP passed: 
0.00176048, 0, 0, 0
0, -0.00312975, 0, 0
0, 0, -1, 0
-1.03952, 1.34639, -0, 1
Active MVP in shader: 
0.00176048, 0, 0, 0
0, -0.00312975, 0, 0
0, 0, -1, 0
-1.03952, 1.34639, -0, 1
err6 (draw): 0
[DEBUG] Camera position: (549.214, 406.633) zoom: 0.957325 mvpLoc: 1 isProg: 1 currentProg: 1 shaderProgramID: 1 err1: 0 err2: 0 err3: 0 err4: 0 err5: 0
MVP passed: 
0.00149582, 0, 0, 0
0, -0.00265924, 0, 0
0, 0, -1, 0
-0.821526, 1.08133, 0, 1
Active MVP in shader: 
0.00149582, 0, 0, 0
0, -0.00265924, 0, 0
0, 0, -1, 0
-0.821526, 1.08133, 0, 1
err6 (draw): 0
[DEBUG] Camera position: (517.714, 388.647) zoom: 0.828011 mvpLoc: 1 isProg: 1 currentProg: 1 shaderProgramID: 1 err1: 0 err2: 0 err3: 0 err4: 0 err5: 0
MVP passed: 
0.00129377, 0, 0, 0
0, -0.00230003, 0, 0
0, 0, -1, 0
-0.669802, 0.893899, 0, 1
Active MVP in shader: 
0.00129377, 0, 0, 0
0, -0.00230003, 0, 0
0, 0, -1, 0
-0.669802, 0.893899, 0, 1
err6 (draw): 0
[DEBUG] Camera position: (493.77, 374.974) zoom: 0.729713 mvpLoc: 1 isProg: 1 currentProg: 1 shaderProgramID: 1 err1: 0 err2: 0 err3: 0 err4: 0 err5: 0
MVP passed: 
0.00114018, 0, 0, 0
0, -0.00202698, 0, 0
0, 0, -1, 0
-0.562984, 0.760065, 0, 1
Active MVP in shader: 
0.00114018, 0, 0, 0
0, -0.00202698, 0, 0
0, 0, -1, 0
-0.562984, 0.760065, 0, 1
err6 (draw): 0
[DEBUG] Camera position: (475.937, 364.792) zoom: 0.656508 mvpLoc: 1 isProg: 1 currentProg: 1 shaderProgramID: 1 err1: 0 err2: 0 err3: 0 err4: 0 err5: 0
MVP passed: 
0.00102579, 0, 0, 0
0, -0.00182363, 0, 0
0, 0, -1, 0
-0.488214, 0.665247, 0, 1
Active MVP in shader: 
0.00102579, 0, 0, 0
0, -0.00182363, 0, 0
0, 0, -1, 0
-0.488214, 0.665247, 0, 1
err6 (draw): 0
[DEBUG] Camera position: (461.901, 356.778) zoom: 0.598889 mvpLoc: 1 isProg: 1 currentProg: 1 shaderProgramID: 1 err1: 0 err2: 0 err3: 0 err4: 0 err5: 0
MVP passed: 
0.000935764, 0, 0, 0
0, -0.00166358, 0, 0
0, 0, -1, 0
-0.43223, 0.593528, 0, 1
Active MVP in shader: 
0.000935764, 0, 0, 0
0, -0.00166358, 0, 0
0, 0, -1, 0
-0.43223, 0.593528, 0, 1
err6 (draw): 0
[DEBUG] Camera position: (451.044, 350.578) zoom: 0.554319 mvpLoc: 1 isProg: 1 currentProg: 1 shaderProgramID: 1 err1: 0 err2: 0 err3: 0 err4: 0 err5: 0
MVP passed: 
0.000866123, 0, 0, 0
0, -0.00153977, 0, 0
0, 0, -1, 0
-0.39066, 0.539811, 0, 1
Active MVP in shader: 
0.000866123, 0, 0, 0
0, -0.00153977, 0, 0
0, 0, -1, 0
-0.39066, 0.539811, 0, 1
err6 (draw): 0
[DEBUG] Camera position: (449.137, 349.47) zoom: 0.528687 mvpLoc: 1 isProg: 1 currentProg: 1 shaderProgramID: 1 err1: 0 err2: 0 err3: 0 err4: 0 err5: 0
MVP passed: 
0.000826073, 0, 0, 0
0, -0.00146857, 0, 0
0, 0, -1, 0
-0.37102, 0.513223, 0, 1
Active MVP in shader: 
0.000826073, 0, 0, 0
0, -0.00146857, 0, 0
0, 0, -1, 0
-0.37102, 0.513223, 0, 1
err6 (draw): 0
[DEBUG] Camera position: (461.479, 356.465) zoom: 0.533861 mvpLoc: 1 isProg: 1 currentProg: 1 shaderProgramID: 1 err1: 0 err2: 0 err3: 0 err4: 0 err5: 0
MVP passed: 
0.000834158, 0, 0, 0
0, -0.00148295, 0, 0
0, 0, -1, 0
-0.384946, 0.528618, 0, 1
Active MVP in shader: 
0.000834158, 0, 0, 0
0, -0.00148295, 0, 0
0, 0, -1, 0
-0.384946, 0.528618, 0, 1
err6 (draw): 0
[DEBUG] Camera position: (485.376, 370.027) zoom: 0.577139 mvpLoc: 1 isProg: 1 currentProg: 1 shaderProgramID: 1 err1: 0 err2: 0 err3: 0 err4: 0 err5: 0
MVP passed: 
0.00090178, 0, 0, 0
0, -0.00160316, 0, 0
0, 0, -1, 0
-0.437703, 0.593214, 0, 1
Active MVP in shader: 
0.00090178, 0, 0, 0
0, -0.00160316, 0, 0
0, 0, -1, 0
-0.437703, 0.593214, 0, 1
err6 (draw): 0
[DEBUG] Camera position: (515.402, 387.073) zoom: 0.664175 mvpLoc: 1 isProg: 1 currentProg: 1 shaderProgramID: 1 err1: 0 err2: 0 err3: 0 err4: 0 err5: 0
MVP passed: 
0.00103777, 0, 0, 0
0, -0.00184493, 0, 0
0, 0, -1, 0
-0.53487, 0.714123, 0, 1
Active MVP in shader: 
0.00103777, 0, 0, 0
0, -0.00184493, 0, 0
0, 0, -1, 0
-0.53487, 0.714123, 0, 1
err6 (draw): 0
[DEBUG] Camera position: (545.495, 404.161) zoom: 0.784429 mvpLoc: 1 isProg: 1 currentProg: 1 shaderProgramID: 1 err1: 0 err2: 0 err3: 0 err4: 0 err5: 0
MVP passed: 
0.00122567, 0, 0, 0
0, -0.00217897, 0, 0
0, 0, -1, 0
-0.668597, 0.880653, 0, 1
Active MVP in shader: 
0.00122567, 0, 0, 0
0, -0.00217897, 0, 0
0, 0, -1, 0
-0.668597, 0.880653, 0, 1
err6 (draw): 0
[DEBUG] Camera position: (569.79, 417.955) zoom: 0.893131 mvpLoc: 1 isProg: 1 currentProg: 1 shaderProgramID: 1 err1: 0 err2: 0 err3: 0 err4: 0 err5: 0
MVP passed: 
0.00139552, 0, 0, 0
0, -0.00248092, 0, 0
0, 0, -1, 0
-0.795152, 1.03691, 0, 1
Active MVP in shader: 
0.00139552, 0, 0, 0
0, -0.00248092, 0, 0
0, 0, -1, 0
-0.795152, 1.03691, 0, 1
err6 (draw): 0
[DEBUG] Camera position: (588.367, 428.504) zoom: 0.976253 mvpLoc: 1 isProg: 1 currentProg: 1 shaderProgramID: 1 err1: 0 err2: 0 err3: 0 err4: 0 err5: 0
MVP passed: 
0.0015254, 0, 0, 0
0, -0.00271181, 0, 0
0, 0, -1, 0
-0.897493, 1.16202, 0, 1
Active MVP in shader: 
0.0015254, 0, 0, 0
0, -0.00271181, 0, 0
0, 0, -1, 0
-0.897493, 1.16202, 0, 1
err6 (draw): 0
[DEBUG] Camera position: (602.279, 436.403) zoom: 1.0385 mvpLoc: 1 isProg: 1 currentProg: 1 shaderProgramID: 1 err1: 0 err2: 0 err3: 0 err4: 0 err5: 0
MVP passed: 
0.00162266, 0, 0, 0
0, -0.00288473, 0, 0
0, 0, -1, 0
-0.977293, 1.2589, 0, 1
Active MVP in shader: 
0.00162266, 0, 0, 0
0, -0.00288473, 0, 0
0, 0, -1, 0
-0.977293, 1.2589, 0, 1
err6 (draw): 0
[DEBUG] Camera position: (612.68, 442.309) zoom: 1.08504 mvpLoc: 1 isProg: 1 currentProg: 1 shaderProgramID: 1 err1: 0 err2: 0 err3: 0 err4: 0 err5: 0
MVP passed: 
0.00169537, 0, 0, 0
0, -0.003014, 0, 0
0, 0, -1, 0
-1.03872, 1.33312, -0, 1
Active MVP in shader: 
0.00169537, 0, 0, 0
0, -0.003014, 0, 0
0, 0, -1, 0
-1.03872, 1.33312, -0, 1
err6 (draw): 0
[DEBUG] Camera position: (618.934, 445.899) zoom: 1.10326 mvpLoc: 1 isProg: 1 currentProg: 1 shaderProgramID: 1 err1: 0 err2: 0 err3: 0 err4: 0 err5: 0
MVP passed: 
0.00172384, 0, 0, 0
0, -0.0030646, 0, 0
0, 0, -1, 0
-1.06694, 1.3665, -0, 1
Active MVP in shader: 
0.00172384, 0, 0, 0
0, -0.0030646, 0, 0
0, 0, -1, 0
-1.06694, 1.3665, -0, 1
err6 (draw): 0
[DEBUG] Camera position: (615.14, 443.932) zoom: 1.05744 mvpLoc: 1 isProg: 1 currentProg: 1 shaderProgramID: 1 err1: 0 err2: 0 err3: 0 err4: 0 err5: 0
MVP passed: 
0.00165225, 0, 0, 0
0, -0.00293732, 0, 0
0, 0, -1, 0
-1.01636, 1.30397, -0, 1
Active MVP in shader: 
0.00165225, 0, 0, 0
0, -0.00293732, 0, 0
0, 0, -1, 0
-1.01636, 1.30397, -0, 1
err6 (draw): 0
[DEBUG] Camera position: (594.857, 432.865) zoom: 0.955589 mvpLoc: 1 isProg: 1 currentProg: 1 shaderProgramID: 1 err1: 0 err2: 0 err3: 0 err4: 0 err5: 0
MVP passed: 
0.00149311, 0, 0, 0
0, -0.00265441, 0, 0
0, 0, -1, 0
-0.888186, 1.149, 0, 1
Active MVP in shader: 
0.00149311, 0, 0, 0
0, -0.00265441, 0, 0
0, 0, -1, 0
-0.888186, 1.149, 0, 1
err6 (draw): 0
[DEBUG] Camera position: (551.133, 408.865) zoom: 0.824536 mvpLoc: 1 isProg: 1 currentProg: 1 shaderProgramID: 1 err1: 0 err2: 0 err3: 0 err4: 0 err5: 0
MVP passed: 
0.00128834, 0, 0, 0
0, -0.00229038, 0, 0
0, 0, -1, 0
-0.710045, 0.936455, 0, 1
Active MVP in shader: 
0.00128834, 0, 0, 0
0, -0.00229038, 0, 0
0, 0, -1, 0
-0.710045, 0.936455, 0, 1
err6 (draw): 0
[DEBUG] Camera position: (502.147, 381.937) zoom: 0.712388 mvpLoc: 1 isProg: 1 currentProg: 1 shaderProgramID: 1 err1: 0 err2: 0 err3: 0 err4: 0 err5: 0
MVP passed: 
0.00111311, 0, 0, 0
0, -0.00197886, 0, 0
0, 0, -1, 0
-0.558943, 0.755798, 0, 1
Active MVP in shader: 
0.00111311, 0, 0, 0
0, -0.00197886, 0, 0
0, 0, -1, 0
-0.558943, 0.755798, 0, 1
err6 (draw): 0
[DEBUG] Camera position: (464.476, 361.228) zoom: 0.626144 mvpLoc: 1 isProg: 1 currentProg: 1 shaderProgramID: 1 err1: 0 err2: 0 err3: 0 err4: 0 err5: 0
MVP passed: 
0.000978349, 0, 0, 0
0, -0.00173929, 0, 0
0, 0, -1, 0
-0.45442, 0.62828, 0, 1
Active MVP in shader: 
0.000978349, 0, 0, 0
0, -0.00173929, 0, 0
0, 0, -1, 0
-0.45442, 0.62828, 0, 1
err6 (draw): 0
[DEBUG] Camera position: (435.405, 345.247) zoom: 0.559587 mvpLoc: 1 isProg: 1 currentProg: 1 shaderProgramID: 1 err1: 0 err2: 0 err3: 0 err4: 0 err5: 0
MVP passed: 
0.000874354, 0, 0, 0
0, -0.00155441, 0, 0
0, 0, -1, 0
-0.380698, 0.536655, 0, 1
Active MVP in shader: 
0.000874354, 0, 0, 0
0, -0.00155441, 0, 0
0, 0, -1, 0
-0.380698, 0.536655, 0, 1
err6 (draw): 0
[DEBUG] Camera position: (413.047, 332.957) zoom: 0.5084 mvpLoc: 1 isProg: 1 currentProg: 1 shaderProgramID: 1 err1: 0 err2: 0 err3: 0 err4: 0 err5: 0
MVP passed: 
0.000794376, 0, 0, 0
0, -0.00141222, 0, 0
0, 0, -1, 0
-0.328114, 0.47021, 0, 1
Active MVP in shader: 
0.000794376, 0, 0, 0
0, -0.00141222, 0, 0
0, 0, -1, 0
-0.328114, 0.47021, 0, 1
err6 (draw): 0
[DEBUG] Camera position: (395.863, 323.511) zoom: 0.46906 mvpLoc: 1 isProg: 1 currentProg: 1 shaderProgramID: 1 err1: 0 err2: 0 err3: 0 err4: 0 err5: 0
MVP passed: 
0.000732906, 0, 0, 0
0, -0.00130294, 0, 0
0, 0, -1, 0
-0.29013, 0.421516, 0, 1
Active MVP in shader: 
0.000732906, 0, 0, 0
0, -0.00130294, 0, 0
0, 0, -1, 0
-0.29013, 0.421516, 0, 1
err6 (draw): 0
[DEBUG] Camera position: (385.199, 317.656) zoom: 0.440956 mvpLoc: 1 isProg: 1 currentProg: 1 shaderProgramID: 1 err1: 0 err2: 0 err3: 0 err4: 0 err5: 0
MVP passed: 
0.000688994, 0, 0, 0
0, -0.00122488, 0, 0
0, 0, -1, 0
-0.2654, 0.38909, 0, 1
Active MVP in shader: 
0.000688994, 0, 0, 0
0, -0.00122488, 0, 0
0, 0, -1, 0
-0.2654, 0.38909, 0, 1
err6 (draw): 0
[DEBUG] Camera position: (391.028, 320.905) zoom: 0.434126 mvpLoc: 1 isProg: 1 currentProg: 1 shaderProgramID: 1 err1: 0 err2: 0 err3: 0 err4: 0 err5: 0
MVP passed: 
0.000678321, 0, 0, 0
0, -0.0012059, 0, 0
0, 0, -1, 0
-0.265243, 0.38698, 0, 1
Active MVP in shader: 
0.000678321, 0, 0, 0
0, -0.0012059, 0, 0
0, 0, -1, 0
-0.265243, 0.38698, 0, 1
err6 (draw): 0
[DEBUG] Camera position: (410.289, 331.569) zoom: 0.449835 mvpLoc: 1 isProg: 1 currentProg: 1 shaderProgramID: 1 err1: 0 err2: 0 err3: 0 err4: 0 err5: 0
MVP passed: 
0.000702867, 0, 0, 0
0, -0.00124954, 0, 0
0, 0, -1, 0
-0.288379, 0.414309, 0, 1
Active MVP in shader: 
0.000702867, 0, 0, 0
0, -0.00124954, 0, 0
0, 0, -1, 0
-0.288379, 0.414309, 0, 1
err6 (draw): 0
[DEBUG] Camera position: (440.444, 348.248) zoom: 0.49555 mvpLoc: 1 isProg: 1 currentProg: 1 shaderProgramID: 1 err1: 0 err2: 0 err3: 0 err4: 0 err5: 0
MVP passed: 
0.000774297, 0, 0, 0
0, -0.00137653, 0, 0
0, 0, -1, 0
-0.341035, 0.479373, 0, 1
Active MVP in shader: 
0.000774297, 0, 0, 0
0, -0.00137653, 0, 0
0, 0, -1, 0
-0.341035, 0.479373, 0, 1
err6 (draw): 0
[DEBUG] Camera position: (475.277, 367.509) zoom: 0.573946 mvpLoc: 1 isProg: 1 currentProg: 1 shaderProgramID: 1 err1: 0 err2: 0 err3: 0 err4: 0 err5: 0
MVP passed: 
0.000896791, 0, 0, 0
0, -0.00159429, 0, 0
0, 0, -1, 0
-0.426224, 0.585918, 0, 1
Active MVP in shader: 
0.000896791, 0, 0, 0
0, -0.00159429, 0, 0
0, 0, -1, 0
-0.426224, 0.585918, 0, 1
err6 (draw): 0
[DEBUG] Camera position: (507.071, 385.089) zoom: 0.663788 mvpLoc: 1 isProg: 1 currentProg: 1 shaderProgramID: 1 err1: 0 err2: 0 err3: 0 err4: 0 err5: 0
MVP passed: 
0.00103717, 0, 0, 0
0, -0.00184386, 0, 0
0, 0, -1, 0
-0.525918, 0.710048, 0, 1
Active MVP in shader: 
0.00103717, 0, 0, 0
0, -0.00184386, 0, 0
0, 0, -1, 0
-0.525918, 0.710048, 0, 1
err6 (draw): 0
[DEBUG] Camera position: (533.728, 399.827) zoom: 0.749492 mvpLoc: 1 isProg: 1 currentProg: 1 shaderProgramID: 1 err1: 0 err2: 0 err3: 0 err4: 0 err5: 0
MVP passed: 
0.00117108, 0, 0, 0
0, -0.00208192, 0, 0
0, 0, -1, 0
-0.625039, 0.832409, 0, 1
Active MVP in shader: 
0.00117108, 0, 0, 0
0, -0.00208192, 0, 0
0, 0, -1, 0
-0.625039, 0.832409, 0, 1
err6 (draw): 0
[DEBUG] Camera position: (554.643, 411.391) zoom: 0.816737 mvpLoc: 1 isProg: 1 currentProg: 1 shaderProgramID: 1 err1: 0 err2: 0 err3: 0 err4: 0 err5: 0
MVP passed: 
0.00127615, 0, 0, 0
0, -0.00226871, 0, 0
0, 0, -1, 0
-0.707809, 0.933328, 0, 1
Active MVP in shader: 
0.00127615, 0, 0, 0
0, -0.00226871, 0, 0
0, 0, -1, 0
-0.707809, 0.933328, 0, 1
err6 (draw): 0
[DEBUG] Camera position: (570.748, 420.296) zoom: 0.86852 mvpLoc: 1 isProg: 1 currentProg: 1 shaderProgramID: 1 err1: 0 err2: 0 err3: 0 err4: 0 err5: 0
MVP passed: 
0.00135706, 0, 0, 0
0, -0.00241256, 0, 0
0, 0, -1, 0
-0.774541, 1.01399, 0, 1
Active MVP in shader: 
0.00135706, 0, 0, 0
0, -0.00241256, 0, 0
0, 0, -1, 0
-0.774541, 1.01399, 0, 1
err6 (draw): 0
[DEBUG] Camera position: (582.823, 426.971) zoom: 0.907341 mvpLoc: 1 isProg: 1 currentProg: 1 shaderProgramID: 1 err1: 0 err2: 0 err3: 0 err4: 0 err5: 0
MVP passed: 
0.00141772, 0, 0, 0
0, -0.00252039, 0, 0
0, 0, -1, 0
-0.82628, 1.07613, 0, 1
Active MVP in shader: 
0.00141772, 0, 0, 0
0, -0.00252039, 0, 0
0, 0, -1, 0
-0.82628, 1.07613, 0, 1
err6 (draw): 0
[DEBUG] Camera position: (592.249, 432.183) zoom: 0.937648 mvpLoc: 1 isProg: 1 currentProg: 1 shaderProgramID: 1 err1: 0 err2: 0 err3: 0 err4: 0 err5: 0
MVP passed: 
0.00146508, 0, 0, 0
0, -0.00260458, 0, 0
0, 0, -1, 0
-0.86769, 1.12565, 0, 1
Active MVP in shader: 
0.00146508, 0, 0, 0
0, -0.00260458, 0, 0
0, 0, -1, 0
-0.86769, 1.12565, 0, 1
err6 (draw): 0
[DEBUG] Camera position: (596.137, 434.333) zoom: 0.940042 mvpLoc: 1 isProg: 1 currentProg: 1 shaderProgramID: 1 err1: 0 err2: 0 err3: 0 err4: 0 err5: 0
MVP passed: 
0.00146882, 0, 0, 0
0, -0.00261123, 0, 0
0, 0, -1, 0
-0.875615, 1.13414, 0, 1
Active MVP in shader: 
0.00146882, 0, 0, 0
0, -0.00261123, 0, 0
0, 0, -1, 0
-0.875615, 1.13414, 0, 1
err6 (draw): 0
[DEBUG] Camera position: (590.081, 430.986) zoom: 0.898895 mvpLoc: 1 isProg: 1 currentProg: 1 shaderProgramID: 1 err1: 0 err2: 0 err3: 0 err4: 0 err5: 0
MVP passed: 
0.00140452, 0, 0, 0
0, -0.00249693, 0, 0
0, 0, -1, 0
-0.828782, 1.07614, 0, 1
Active MVP in shader: 
0.00140452, 0, 0, 0
0, -0.00249693, 0, 0
0, 0, -1, 0
-0.828782, 1.07614, 0, 1
err6 (draw): 0
[DEBUG] Camera position: (571.234, 420.554) zoom: 0.824884 mvpLoc: 1 isProg: 1 currentProg: 1 shaderProgramID: 1 err1: 0 err2: 0 err3: 0 err4: 0 err5: 0
MVP passed: 
0.00128888, 0, 0, 0
0, -0.00229134, 0, 0
0, 0, -1, 0
-0.736252, 0.963634, 0, 1
Active MVP in shader: 
0.00128888, 0, 0, 0
0, -0.00229134, 0, 0
0, 0, -1, 0
-0.736252, 0.963634, 0, 1
err6 (draw): 0
[DEBUG] Camera position: (543.371, 405.083) zoom: 0.742949 mvpLoc: 1 isProg: 1 currentProg: 1 shaderProgramID: 1 err1: 0 err2: 0 err3: 0 err4: 0 err5: 0
MVP passed: 
0.00116086, 0, 0, 0
0, -0.00206375, 0, 0
0, 0, -1, 0
-0.630777, 0.835989, 0, 1
Active MVP in shader: 
0.00116086, 0, 0, 0
0, -0.00206375, 0, 0
0, 0, -1, 0
-0.630777, 0.835989, 0, 1
err6 (draw): 0
[DEBUG] Camera position: (512.681, 388.009) zoom: 0.668071 mvpLoc: 1 isProg: 1 currentProg: 1 shaderProgramID: 1 err1: 0 err2: 0 err3: 0 err4: 0 err5: 0
MVP passed: 
0.00104386, 0, 0, 0
0, -0.00185575, 0, 0
0, 0, -1, 0
-0.535168, 0.720049, 0, 1
Active MVP in shader: 
0.00104386, 0, 0, 0
0, -0.00185575, 0, 0
0, 0, -1, 0
-0.535168, 0.720049, 0, 1
err6 (draw): 0
[DEBUG] Camera position: (474.114, 366.518) zoom: 0.594578 mvpLoc: 1 isProg: 1 currentProg: 1 shaderProgramID: 1 err1: 0 err2: 0 err3: 0 err4: 0 err5: 0
MVP passed: 
0.000929029, 0, 0, 0
0, -0.00165161, 0, 0
0, 0, -1, 0
-0.440465, 0.605344, 0, 1
Active MVP in shader: 
0.000929029, 0, 0, 0
0, -0.00165161, 0, 0
0, 0, -1, 0
-0.440465, 0.605344, 0, 1
err6 (draw): 0
[DEBUG] Camera position: (439.156, 347.03) zoom: 0.533745 mvpLoc: 1 isProg: 1 currentProg: 1 shaderProgramID: 1 err1: 0 err2: 0 err3: 0 err4: 0 err5: 0
MVP passed: 
0.000833977, 0, 0, 0
0, -0.00148263, 0, 0
0, 0, -1, 0
-0.366247, 0.514515, 0, 1
Active MVP in shader: 
0.000833977, 0, 0, 0
0, -0.00148263, 0, 0
0, 0, -1, 0
-0.366247, 0.514515, 0, 1
err6 (draw): 0
[DEBUG] Camera position: (411.67, 331.706) zoom: 0.485913 mvpLoc: 1 isProg: 1 currentProg: 1 shaderProgramID: 1 err1: 0 err2: 0 err3: 0 err4: 0 err5: 0
MVP passed: 
0.000759239, 0, 0, 0
0, -0.00134976, 0, 0
0, 0, -1, 0
-0.312556, 0.447723, 0, 1
Active MVP in shader: 
0.000759239, 0, 0, 0
0, -0.00134976, 0, 0
0, 0, -1, 0
-0.312556, 0.447723, 0, 1
err6 (draw): 0
[DEBUG] Camera position: (390.584, 319.951) zoom: 0.44922 mvpLoc: 1 isProg: 1 currentProg: 1 shaderProgramID: 1 err1: 0 err2: 0 err3: 0 err4: 0 err5: 0
MVP passed: 
0.000701906, 0, 0, 0
0, -0.00124783, 0, 0
0, 0, -1, 0
-0.274153, 0.399245, 0, 1
Active MVP in shader: 
0.000701906, 0, 0, 0
0, -0.00124783, 0, 0
0, 0, -1, 0
-0.274153, 0.399245, 0, 1
err6 (draw): 0
[INIT] Loaded Vertex Shader Source:
#version 330 core
layout (location = 0) in vec3 aPos;
layout (location = 2) in vec2 aTexCoord;

out vec2 TexCoord;

uniform mat4 uMVP; // The Model-View-Projection matrix from the camera

void main() { 
    gl_Position = uMVP * vec4(aPos, 1.0f);
    TexCoord = aTexCoord;
}

[INIT] Loaded Fragment Shader Source:
#version 330 core
out vec4 FragColor;

in vec2 TexCoord;

uniform sampler2D ourTexture;

void main()
{
    FragColor = texture(ourTexture, TexCoord);
}

[INIT] posAttrib: 0 texAttrib: 2
[INIT] width: 80 height: 60 worldW: 1280 worldH: 960
[INIT] Vertices: 
  v0: pos(1280, 960, 0) col(1, 0, 0) tex(1, 1)
  v1: pos(1280, 0, 0) col(0, 1, 0) tex(1, 0)
  v2: pos(0, 0, 0) col(0, 0, 1) tex(0, 0)
  v3: pos(0, 960, 0) col(1, 1, 0) tex(0, 1)
[DEBUG] Camera position: (640, 480) zoom: 1 mvpLoc: 1 isProg: 1 err1: 0 err2: 0 err3: 0 err4: 0 err5: 0
MVP passed: 
0.0015625, 0, 0, 0
0, -0.00277778, 0, 0
0, 0, -1, 0
-1, 1.33333, 0, 1
Active MVP in shader: 
0.0015625, 0, 0, 0
0, -0.00277778, 0, 0
0, 0, -1, 0
-1, 1.33333, 0, 1
err6 (draw): 0
[DEBUG] Camera position: (640, 480) zoom: 1 mvpLoc: 1 isProg: 1 err1: 0 err2: 0 err3: 0 err4: 0 err5: 0
MVP passed: 
0.0015625, 0, 0, 0
0, -0.00277778, 0, 0
0, 0, -1, 0
-1, 1.33333, -0, 1
Active MVP in shader: 
0.0015625, 0, 0, 0
0, -0.00277778, 0, 0
0, 0, -1, 0
-1, 1.33333, -0, 1
err6 (draw): 0
[DEBUG] Camera position: (640, 480) zoom: 1 mvpLoc: 1 isProg: 1 err1: 0 err2: 0 err3: 0 err4: 0 err5: 0
MVP passed: 
0.0015625, 0, 0, 0
0, -0.00277778, 0, 0
0, 0, -1, 0
-1, 1.33333, -0, 1
Active MVP in shader: 
0.0015625, 0, 0, 0
0, -0.00277778, 0, 0
0, 0, -1, 0
-1, 1.33333, -0, 1
err6 (draw): 0
[DEBUG] Camera position: (640, 480) zoom: 1 mvpLoc: 1 isProg: 1 err1: 0 err2: 0 err3: 0 err4: 0 err5: 0
MVP passed: 
0.0015625, 0, 0, 0
0, -0.00277778, 0, 0
0, 0, -1, 0
-1, 1.33333, 0, 1
Active MVP in shader: 
0.0015625, 0, 0, 0
0, -0.00277778, 0, 0
0, 0, -1, 0
-1, 1.33333, 0, 1
err6 (draw): 0
[DEBUG] Camera position: (640, 480) zoom: 1 mvpLoc: 1 isProg: 1 err1: 0 err2: 0 err3: 0 err4: 0 err5: 0
MVP passed: 
0.0015625, 0, 0, 0
0, -0.00277778, 0, 0
0, 0, -1, 0
-1, 1.33333, 0, 1
Active MVP in shader: 
0.0015625, 0, 0, 0
0, -0.00277778, 0, 0
0, 0, -1, 0
-1, 1.33333, 0, 1
err6 (draw): 0
[DEBUG] Camera position: (640, 480) zoom: 1 mvpLoc: 1 isProg: 1 err1: 0 err2: 0 err3: 0 err4: 0 err5: 0
MVP passed: 
0.0015625, 0, 0, 0
0, -0.00277778, 0, 0
0, 0, -1, 0
-1, 1.33333, -0, 1
Active MVP in shader: 
0.0015625, 0, 0, 0
0, -0.00277778, 0, 0
0, 0, -1, 0
-1, 1.33333, -0, 1
err6 (draw): 0
[DEBUG] Camera position: (640, 480) zoom: 1 mvpLoc: 1 isProg: 1 err1: 0 err2: 0 err3: 0 err4: 0 err5: 0
MVP passed: 
0.0015625, 0, 0, 0
0, -0.00277778, 0, 0
0, 0, -1, 0
-1, 1.33333, 0, 1
Active MVP in shader: 
0.0015625, 0, 0, 0
0, -0.00277778, 0, 0
0, 0, -1, 0
-1, 1.33333, 0, 1
err6 (draw): 0
[DEBUG] Camera position: (640, 480) zoom: 1 mvpLoc: 1 isProg: 1 err1: 0 err2: 0 err3: 0 err4: 0 err5: 0
MVP passed: 
0.0015625, 0, 0, 0
0, -0.00277778, 0, 0
0, 0, -1, 0
-1, 1.33333, 0, 1
Active MVP in shader: 
0.0015625, 0, 0, 0
0, -0.00277778, 0, 0
0, 0, -1, 0
-1, 1.33333, 0, 1
err6 (draw): 0
[DEBUG] Camera position: (640, 480) zoom: 1 mvpLoc: 1 isProg: 1 err1: 0 err2: 0 err3: 0 err4: 0 err5: 0
MVP passed: 
0.0015625, 0, 0, 0
0, -0.00277778, 0, 0
0, 0, -1, 0
-1, 1.33333, 0, 1
Active MVP in shader: 
0.0015625, 0, 0, 0
0, -0.00277778, 0, 0
0, 0, -1, 0
-1, 1.33333, 0, 1
err6 (draw): 0
[DEBUG] Camera position: (640, 480) zoom: 1 mvpLoc: 1 isProg: 1 err1: 0 err2: 0 err3: 0 err4: 0 err5: 0
MVP passed: 
0.0015625, 0, 0, 0
0, -0.00277778, 0, 0
0, 0, -1, 0
-1, 1.33333, 0, 1
Active MVP in shader: 
0.0015625, 0, 0, 0
0, -0.00277778, 0, 0
0, 0, -1, 0
-1, 1.33333, 0, 1
err6 (draw): 0
[DEBUG] Camera position: (640, 480) zoom: 1 mvpLoc: 1 isProg: 1 err1: 0 err2: 0 err3: 0 err4: 0 err5: 0
MVP passed: 
0.0015625, 0, 0, 0
0, -0.00277778, 0, 0
0, 0, -1, 0
-1, 1.33333, 0, 1
Active MVP in shader: 
0.0015625, 0, 0, 0
0, -0.00277778, 0, 0
0, 0, -1, 0
-1, 1.33333, 0, 1
err6 (draw): 0
[DEBUG] Camera position: (640, 480) zoom: 1 mvpLoc: 1 isProg: 1 err1: 0 err2: 0 err3: 0 err4: 0 err5: 0
MVP passed: 
0.0015625, 0, 0, 0
0, -0.00277778, 0, 0
0, 0, -1, 0
-1, 1.33333, 0, 1
Active MVP in shader: 
0.0015625, 0, 0, 0
0, -0.00277778, 0, 0
0, 0, -1, 0
-1, 1.33333, 0, 1
err6 (draw): 0
[DEBUG] Camera position: (640, 480) zoom: 1 mvpLoc: 1 isProg: 1 err1: 0 err2: 0 err3: 0 err4: 0 err5: 0
MVP passed: 
0.0015625, 0, 0, 0
0, -0.00277778, 0, 0
0, 0, -1, 0
-1, 1.33333, 0, 1
Active MVP in shader: 
0.0015625, 0, 0, 0
0, -0.00277778, 0, 0
0, 0, -1, 0
-1, 1.33333, 0, 1
err6 (draw): 0
[DEBUG] Camera position: (640, 480) zoom: 1 mvpLoc: 1 isProg: 1 err1: 0 err2: 0 err3: 0 err4: 0 err5: 0
MVP passed: 
0.0015625, 0, 0, 0
0, -0.00277778, 0, 0
0, 0, -1, 0
-1, 1.33333, -0, 1
Active MVP in shader: 
0.0015625, 0, 0, 0
0, -0.00277778, 0, 0
0, 0, -1, 0
-1, 1.33333, -0, 1
err6 (draw): 0
[DEBUG] Camera position: (640, 480) zoom: 1 mvpLoc: 1 isProg: 1 err1: 0 err2: 0 err3: 0 err4: 0 err5: 0
MVP passed: 
0.0015625, 0, 0, 0
0, -0.00277778, 0, 0
0, 0, -1, 0
-0.999999, 1.33333, 0, 1
Active MVP in shader: 
0.0015625, 0, 0, 0
0, -0.00277778, 0, 0
0, 0, -1, 0
-0.999999, 1.33333, 0, 1
err6 (draw): 0
[DEBUG] Camera position: (640, 480) zoom: 1 mvpLoc: 1 isProg: 1 err1: 0 err2: 0 err3: 0 err4: 0 err5: 0
MVP passed: 
0.0015625, 0, 0, 0
0, -0.00277778, 0, 0
0, 0, -1, 0
-1, 1.33333, -0, 1
Active MVP in shader: 
0.0015625, 0, 0, 0
0, -0.00277778, 0, 0
0, 0, -1, 0
-1, 1.33333, -0, 1
err6 (draw): 0
[DEBUG] Camera position: (640, 480) zoom: 1 mvpLoc: 1 isProg: 1 err1: 0 err2: 0 err3: 0 err4: 0 err5: 0
MVP passed: 
0.0015625, 0, 0, 0
0, -0.00277778, 0, 0
0, 0, -1, 0
-1, 1.33333, 0, 1
Active MVP in shader: 
0.0015625, 0, 0, 0
0, -0.00277778, 0, 0
0, 0, -1, 0
-1, 1.33333, 0, 1
err6 (draw): 0
[DEBUG] Camera position: (637.881, 478.832) zoom: 0.985815 mvpLoc: 1 isProg: 1 err1: 0 err2: 0 err3: 0 err4: 0 err5: 0
MVP passed: 
0.00154034, 0, 0, 0
0, -0.00273838, 0, 0
0, 0, -1, 0
-0.98255, 1.31122, 0, 1
Active MVP in shader: 
0.00154034, 0, 0, 0
0, -0.00273838, 0, 0
0, 0, -1, 0
-0.98255, 1.31122, 0, 1
err6 (draw): 0
[DEBUG] Camera position: (630.086, 474.581) zoom: 0.938417 mvpLoc: 1 isProg: 1 err1: 0 err2: 0 err3: 0 err4: 0 err5: 0
MVP passed: 
0.00146628, 0, 0, 0
0, -0.00260671, 0, 0
0, 0, -1, 0
-0.923881, 1.2371, 0, 1
Active MVP in shader: 
0.00146628, 0, 0, 0
0, -0.00260671, 0, 0
0, 0, -1, 0
-0.923881, 1.2371, 0, 1
err6 (draw): 0
[DEBUG] Camera position: (615.233, 466.615) zoom: 0.865011 mvpLoc: 1 isProg: 1 err1: 0 err2: 0 err3: 0 err4: 0 err5: 0
MVP passed: 
0.00135158, 0, 0, 0
0, -0.00240281, 0, 0
0, 0, -1, 0
-0.831537, 1.12119, 0, 1
Active MVP in shader: 
0.00135158, 0, 0, 0
0, -0.00240281, 0, 0
0, 0, -1, 0
-0.831537, 1.12119, 0, 1
err6 (draw): 0
[DEBUG] Camera position: (602.283, 459.692) zoom: 0.8045 mvpLoc: 1 isProg: 1 err1: 0 err2: 0 err3: 0 err4: 0 err5: 0
MVP passed: 
0.00125703, 0, 0, 0
0, -0.00223472, 0, 0
0, 0, -1, 0
-0.757089, 1.02728, 0, 1
Active MVP in shader: 
0.00125703, 0, 0, 0
0, -0.00223472, 0, 0
0, 0, -1, 0
-0.757089, 1.02728, 0, 1
err6 (draw): 0
[DEBUG] Camera position: (592.053, 454.223) zoom: 0.756695 mvpLoc: 1 isProg: 1 err1: 0 err2: 0 err3: 0 err4: 0 err5: 0
MVP passed: 
0.00118234, 0, 0, 0
0, -0.00210193, 0, 0
0, 0, -1, 0
-0.700005, 0.954746, 0, 1
Active MVP in shader: 
0.00118234, 0, 0, 0
0, -0.00210193, 0, 0
0, 0, -1, 0
-0.700005, 0.954746, 0, 1
err6 (draw): 0
[DEBUG] Camera position: (584.524, 450.199) zoom: 0.721517 mvpLoc: 1 isProg: 1 err1: 0 err2: 0 err3: 0 err4: 0 err5: 0
MVP passed: 
0.00112737, 0, 0, 0
0, -0.00200421, 0, 0
0, 0, -1, 0
-0.658975, 0.902295, 0, 1
Active MVP in shader: 
0.00112737, 0, 0, 0
0, -0.00200421, 0, 0
0, 0, -1, 0
-0.658975, 0.902295, 0, 1
err6 (draw): 0
[DEBUG] Camera position: (578.939, 447.213) zoom: 0.695417 mvpLoc: 1 isProg: 1 err1: 0 err2: 0 err3: 0 err4: 0 err5: 0
MVP passed: 
0.00108659, 0, 0, 0
0, -0.00193171, 0, 0
0, 0, -1, 0
-0.629069, 0.863887, 0, 1
Active MVP in shader: 
0.00108659, 0, 0, 0
0, -0.00193171, 0, 0
0, 0, -1, 0
-0.629069, 0.863887, 0, 1
err6 (draw): 0
[DEBUG] Camera position: (574.761, 444.98) zoom: 0.675899 mvpLoc: 1 isProg: 1 err1: 0 err2: 0 err3: 0 err4: 0 err5: 0
MVP passed: 
0.00105609, 0, 0, 0
0, -0.0018775, 0, 0
0, 0, -1, 0
-0.607001, 0.835449, 0, 1
Active MVP in shader: 
0.00105609, 0, 0, 0
0, -0.0018775, 0, 0
0, 0, -1, 0
-0.607001, 0.835449, 0, 1
err6 (draw): 0
[DEBUG] Camera position: (571.599, 443.29) zoom: 0.661122 mvpLoc: 1 isProg: 1 err1: 0 err2: 0 err3: 0 err4: 0 err5: 0
MVP passed: 
0.001033, 0, 0, 0
0, -0.00183645, 0, 0
0, 0, -1, 0
-0.590463, 0.814079, 0, 1
Active MVP in shader: 
0.001033, 0, 0, 0
0, -0.00183645, 0, 0
0, 0, -1, 0
-0.590463, 0.814079, 0, 1
err6 (draw): 0
[DEBUG] Camera position: (569.24, 442.028) zoom: 0.650098 mvpLoc: 1 isProg: 1 err1: 0 err2: 0 err3: 0 err4: 0 err5: 0
MVP passed: 
0.00101578, 0, 0, 0
0, -0.00180583, 0, 0
0, 0, -1, 0
-0.578221, 0.798226, 0, 1
Active MVP in shader: 
0.00101578, 0, 0, 0
0, -0.00180583, 0, 0
0, 0, -1, 0
-0.578221, 0.798226, 0, 1
err6 (draw): 0
[DEBUG] Camera position: (567.398, 441.044) zoom: 0.641488 mvpLoc: 1 isProg: 1 err1: 0 err2: 0 err3: 0 err4: 0 err5: 0
MVP passed: 
0.00100233, 0, 0, 0
0, -0.00178191, 0, 0
0, 0, -1, 0
-0.568717, 0.785901, 0, 1
Active MVP in shader: 
0.00100233, 0, 0, 0
0, -0.00178191, 0, 0
0, 0, -1, 0
-0.568717, 0.785901, 0, 1
err6 (draw): 0
[DEBUG] Camera position: (558.993, 436.815) zoom: 0.615586 mvpLoc: 1 isProg: 1 err1: 0 err2: 0 err3: 0 err4: 0 err5: 0
MVP passed: 
0.000961853, 0, 0, 0
0, -0.00170996, 0, 0
0, 0, -1, 0
-0.537669, 0.746937, 0, 1
Active MVP in shader: 
0.000961853, 0, 0, 0
0, -0.00170996, 0, 0
0, 0, -1, 0
-0.537669, 0.746937, 0, 1
err6 (draw): 0
[DEBUG] Camera position: (551.843, 433.223) zoom: 0.593779 mvpLoc: 1 isProg: 1 err1: 0 err2: 0 err3: 0 err4: 0 err5: 0
MVP passed: 
0.00092778, 0, 0, 0
0, -0.00164939, 0, 0
0, 0, -1, 0
-0.511989, 0.714553, 0, 1
Active MVP in shader: 
0.00092778, 0, 0, 0
0, -0.00164939, 0, 0
0, 0, -1, 0
-0.511989, 0.714553, 0, 1
err6 (draw): 0
[DEBUG] Camera position: (546.357, 430.467) zoom: 0.577047 mvpLoc: 1 isProg: 1 err1: 0 err2: 0 err3: 0 err4: 0 err5: 0
MVP passed: 
0.000901635, 0, 0, 0
0, -0.00160291, 0, 0
0, 0, -1, 0
-0.492615, 0.689999, 0, 1
Active MVP in shader: 
0.000901635, 0, 0, 0
0, -0.00160291, 0, 0
0, 0, -1, 0
-0.492615, 0.689999, 0, 1
err6 (draw): 0
[DEBUG] Camera position: (535.843, 425.223) zoom: 0.551413 mvpLoc: 1 isProg: 1 err1: 0 err2: 0 err3: 0 err4: 0 err5: 0
MVP passed: 
0.000861582, 0, 0, 0
0, -0.0015317, 0, 0
0, 0, -1, 0
-0.461673, 0.651315, 0, 1
Active MVP in shader: 
0.000861582, 0, 0, 0
0, -0.0015317, 0, 0
0, 0, -1, 0
-0.461673, 0.651315, 0, 1
err6 (draw): 0
[DEBUG] Camera position: (518.318, 416.485) zoom: 0.515896 mvpLoc: 1 isProg: 1 err1: 0 err2: 0 err3: 0 err4: 0 err5: 0
MVP passed: 
0.000806087, 0, 0, 0
0, -0.00143304, 0, 0
0, 0, -1, 0
-0.41781, 0.596841, 0, 1
Active MVP in shader: 
0.000806087, 0, 0, 0
0, -0.00143304, 0, 0
0, 0, -1, 0
-0.41781, 0.596841, 0, 1
err6 (draw): 0
[DEBUG] Camera position: (498.518, 406.606) zoom: 0.479276 mvpLoc: 1 isProg: 1 err1: 0 err2: 0 err3: 0 err4: 0 err5: 0
MVP passed: 
0.000748869, 0, 0, 0
0, -0.00133132, 0, 0
0, 0, -1, 0
-0.373324, 0.541323, 0, 1
Active MVP in shader: 
0.000748869, 0, 0, 0
0, -0.00133132, 0, 0
0, 0, -1, 0
-0.373324, 0.541323, 0, 1
err6 (draw): 0
[DEBUG] Camera position: (473.398, 394.063) zoom: 0.441688 mvpLoc: 1 isProg: 1 err1: 0 err2: 0 err3: 0 err4: 0 err5: 0
MVP passed: 
0.000690138, 0, 0, 0
0, -0.00122691, 0, 0
0, 0, -1, 0
-0.32671, 0.48348, 0, 1
Active MVP in shader: 
0.000690138, 0, 0, 0
0, -0.00122691, 0, 0
0, 0, -1, 0
-0.32671, 0.48348, 0, 1
err6 (draw): 0
[DEBUG] Camera position: (452.998, 383.876) zoom: 0.411162 mvpLoc: 1 isProg: 1 err1: 0 err2: 0 err3: 0 err4: 0 err5: 0
MVP passed: 
0.00064244, 0, 0, 0
0, -0.00114212, 0, 0
0, 0, -1, 0
-0.291024, 0.438431, 0, 1
Active MVP in shader: 
0.00064244, 0, 0, 0
0, -0.00114212, 0, 0
0, 0, -1, 0
-0.291024, 0.438431, 0, 1
err6 (draw): 0
[DEBUG] Camera position: (437.964, 376.37) zoom: 0.388666 mvpLoc: 1 isProg: 1 err1: 0 err2: 0 err3: 0 err4: 0 err5: 0
MVP passed: 
0.00060729, 0, 0, 0
0, -0.00107963, 0, 0
0, 0, -1, 0
-0.265971, 0.406339, 0, 1
Active MVP in shader: 
0.00060729, 0, 0, 0
0, -0.00107963, 0, 0
0, 0, -1, 0
-0.265971, 0.406339, 0, 1
err6 (draw): 0
[DEBUG] Camera position: (426.731, 370.761) zoom: 0.371857 mvpLoc: 1 isProg: 1 err1: 0 err2: 0 err3: 0 err4: 0 err5: 0
MVP passed: 
0.000581027, 0, 0, 0
0, -0.00103294, 0, 0
0, 0, -1, 0
-0.247942, 0.382972, 0, 1
Active MVP in shader: 
0.000581027, 0, 0, 0
0, -0.00103294, 0, 0
0, 0, -1, 0
-0.247942, 0.382972, 0, 1
err6 (draw): 0
[DEBUG] Camera position: (418.521, 366.661) zoom: 0.359572 mvpLoc: 1 isProg: 1 err1: 0 err2: 0 err3: 0 err4: 0 err5: 0
MVP passed: 
0.000561831, 0, 0, 0
0, -0.000998811, 0, 0
0, 0, -1, 0
-0.235138, 0.366225, 0, 1
Active MVP in shader: 
0.000561831, 0, 0, 0
0, -0.000998811, 0, 0
0, 0, -1, 0
-0.235138, 0.366225, 0, 1
err6 (draw): 0
[DEBUG] Camera position: (412.563, 363.686) zoom: 0.350657 mvpLoc: 1 isProg: 1 err1: 0 err2: 0 err3: 0 err4: 0 err5: 0
MVP passed: 
0.000547901, 0, 0, 0
0, -0.000974047, 0, 0
0, 0, -1, 0
-0.226044, 0.354247, 0, 1
Active MVP in shader: 
0.000547901, 0, 0, 0
0, -0.000974047, 0, 0
0, 0, -1, 0
-0.226044, 0.354247, 0, 1
err6 (draw): 0
[DEBUG] Camera position: (407.999, 361.407) zoom: 0.343827 mvpLoc: 1 isProg: 1 err1: 0 err2: 0 err3: 0 err4: 0 err5: 0
MVP passed: 
0.00053723, 0, 0, 0
0, -0.000955075, 0, 0
0, 0, -1, 0
-0.219189, 0.34517, 0, 1
Active MVP in shader: 
0.00053723, 0, 0, 0
0, -0.000955075, 0, 0
0, 0, -1, 0
-0.219189, 0.34517, 0, 1
err6 (draw): 0
[DEBUG] Camera position: (404.428, 359.624) zoom: 0.338484 mvpLoc: 1 isProg: 1 err1: 0 err2: 0 err3: 0 err4: 0 err5: 0
MVP passed: 
0.000528882, 0, 0, 0
0, -0.000940234, 0, 0
0, 0, -1, 0
-0.213895, 0.338131, 0, 1
Active MVP in shader: 
0.000528882, 0, 0, 0
0, -0.000940234, 0, 0
0, 0, -1, 0
-0.213895, 0.338131, 0, 1
err6 (draw): 0
[DEBUG] Camera position: (401.661, 358.242) zoom: 0.334343 mvpLoc: 1 isProg: 1 err1: 0 err2: 0 err3: 0 err4: 0 err5: 0
MVP passed: 
0.000522411, 0, 0, 0
0, -0.00092873, 0, 0
0, 0, -1, 0
-0.209832, 0.33271, 0, 1
Active MVP in shader: 
0.000522411, 0, 0, 0
0, -0.00092873, 0, 0
0, 0, -1, 0
-0.209832, 0.33271, 0, 1
err6 (draw): 0
[DEBUG] Camera position: (399.507, 357.167) zoom: 0.331121 mvpLoc: 1 isProg: 1 err1: 0 err2: 0 err3: 0 err4: 0 err5: 0
MVP passed: 
0.000517377, 0, 0, 0
0, -0.000919781, 0, 0
0, 0, -1, 0
-0.206696, 0.328515, 0, 1
Active MVP in shader: 
0.000517377, 0, 0, 0
0, -0.000919781, 0, 0
0, 0, -1, 0
-0.206696, 0.328515, 0, 1
err6 (draw): 0
[DEBUG] Camera position: (397.887, 356.358) zoom: 0.328696 mvpLoc: 1 isProg: 1 err1: 0 err2: 0 err3: 0 err4: 0 err5: 0
MVP passed: 
0.000513588, 0, 0, 0
0, -0.000913045, 0, 0
0, 0, -1, 0
-0.20435, 0.325371, 0, 1
Active MVP in shader: 
0.000513588, 0, 0, 0
0, -0.000913045, 0, 0
0, 0, -1, 0
-0.20435, 0.325371, 0, 1
err6 (draw): 0
[DEBUG] Camera position: (396.646, 355.738) zoom: 0.326839 mvpLoc: 1 isProg: 1 err1: 0 err2: 0 err3: 0 err4: 0 err5: 0
MVP passed: 
0.000510686, 0, 0, 0
0, -0.000907887, 0, 0
0, 0, -1, 0
-0.202562, 0.32297, 0, 1
Active MVP in shader: 
0.000510686, 0, 0, 0
0, -0.000907887, 0, 0
0, 0, -1, 0
-0.202562, 0.32297, 0, 1
err6 (draw): 0
[DEBUG] Camera position: (395.673, 355.252) zoom: 0.325384 mvpLoc: 1 isProg: 1 err1: 0 err2: 0 err3: 0 err4: 0 err5: 0
MVP passed: 
0.000508412, 0, 0, 0
0, -0.000903843, 0, 0
0, 0, -1, 0
-0.201165, 0.321092, 0, 1
Active MVP in shader: 
0.000508412, 0, 0, 0
0, -0.000903843, 0, 0
0, 0, -1, 0
-0.201165, 0.321092, 0, 1
err6 (draw): 0
[DEBUG] Camera position: (394.931, 354.882) zoom: 0.324274 mvpLoc: 1 isProg: 1 err1: 0 err2: 0 err3: 0 err4: 0 err5: 0
MVP passed: 
0.000506678, 0, 0, 0
0, -0.00090076, 0, 0
0, 0, -1, 0
-0.200103, 0.319664, 0, 1
Active MVP in shader: 
0.000506678, 0, 0, 0
0, -0.00090076, 0, 0
0, 0, -1, 0
-0.200103, 0.319664, 0, 1
err6 (draw): 0
[DEBUG] Camera position: (394.369, 354.601) zoom: 0.323432 mvpLoc: 1 isProg: 1 err1: 0 err2: 0 err3: 0 err4: 0 err5: 0
MVP passed: 
0.000505362, 0, 0, 0
0, -0.000898422, 0, 0
0, 0, -1, 0
-0.199299, 0.318581, 0, 1
Active MVP in shader: 
0.000505362, 0, 0, 0
0, -0.000898422, 0, 0
0, 0, -1, 0
-0.199299, 0.318581, 0, 1
err6 (draw): 0
[DEBUG] Camera position: (393.922, 354.378) zoom: 0.322763 mvpLoc: 1 isProg: 1 err1: 0 err2: 0 err3: 0 err4: 0 err5: 0
MVP passed: 
0.000504317, 0, 0, 0
0, -0.000896564, 0, 0
0, 0, -1, 0
-0.198662, 0.317722, 0, 1
Active MVP in shader: 
0.000504317, 0, 0, 0
0, -0.000896564, 0, 0
0, 0, -1, 0
-0.198662, 0.317722, 0, 1
err6 (draw): 0
[DEBUG] Camera position: (393.586, 354.21) zoom: 0.322259 mvpLoc: 1 isProg: 1 err1: 0 err2: 0 err3: 0 err4: 0 err5: 0
MVP passed: 
0.00050353, 0, 0, 0
0, -0.000895165, 0, 0
0, 0, -1, 0
-0.198182, 0.317076, 0, 1
Active MVP in shader: 
0.00050353, 0, 0, 0
0, -0.000895165, 0, 0
0, 0, -1, 0
-0.198182, 0.317076, 0, 1
err6 (draw): 0
[DEBUG] Camera position: (394.526, 354.674) zoom: 0.323196 mvpLoc: 1 isProg: 1 err1: 0 err2: 0 err3: 0 err4: 0 err5: 0
MVP passed: 
0.000504994, 0, 0, 0
0, -0.000897767, 0, 0
0, 0, -1, 0
-0.199233, 0.318415, 0, 1
Active MVP in shader: 
0.000504994, 0, 0, 0
0, -0.000897767, 0, 0
0, 0, -1, 0
-0.199233, 0.318415, 0, 1
err6 (draw): 0
[DEBUG] Camera position: (404.119, 359.426) zoom: 0.33373 mvpLoc: 1 isProg: 1 err1: 0 err2: 0 err3: 0 err4: 0 err5: 0
MVP passed: 
0.000521453, 0, 0, 0
0, -0.000927027, 0, 0
0, 0, -1, 0
-0.210729, 0.333197, 0, 1
Active MVP in shader: 
0.000521453, 0, 0, 0
0, -0.000927027, 0, 0
0, 0, -1, 0
-0.210729, 0.333197, 0, 1
err6 (draw): 0
[DEBUG] Camera position: (411.531, 363.096) zoom: 0.341869 mvpLoc: 1 isProg: 1 err1: 0 err2: 0 err3: 0 err4: 0 err5: 0
MVP passed: 
0.00053417, 0, 0, 0
0, -0.000949635, 0, 0
0, 0, -1, 0
-0.219827, 0.344809, 0, 1
Active MVP in shader: 
0.00053417, 0, 0, 0
0, -0.000949635, 0, 0
0, 0, -1, 0
-0.219827, 0.344809, 0, 1
err6 (draw): 0
[DEBUG] Camera position: (417.357, 365.981) zoom: 0.348265 mvpLoc: 1 isProg: 1 err1: 0 err2: 0 err3: 0 err4: 0 err5: 0
MVP passed: 
0.000544164, 0, 0, 0
0, -0.000967403, 0, 0
0, 0, -1, 0
-0.22711, 0.354052, 0, 1
Active MVP in shader: 
0.000544164, 0, 0, 0
0, -0.000967403, 0, 0
0, 0, -1, 0
-0.22711, 0.354052, 0, 1
err6 (draw): 0
[DEBUG] Camera position: (421.643, 368.104) zoom: 0.352971 mvpLoc: 1 isProg: 1 err1: 0 err2: 0 err3: 0 err4: 0 err5: 0
MVP passed: 
0.000551518, 0, 0, 0
0, -0.000980476, 0, 0
0, 0, -1, 0
-0.232543, 0.360917, 0, 1
Active MVP in shader: 
0.000551518, 0, 0, 0
0, -0.000980476, 0, 0
0, 0, -1, 0
-0.232543, 0.360917, 0, 1
err6 (draw): 0
[DEBUG] Camera position: (425.003, 369.769) zoom: 0.356662 mvpLoc: 1 isProg: 1 err1: 0 err2: 0 err3: 0 err4: 0 err5: 0
MVP passed: 
0.000557284, 0, 0, 0
0, -0.000990727, 0, 0
0, 0, -1, 0
-0.236848, 0.36634, 0, 1
Active MVP in shader: 
0.000557284, 0, 0, 0
0, -0.000990727, 0, 0
0, 0, -1, 0
-0.236848, 0.36634, 0, 1
err6 (draw): 0
[DEBUG] Camera position: (427.48, 370.995) zoom: 0.359381 mvpLoc: 1 isProg: 1 err1: 0 err2: 0 err3: 0 err4: 0 err5: 0
MVP passed: 
0.000561533, 0, 0, 0
0, -0.00099828, 0, 0
0, 0, -1, 0
-0.240044, 0.370357, 0, 1
Active MVP in shader: 
0.000561533, 0, 0, 0
0, -0.00099828, 0, 0
0, 0, -1, 0
-0.240044, 0.370357, 0, 1
err6 (draw): 0
[DEBUG] Camera position: (429.403, 371.948) zoom: 0.361493 mvpLoc: 1 isProg: 1 err1: 0 err2: 0 err3: 0 err4: 0 err5: 0
MVP passed: 
0.000564833, 0, 0, 0
0, -0.00100415, 0, 0
0, 0, -1, 0
-0.242541, 0.37349, 0, 1
Active MVP in shader: 
0.000564833, 0, 0, 0
0, -0.00100415, 0, 0
0, 0, -1, 0
-0.242541, 0.37349, 0, 1
err6 (draw): 0
[DEBUG] Camera position: (437.509, 375.963) zoom: 0.372805 mvpLoc: 1 isProg: 1 err1: 0 err2: 0 err3: 0 err4: 0 err5: 0
MVP passed: 
0.000582508, 0, 0, 0
0, -0.00103557, 0, 0
0, 0, -1, 0
-0.254852, 0.389335, 0, 1
Active MVP in shader: 
0.000582508, 0, 0, 0
0, -0.00103557, 0, 0
0, 0, -1, 0
-0.254852, 0.389335, 0, 1
err6 (draw): 0
[DEBUG] Camera position: (445.87, 380.104) zoom: 0.384625 mvpLoc: 1 isProg: 1 err1: 0 err2: 0 err3: 0 err4: 0 err5: 0
MVP passed: 
0.000600977, 0, 0, 0
0, -0.0010684, 0, 0
0, 0, -1, 0
-0.267958, 0.406105, 0, 1
Active MVP in shader: 
0.000600977, 0, 0, 0
0, -0.0010684, 0, 0
0, 0, -1, 0
-0.267958, 0.406105, 0, 1
err6 (draw): 0
[DEBUG] Camera position: (452.272, 383.275) zoom: 0.393677 mvpLoc: 1 isProg: 1 err1: 0 err2: 0 err3: 0 err4: 0 err5: 0
MVP passed: 
0.00061512, 0, 0, 0
0, -0.00109355, 0, 0
0, 0, -1, 0
-0.278202, 0.419129, 0, 1
Active MVP in shader: 
0.00061512, 0, 0, 0
0, -0.00109355, 0, 0
0, 0, -1, 0
-0.278202, 0.419129, 0, 1
err6 (draw): 0
[DEBUG] Camera position: (457.267, 385.749) zoom: 0.400738 mvpLoc: 1 isProg: 1 err1: 0 err2: 0 err3: 0 err4: 0 err5: 0
MVP passed: 
0.000626153, 0, 0, 0
0, -0.00111316, 0, 0
0, 0, -1, 0
-0.286319, 0.4294, 0, 1
Active MVP in shader: 
0.000626153, 0, 0, 0
0, -0.00111316, 0, 0
0, 0, -1, 0
-0.286319, 0.4294, 0, 1
err6 (draw): 0
[DEBUG] Camera position: (461.146, 387.67) zoom: 0.406222 mvpLoc: 1 isProg: 1 err1: 0 err2: 0 err3: 0 err4: 0 err5: 0
MVP passed: 
0.000634721, 0, 0, 0
0, -0.00112839, 0, 0
0, 0, -1, 0
-0.292699, 0.437445, 0, 1
Active MVP in shader: 
0.000634721, 0, 0, 0
0, -0.00112839, 0, 0
0, 0, -1, 0
-0.292699, 0.437445, 0, 1
err6 (draw): 0
[DEBUG] Camera position: (464.045, 389.106) zoom: 0.41032 mvpLoc: 1 isProg: 1 err1: 0 err2: 0 err3: 0 err4: 0 err5: 0
MVP passed: 
0.000641125, 0, 0, 0
0, -0.00113978, 0, 0
0, 0, -1, 0
-0.297511, 0.443495, 0, 1
Active MVP in shader: 
0.000641125, 0, 0, 0
0, -0.00113978, 0, 0
0, 0, -1, 0
-0.297511, 0.443495, 0, 1
err6 (draw): 0
[DEBUG] Camera position: (473.868, 393.972) zoom: 0.428213 mvpLoc: 1 isProg: 1 err1: 0 err2: 0 err3: 0 err4: 0 err5: 0
MVP passed: 
0.000669082, 0, 0, 0
0, -0.00118948, 0, 0
0, 0, -1, 0
-0.317057, 0.468622, 0, 1
Active MVP in shader: 
0.000669082, 0, 0, 0
0, -0.00118948, 0, 0
0, 0, -1, 0
-0.317057, 0.468622, 0, 1
err6 (draw): 0
[DEBUG] Camera position: (481.478, 397.741) zoom: 0.442073 mvpLoc: 1 isProg: 1 err1: 0 err2: 0 err3: 0 err4: 0 err5: 0
MVP passed: 
0.000690739, 0, 0, 0
0, -0.00122798, 0, 0
0, 0, -1, 0
-0.332576, 0.488418, 0, 1
Active MVP in shader: 
0.000690739, 0, 0, 0
0, -0.00122798, 0, 0
0, 0, -1, 0
-0.332576, 0.488418, 0, 1
err6 (draw): 0
[DEBUG] Camera position: (487.227, 400.589) zoom: 0.452544 mvpLoc: 1 isProg: 1 err1: 0 err2: 0 err3: 0 err4: 0 err5: 0
MVP passed: 
0.0007071, 0, 0, 0
0, -0.00125707, 0, 0
0, 0, -1, 0
-0.344518, 0.503567, 0, 1
Active MVP in shader: 
0.0007071, 0, 0, 0
0, -0.00125707, 0, 0
0, 0, -1, 0
-0.344518, 0.503567, 0, 1
err6 (draw): 0
[DEBUG] Camera position: (491.75, 402.829) zoom: 0.460782 mvpLoc: 1 isProg: 1 err1: 0 err2: 0 err3: 0 err4: 0 err5: 0
MVP passed: 
0.000719971, 0, 0, 0
0, -0.00127995, 0, 0
0, 0, -1, 0
-0.354046, 0.515601, 0, 1
Active MVP in shader: 
0.000719971, 0, 0, 0
0, -0.00127995, 0, 0
0, 0, -1, 0
-0.354046, 0.515601, 0, 1
err6 (draw): 0
[DEBUG] Camera position: (495.091, 404.484) zoom: 0.466867 mvpLoc: 1 isProg: 1 err1: 0 err2: 0 err3: 0 err4: 0 err5: 0
MVP passed: 
0.000729479, 0, 0, 0
0, -0.00129685, 0, 0
0, 0, -1, 0
-0.361158, 0.524556, 0, 1
Active MVP in shader: 
0.000729479, 0, 0, 0
0, -0.00129685, 0, 0
0, 0, -1, 0
-0.361158, 0.524556, 0, 1
err6 (draw): 0
[DEBUG] Camera position: (497.732, 405.792) zoom: 0.471677 mvpLoc: 1 isProg: 1 err1: 0 err2: 0 err3: 0 err4: 0 err5: 0
MVP passed: 
0.000736996, 0, 0, 0
0, -0.00131021, 0, 0
0, 0, -1, 0
-0.366826, 0.531675, 0, 1
Active MVP in shader: 
0.000736996, 0, 0, 0
0, -0.00131021, 0, 0
0, 0, -1, 0
-0.366826, 0.531675, 0, 1
err6 (draw): 0
[DEBUG] Camera position: (502.799, 408.302) zoom: 0.483168 mvpLoc: 1 isProg: 1 err1: 0 err2: 0 err3: 0 err4: 0 err5: 0
MVP passed: 
0.00075495, 0, 0, 0
0, -0.00134213, 0, 0
0, 0, -1, 0
-0.379588, 0.547996, 0, 1
Active MVP in shader: 
0.00075495, 0, 0, 0
0, -0.00134213, 0, 0
0, 0, -1, 0
-0.379588, 0.547996, 0, 1
err6 (draw): 0
[DEBUG] Camera position: (510.296, 412.016) zoom: 0.50126 mvpLoc: 1 isProg: 1 err1: 0 err2: 0 err3: 0 err4: 0 err5: 0
MVP passed: 
0.000783219, 0, 0, 0
0, -0.00139239, 0, 0
0, 0, -1, 0
-0.399673, 0.573686, 0, 1
Active MVP in shader: 
0.000783219, 0, 0, 0
0, -0.00139239, 0, 0
0, 0, -1, 0
-0.399673, 0.573686, 0, 1
err6 (draw): 0
[DEBUG] Camera position: (516.057, 414.869) zoom: 0.515161 mvpLoc: 1 isProg: 1 err1: 0 err2: 0 err3: 0 err4: 0 err5: 0
MVP passed: 
0.000804939, 0, 0, 0
0, -0.001431, 0, 0
0, 0, -1, 0
-0.415394, 0.593679, 0, 1
Active MVP in shader: 
0.000804939, 0, 0, 0
0, -0.001431, 0, 0
0, 0, -1, 0
-0.415394, 0.593679, 0, 1
err6 (draw): 0
[DEBUG] Camera position: (520.485, 417.062) zoom: 0.525847 mvpLoc: 1 isProg: 1 err1: 0 err2: 0 err3: 0 err4: 0 err5: 0
MVP passed: 
0.000821636, 0, 0, 0
0, -0.00146069, 0, 0
0, 0, -1, 0
-0.427649, 0.609197, 0, 1
Active MVP in shader: 
0.000821636, 0, 0, 0
0, -0.00146069, 0, 0
0, 0, -1, 0
-0.427649, 0.609197, 0, 1
err6 (draw): 0
[DEBUG] Camera position: (523.815, 418.712) zoom: 0.533883 mvpLoc: 1 isProg: 1 err1: 0 err2: 0 err3: 0 err4: 0 err5: 0
MVP passed: 
0.000834192, 0, 0, 0
0, -0.00148301, 0, 0
0, 0, -1, 0
-0.436962, 0.620953, 0, 1
Active MVP in shader: 
0.000834192, 0, 0, 0
0, -0.00148301, 0, 0
0, 0, -1, 0
-0.436962, 0.620953, 0, 1
err6 (draw): 0
[DEBUG] Camera position: (526.369, 419.977) zoom: 0.540047 mvpLoc: 1 isProg: 1 err1: 0 err2: 0 err3: 0 err4: 0 err5: 0
MVP passed: 
0.000843824, 0, 0, 0
0, -0.00150013, 0, 0
0, 0, -1, 0
-0.444163, 0.630021, 0, 1
Active MVP in shader: 
0.000843824, 0, 0, 0
0, -0.00150013, 0, 0
0, 0, -1, 0
-0.444163, 0.630021, 0, 1
err6 (draw): 0
[DEBUG] Camera position: (528.36, 420.963) zoom: 0.544852 mvpLoc: 1 isProg: 1 err1: 0 err2: 0 err3: 0 err4: 0 err5: 0
MVP passed: 
0.000851331, 0, 0, 0
0, -0.00151348, 0, 0
0, 0, -1, 0
-0.449809, 0.637117, 0, 1
Active MVP in shader: 
0.000851331, 0, 0, 0
0, -0.00151348, 0, 0
0, 0, -1, 0
-0.449809, 0.637117, 0, 1
err6 (draw): 0
[DEBUG] Camera position: (534.623, 424.065) zoom: 0.564612 mvpLoc: 1 isProg: 1 err1: 0 err2: 0 err3: 0 err4: 0 err5: 0
MVP passed: 
0.000882206, 0, 0, 0
0, -0.00156837, 0, 0
0, 0, -1, 0
-0.471648, 0.66509, 0, 1
Active MVP in shader: 
0.000882206, 0, 0, 0
0, -0.00156837, 0, 0
0, 0, -1, 0
-0.471648, 0.66509, 0, 1
err6 (draw): 0
[DEBUG] Camera position: (540.435, 426.944) zoom: 0.583203 mvpLoc: 1 isProg: 1 err1: 0 err2: 0 err3: 0 err4: 0 err5: 0
MVP passed: 
0.000911255, 0, 0, 0
0, -0.00162001, 0, 0
0, 0, -1, 0
-0.492474, 0.691654, 0, 1
Active MVP in shader: 
0.000911255, 0, 0, 0
0, -0.00162001, 0, 0
0, 0, -1, 0
-0.492474, 0.691654, 0, 1
err6 (draw): 0
[DEBUG] Camera position: (544.845, 429.129) zoom: 0.597312 mvpLoc: 1 isProg: 1 err1: 0 err2: 0 err3: 0 err4: 0 err5: 0
MVP passed: 
0.0009333, 0, 0, 0
0, -0.0016592, 0, 0
0, 0, -1, 0
-0.508504, 0.71201, 0, 1
Active MVP in shader: 
0.0009333, 0, 0, 0
0, -0.0016592, 0, 0
0, 0, -1, 0
-0.508504, 0.71201, 0, 1
err6 (draw): 0
[DEBUG] Camera position: (548.305, 430.842) zoom: 0.608377 mvpLoc: 1 isProg: 1 err1: 0 err2: 0 err3: 0 err4: 0 err5: 0
MVP passed: 
0.000950589, 0, 0, 0
0, -0.00168994, 0, 0
0, 0, -1, 0
-0.521213, 0.728096, 0, 1
Active MVP in shader: 
0.000950589, 0, 0, 0
0, -0.00168994, 0, 0
0, 0, -1, 0
-0.521213, 0.728096, 0, 1
err6 (draw): 0
[DEBUG] Camera position: (551.063, 432.209) zoom: 0.617201 mvpLoc: 1 isProg: 1 err1: 0 err2: 0 err3: 0 err4: 0 err5: 0
MVP passed: 
0.000964377, 0, 0, 0
0, -0.00171445, 0, 0
0, 0, -1, 0
-0.531432, 0.740999, 0, 1
Active MVP in shader: 
0.000964377, 0, 0, 0
0, -0.00171445, 0, 0
0, 0, -1, 0
-0.531432, 0.740999, 0, 1
err6 (draw): 0
[DEBUG] Camera position: (553.093, 433.214) zoom: 0.623697 mvpLoc: 1 isProg: 1 err1: 0 err2: 0 err3: 0 err4: 0 err5: 0
MVP passed: 
0.000974526, 0, 0, 0
0, -0.00173249, 0, 0
0, 0, -1, 0
-0.539004, 0.75054, 0, 1
Active MVP in shader: 
0.000974526, 0, 0, 0
0, -0.00173249, 0, 0
0, 0, -1, 0
-0.539004, 0.75054, 0, 1
err6 (draw): 0
[DEBUG] Camera position: (557.058, 435.178) zoom: 0.639492 mvpLoc: 1 isProg: 1 err1: 0 err2: 0 err3: 0 err4: 0 err5: 0
MVP passed: 
0.000999206, 0, 0, 0
0, -0.00177637, 0, 0
0, 0, -1, 0
-0.556616, 0.773036, 0, 1
Active MVP in shader: 
0.000999206, 0, 0, 0
0, -0.00177637, 0, 0
0, 0, -1, 0
-0.556616, 0.773036, 0, 1
err6 (draw): 0
[DEBUG] Camera position: (562.705, 437.975) zoom: 0.663332 mvpLoc: 1 isProg: 1 err1: 0 err2: 0 err3: 0 err4: 0 err5: 0
MVP passed: 
0.00103646, 0, 0, 0
0, -0.00184259, 0, 0
0, 0, -1, 0
-0.583218, 0.807007, 0, 1
Active MVP in shader: 
0.00103646, 0, 0, 0
0, -0.00184259, 0, 0
0, 0, -1, 0
-0.583218, 0.807007, 0, 1
err6 (draw): 0
[DEBUG] Camera position: (566.961, 440.084) zoom: 0.681307 mvpLoc: 1 isProg: 1 err1: 0 err2: 0 err3: 0 err4: 0 err5: 0
MVP passed: 
0.00106454, 0, 0, 0
0, -0.00189252, 0, 0
0, 0, -1, 0
-0.603554, 0.832867, 0, 1
Active MVP in shader: 
0.00106454, 0, 0, 0
0, -0.00189252, 0, 0
0, 0, -1, 0
-0.603554, 0.832867, 0, 1
err6 (draw): 0
[DEBUG] Camera position: (570.351, 441.763) zoom: 0.695618 mvpLoc: 1 isProg: 1 err1: 0 err2: 0 err3: 0 err4: 0 err5: 0
MVP passed: 
0.0010869, 0, 0, 0
0, -0.00193227, 0, 0
0, 0, -1, 0
-0.619916, 0.853606, 0, 1
Active MVP in shader: 
0.0010869, 0, 0, 0
0, -0.00193227, 0, 0
0, 0, -1, 0
-0.619916, 0.853606, 0, 1
err6 (draw): 0
[DEBUG] Camera position: (572.882, 443.017) zoom: 0.706307 mvpLoc: 1 isProg: 1 err1: 0 err2: 0 err3: 0 err4: 0 err5: 0
MVP passed: 
0.00110361, 0, 0, 0
0, -0.00196196, 0, 0
0, 0, -1, 0
-0.632236, 0.869183, 0, 1
Active MVP in shader: 
0.00110361, 0, 0, 0
0, -0.00196196, 0, 0
0, 0, -1, 0
-0.632236, 0.869183, 0, 1
err6 (draw): 0
[DEBUG] Camera position: (574.855, 443.994) zoom: 0.714635 mvpLoc: 1 isProg: 1 err1: 0 err2: 0 err3: 0 err4: 0 err5: 0
MVP passed: 
0.00111662, 0, 0, 0
0, -0.0019851, 0, 0
0, 0, -1, 0
-0.641893, 0.881371, 0, 1
Active MVP in shader: 
0.00111662, 0, 0, 0
0, -0.0019851, 0, 0
0, 0, -1, 0
-0.641893, 0.881371, 0, 1
err6 (draw): 0
[DEBUG] Camera position: (580.52, 446.799) zoom: 0.745726 mvpLoc: 1 isProg: 1 err1: 0 err2: 0 err3: 0 err4: 0 err5: 0
MVP passed: 
0.0011652, 0, 0, 0
0, -0.00207146, 0, 0
0, 0, -1, 0
-0.67642, 0.925527, 0, 1
Active MVP in shader: 
0.0011652, 0, 0, 0
0, -0.00207146, 0, 0
0, 0, -1, 0
-0.67642, 0.925527, 0, 1
err6 (draw): 0
[DEBUG] Camera position: (585.244, 449.139) zoom: 0.771786 mvpLoc: 1 isProg: 1 err1: 0 err2: 0 err3: 0 err4: 0 err5: 0
MVP passed: 
0.00120592, 0, 0, 0
0, -0.00214385, 0, 0
0, 0, -1, 0
-0.705755, 0.962888, 0, 1
Active MVP in shader: 
0.00120592, 0, 0, 0
0, -0.00214385, 0, 0
0, 0, -1, 0
-0.705755, 0.962888, 0, 1
err6 (draw): 0
[DEBUG] Camera position: (588.71, 450.856) zoom: 0.790902 mvpLoc: 1 isProg: 1 err1: 0 err2: 0 err3: 0 err4: 0 err5: 0
MVP passed: 
0.00123578, 0, 0, 0
0, -0.00219695, 0, 0
0, 0, -1, 0
-0.727519, 0.990508, 0, 1
Active MVP in shader: 
0.00123578, 0, 0, 0
0, -0.00219695, 0, 0
0, 0, -1, 0
-0.727519, 0.990508, 0, 1
err6 (draw): 0
[DEBUG] Camera position: (591.922, 452.447) zoom: 0.808618 mvpLoc: 1 isProg: 1 err1: 0 err2: 0 err3: 0 err4: 0 err5: 0
MVP passed: 
0.00126347, 0, 0, 0
0, -0.00224616, 0, 0
0, 0, -1, 0
-0.747873, 1.01627, 0, 1
Active MVP in shader: 
0.00126347, 0, 0, 0
0, -0.00224616, 0, 0
0, 0, -1, 0
-0.747873, 1.01627, 0, 1
err6 (draw): 0
[DEBUG] Camera position: (594.064, 453.508) zoom: 0.821115 mvpLoc: 1 isProg: 1 err1: 0 err2: 0 err3: 0 err4: 0 err5: 0
MVP passed: 
0.00128299, 0, 0, 0
0, -0.00228088, 0, 0
0, 0, -1, 0
-0.762179, 1.03439, 0, 1
Active MVP in shader: 
0.00128299, 0, 0, 0
0, -0.00228088, 0, 0
0, 0, -1, 0
-0.762179, 1.03439, 0, 1
err6 (draw): 0
[DEBUG] Camera position: (599.1, 456.003) zoom: 0.85748 mvpLoc: 1 isProg: 1 err1: 0 err2: 0 err3: 0 err4: 0 err5: 0
MVP passed: 
0.00133981, 0, 0, 0
0, -0.00238189, 0, 0
0, 0, -1, 0
-0.802682, 1.08615, 0, 1
Active MVP in shader: 
0.00133981, 0, 0, 0
0, -0.00238189, 0, 0
0, 0, -1, 0
-0.802682, 1.08615, 0, 1
err6 (draw): 0
[DEBUG] Camera position: (602.983, 457.926) zoom: 0.885511 mvpLoc: 1 isProg: 1 err1: 0 err2: 0 err3: 0 err4: 0 err5: 0
MVP passed: 
0.00138361, 0, 0, 0
0, -0.00245975, 0, 0
0, 0, -1, 0
-0.834294, 1.12638, 0, 1
Active MVP in shader: 
0.00138361, 0, 0, 0
0, -0.00245975, 0, 0
0, 0, -1, 0
-0.834294, 1.12638, 0, 1
err6 (draw): 0
[DEBUG] Camera position: (605.952, 459.396) zoom: 0.906943 mvpLoc: 1 isProg: 1 err1: 0 err2: 0 err3: 0 err4: 0 err5: 0
MVP passed: 
0.0014171, 0, 0, 0
0, -0.00251929, 0, 0
0, 0, -1, 0
-0.858694, 1.15735, 0, 1
Active MVP in shader: 
0.0014171, 0, 0, 0
0, -0.00251929, 0, 0
0, 0, -1, 0
-0.858694, 1.15735, 0, 1
err6 (draw): 0
[DEBUG] Camera position: (608.327, 460.573) zoom: 0.924087 mvpLoc: 1 isProg: 1 err1: 0 err2: 0 err3: 0 err4: 0 err5: 0
MVP passed: 
0.00144389, 0, 0, 0
0, -0.00256691, 0, 0
0, 0, -1, 0
-0.878355, 1.18225, 0, 1
Active MVP in shader: 
0.00144389, 0, 0, 0
0, -0.00256691, 0, 0
0, 0, -1, 0
-0.878355, 1.18225, 0, 1
err6 (draw): 0
[DEBUG] Camera position: (610.14, 461.471) zoom: 0.937179 mvpLoc: 1 isProg: 1 err1: 0 err2: 0 err3: 0 err4: 0 err5: 0
MVP passed: 
0.00146434, 0, 0, 0
0, -0.00260328, 0, 0
0, 0, -1, 0
-0.893453, 1.20134, 0, 1
Active MVP in shader: 
0.00146434, 0, 0, 0
0, -0.00260328, 0, 0
0, 0, -1, 0
-0.893453, 1.20134, 0, 1
err6 (draw): 0
[DEBUG] Camera position: (611.534, 462.161) zoom: 0.947243 mvpLoc: 1 isProg: 1 err1: 0 err2: 0 err3: 0 err4: 0 err5: 0
MVP passed: 
0.00148007, 0, 0, 0
0, -0.00263123, 0, 0
0, 0, -1, 0
-0.905111, 1.21605, 0, 1
Active MVP in shader: 
0.00148007, 0, 0, 0
0, -0.00263123, 0, 0
0, 0, -1, 0
-0.905111, 1.21605, 0, 1
err6 (draw): 0
[DEBUG] Camera position: (612.605, 462.692) zoom: 0.95498 mvpLoc: 1 isProg: 1 err1: 0 err2: 0 err3: 0 err4: 0 err5: 0
MVP passed: 
0.00149216, 0, 0, 0
0, -0.00265272, 0, 0
0, 0, -1, 0
-0.914102, 1.22739, 0, 1
Active MVP in shader: 
0.00149216, 0, 0, 0
0, -0.00265272, 0, 0
0, 0, -1, 0
-0.914102, 1.22739, 0, 1
err6 (draw): 0
[DEBUG] Camera position: (613.453, 463.113) zoom: 0.961104 mvpLoc: 1 isProg: 1 err1: 0 err2: 0 err3: 0 err4: 0 err5: 0
MVP passed: 
0.00150172, 0, 0, 0
0, -0.00266973, 0, 0
0, 0, -1, 0
-0.921238, 1.23639, 0, 1
Active MVP in shader: 
0.00150172, 0, 0, 0
0, -0.00266973, 0, 0
0, 0, -1, 0
-0.921238, 1.23639, 0, 1
err6 (draw): 0
[DEBUG] Camera position: (614.074, 463.42) zoom: 0.965586 mvpLoc: 1 isProg: 1 err1: 0 err2: 0 err3: 0 err4: 0 err5: 0
MVP passed: 
0.00150873, 0, 0, 0
0, -0.00268218, 0, 0
0, 0, -1, 0
-0.926471, 1.24298, 0, 1
Active MVP in shader: 
0.00150873, 0, 0, 0
0, -0.00268218, 0, 0
0, 0, -1, 0
-0.926471, 1.24298, 0, 1
err6 (draw): 0
[DEBUG] Camera position: (614.554, 463.658) zoom: 0.96905 mvpLoc: 1 isProg: 1 err1: 0 err2: 0 err3: 0 err4: 0 err5: 0
MVP passed: 
0.00151414, 0, 0, 0
0, -0.00269181, 0, 0
0, 0, -1, 0
-0.930521, 1.24808, 0, 1
Active MVP in shader: 
0.00151414, 0, 0, 0
0, -0.00269181, 0, 0
0, 0, -1, 0
-0.930521, 1.24808, 0, 1
err6 (draw): 0
[DEBUG] Camera position: (614.933, 463.845) zoom: 0.971785 mvpLoc: 1 isProg: 1 err1: 0 err2: 0 err3: 0 err4: 0 err5: 0
MVP passed: 
0.00151841, 0, 0, 0
0, -0.0026994, 0, 0
0, 0, -1, 0
-0.933723, 1.25211, 0, 1
Active MVP in shader: 
0.00151841, 0, 0, 0
0, -0.0026994, 0, 0
0, 0, -1, 0
-0.933723, 1.25211, 0, 1
err6 (draw): 0
[DEBUG] Camera position: (615.216, 463.986) zoom: 0.973831 mvpLoc: 1 isProg: 1 err1: 0 err2: 0 err3: 0 err4: 0 err5: 0
MVP passed: 
0.00152161, 0, 0, 0
0, -0.00270509, 0, 0
0, 0, -1, 0
-0.936121, 1.25512, 0, 1
Active MVP in shader: 
0.00152161, 0, 0, 0
0, -0.00270509, 0, 0
0, 0, -1, 0
-0.936121, 1.25512, 0, 1
err6 (draw): 0
[DEBUG] Camera position: (615.436, 464.095) zoom: 0.97542 mvpLoc: 1 isProg: 1 err1: 0 err2: 0 err3: 0 err4: 0 err5: 0
MVP passed: 
0.00152409, 0, 0, 0
0, -0.0027095, 0, 0
0, 0, -1, 0
-0.937983, 1.25746, 0, 1
Active MVP in shader: 
0.00152409, 0, 0, 0
0, -0.0027095, 0, 0
0, 0, -1, 0
-0.937983, 1.25746, 0, 1
err6 (draw): 0
[DEBUG] Camera position: (616.485, 464.614) zoom: 0.985743 mvpLoc: 1 isProg: 1 err1: 0 err2: 0 err3: 0 err4: 0 err5: 0
MVP passed: 
0.00154022, 0, 0, 0
0, -0.00273817, 0, 0
0, 0, -1, 0
-0.949524, 1.27219, 0, 1
Active MVP in shader: 
0.00154022, 0, 0, 0
0, -0.00273817, 0, 0
0, 0, -1, 0
-0.949524, 1.27219, 0, 1
err6 (draw): 0
[DEBUG] Camera position: (621.571, 467.134) zoom: 1.04313 mvpLoc: 1 isProg: 1 err1: 0 err2: 0 err3: 0 err4: 0 err5: 0
MVP passed: 
0.00162989, 0, 0, 0
0, -0.00289758, 0, 0
0, 0, -1, 0
-1.01309, 1.35356, -0, 1
Active MVP in shader: 
0.00162989, 0, 0, 0
0, -0.00289758, 0, 0
0, 0, -1, 0
-1.01309, 1.35356, -0, 1
err6 (draw): 0
[DEBUG] Camera position: (628.027, 470.331) zoom: 1.1305 mvpLoc: 1 isProg: 1 err1: 0 err2: 0 err3: 0 err4: 0 err5: 0
MVP passed: 
0.0017664, 0, 0, 0
0, -0.00314027, 0, 0
0, 0, -1, 0
-1.10935, 1.47697, -0, 1
Active MVP in shader: 
0.0017664, 0, 0, 0
0, -0.00314027, 0, 0
0, 0, -1, 0
-1.10935, 1.47697, -0, 1
err6 (draw): 0
[DEBUG] Camera position: (636.138, 474.349) zoom: 1.2674 mvpLoc: 1 isProg: 1 err1: 0 err2: 0 err3: 0 err4: 0 err5: 0
MVP passed: 
0.00198032, 0, 0, 0
0, -0.00352057, 0, 0
0, 0, -1, 0
-1.25976, 1.66998, -0, 1
Active MVP in shader: 
0.00198032, 0, 0, 0
0, -0.00352057, 0, 0
0, 0, -1, 0
-1.25976, 1.66998, -0, 1
err6 (draw): 0
[DEBUG] Camera position: (644.006, 478.246) zoom: 1.43165 mvpLoc: 1 isProg: 1 err1: 0 err2: 0 err3: 0 err4: 0 err5: 0
MVP passed: 
0.00223696, 0, 0, 0
0, -0.00397682, 0, 0
0, 0, -1, 0
-1.44062, 1.9019, -0, 1
Active MVP in shader: 
0.00223696, 0, 0, 0
0, -0.00397682, 0, 0
0, 0, -1, 0
-1.44062, 1.9019, -0, 1
err6 (draw): 0
[DEBUG] Camera position: (649.889, 481.16) zoom: 1.55446 mvpLoc: 1 isProg: 1 err1: 0 err2: 0 err3: 0 err4: 0 err5: 0
MVP passed: 
0.00242884, 0, 0, 0
0, -0.00431793, 0, 0
0, 0, -1, 0
-1.57847, 2.07762, -0, 1
Active MVP in shader: 
0.00242884, 0, 0, 0
0, -0.00431793, 0, 0
0, 0, -1, 0
-1.57847, 2.07762, -0, 1
err6 (draw): 0
[DEBUG] Camera position: (654.476, 483.432) zoom: 1.65023 mvpLoc: 1 isProg: 1 err1: 0 err2: 0 err3: 0 err4: 0 err5: 0
MVP passed: 
0.00257848, 0, 0, 0
0, -0.00458397, 0, 0
0, 0, -1, 0
-1.68756, 2.21604, -0, 1
Active MVP in shader: 
0.00257848, 0, 0, 0
0, -0.00458397, 0, 0
0, 0, -1, 0
-1.68756, 2.21604, -0, 1
err6 (draw): 0
[DEBUG] Camera position: (657.984, 485.17) zoom: 1.72344 mvpLoc: 1 isProg: 1 err1: 0 err2: 0 err3: 0 err4: 0 err5: 0
MVP passed: 
0.00269288, 0, 0, 0
0, -0.00478734, 0, 0
0, 0, -1, 0
-1.77187, 2.32267, -0, 1
Active MVP in shader: 
0.00269288, 0, 0, 0
0, -0.00478734, 0, 0
0, 0, -1, 0
-1.77187, 2.32267, -0, 1
err6 (draw): 0
[DEBUG] Camera position: (660.707, 486.518) zoom: 1.78029 mvpLoc: 1 isProg: 1 err1: 0 err2: 0 err3: 0 err4: 0 err5: 0
MVP passed: 
0.0027817, 0, 0, 0
0, -0.00494524, 0, 0
0, 0, -1, 0
-1.83789, 2.40595, -0, 1
Active MVP in shader: 
0.0027817, 0, 0, 0
0, -0.00494524, 0, 0
0, 0, -1, 0
-1.83789, 2.40595, -0, 1
err6 (draw): 0
[DEBUG] Camera position: (662.836, 487.573) zoom: 1.82474 mvpLoc: 1 isProg: 1 err1: 0 err2: 0 err3: 0 err4: 0 err5: 0
MVP passed: 
0.00285115, 0, 0, 0
0, -0.00506871, 0, 0
0, 0, -1, 0
-1.88985, 2.47137, -0, 1
Active MVP in shader: 
0.00285115, 0, 0, 0
0, -0.00506871, 0, 0
0, 0, -1, 0
-1.88985, 2.47137, -0, 1
err6 (draw): 0
[DEBUG] Camera position: (664.501, 488.398) zoom: 1.8595 mvpLoc: 1 isProg: 1 err1: 0 err2: 0 err3: 0 err4: 0 err5: 0
MVP passed: 
0.00290547, 0, 0, 0
0, -0.00516528, 0, 0
0, 0, -1, 0
-1.93069, 2.52272, -0, 1
Active MVP in shader: 
0.00290547, 0, 0, 0
0, -0.00516528, 0, 0
0, 0, -1, 0
-1.93069, 2.52272, -0, 1
err6 (draw): 0
[DEBUG] Camera position: (665.738, 489.011) zoom: 1.88531 mvpLoc: 1 isProg: 1 err1: 0 err2: 0 err3: 0 err4: 0 err5: 0
MVP passed: 
0.0029458, 0, 0, 0
0, -0.00523697, 0, 0
0, 0, -1, 0
-1.96113, 2.56093, -0, 1
Active MVP in shader: 
0.0029458, 0, 0, 0
0, -0.00523697, 0, 0
0, 0, -1, 0
-1.96113, 2.56093, -0, 1
err6 (draw): 0
[DEBUG] Camera position: (666.775, 489.524) zoom: 1.90696 mvpLoc: 1 isProg: 1 err1: 0 err2: 0 err3: 0 err4: 0 err5: 0
MVP passed: 
0.00297963, 0, 0, 0
0, -0.00529712, 0, 0
0, 0, -1, 0
-1.98675, 2.59307, -0, 1
Active MVP in shader: 
0.00297963, 0, 0, 0
0, -0.00529712, 0, 0
0, 0, -1, 0
-1.98675, 2.59307, -0, 1
err6 (draw): 0
[DEBUG] Camera position: (667.502, 489.884) zoom: 1.92212 mvpLoc: 1 isProg: 1 err1: 0 err2: 0 err3: 0 err4: 0 err5: 0
MVP passed: 
0.00300332, 0, 0, 0
0, -0.00533923, 0, 0
0, 0, -1, 0
-2.00472, 2.61561, -0, 1
Active MVP in shader: 
0.00300332, 0, 0, 0
0, -0.00533923, 0, 0
0, 0, -1, 0
-2.00472, 2.61561, -0, 1
err6 (draw): 0
[DEBUG] Camera position: (668.047, 490.154) zoom: 1.9335 mvpLoc: 1 isProg: 1 err1: 0 err2: 0 err3: 0 err4: 0 err5: 0
MVP passed: 
0.00302109, 0, 0, 0
0, -0.00537083, 0, 0
0, 0, -1, 0
-2.01823, 2.63253, -0, 1
Active MVP in shader: 
0.00302109, 0, 0, 0
0, -0.00537083, 0, 0
0, 0, -1, 0
-2.01823, 2.63253, -0, 1
err6 (draw): 0
[DEBUG] Camera position: (668.487, 490.372) zoom: 1.94268 mvpLoc: 1 isProg: 1 err1: 0 err2: 0 err3: 0 err4: 0 err5: 0
MVP passed: 
0.00303544, 0, 0, 0
0, -0.00539634, 0, 0
0, 0, -1, 0
-2.02915, 2.64621, -0, 1
Active MVP in shader: 
0.00303544, 0, 0, 0
0, -0.00539634, 0, 0
0, 0, -1, 0
-2.02915, 2.64621, -0, 1
err6 (draw): 0
[DEBUG] Camera position: (670.326, 491.312) zoom: 2.015 mvpLoc: 1 isProg: 1 err1: 0 err2: 0 err3: 0 err4: 0 err5: 0
MVP passed: 
0.00314843, 0, 0, 0
0, -0.00559722, 0, 0
0, 0, -1, 0
-2.11048, 2.74998, -0, 1
Active MVP in shader: 
0.00314843, 0, 0, 0
0, -0.00559722, 0, 0
0, 0, -1, 0
-2.11048, 2.74998, -0, 1
err6 (draw): 0
[DEBUG] Camera position: (673.804, 493.096) zoom: 2.19251 mvpLoc: 1 isProg: 1 err1: 0 err2: 0 err3: 0 err4: 0 err5: 0
MVP passed: 
0.0034258, 0, 0, 0
0, -0.00609031, 0, 0
0, 0, -1, 0
-2.30832, 3.00311, -0, 1
Active MVP in shader: 
0.0034258, 0, 0, 0
0, -0.00609031, 0, 0
0, 0, -1, 0
-2.30832, 3.00311, -0, 1
err6 (draw): 0
[DEBUG] Camera position: (677.883, 495.191) zoom: 2.45366 mvpLoc: 1 isProg: 1 err1: 0 err2: 0 err3: 0 err4: 0 err5: 0
MVP passed: 
0.00383385, 0, 0, 0
0, -0.00681573, 0, 0
0, 0, -1, 0
-2.5989, 3.37509, -0, 1
Active MVP in shader: 
0.00383385, 0, 0, 0
0, -0.00681573, 0, 0
0, 0, -1, 0
-2.5989, 3.37509, -0, 1
err6 (draw): 0
[DEBUG] Camera position: (682.262, 497.441) zoom: 2.8123 mvpLoc: 1 isProg: 1 err1: 0 err2: 0 err3: 0 err4: 0 err5: 0
MVP passed: 
0.00439423, 0, 0, 0
0, -0.00781196, 0, 0
0, 0, -1, 0
-2.99801, 3.88599, -0, 1
Active MVP in shader: 
0.00439423, 0, 0, 0
0, -0.00781196, 0, 0
0, 0, -1, 0
-2.99801, 3.88599, -0, 1
err6 (draw): 0
[DEBUG] Camera position: (686.265, 499.498) zoom: 3.21755 mvpLoc: 1 isProg: 1 err1: 0 err2: 0 err3: 0 err4: 0 err5: 0
MVP passed: 
0.00502742, 0, 0, 0
0, -0.00893764, 0, 0
0, 0, -1, 0
-3.45014, 4.46433, -0, 1
Active MVP in shader: 
0.00502742, 0, 0, 0
0, -0.00893764, 0, 0
0, 0, -1, 0
-3.45014, 4.46433, -0, 1
err6 (draw): 0
[DEBUG] Camera position: (689.874, 501.352) zoom: 3.66329 mvpLoc: 1 isProg: 1 err1: 0 err2: 0 err3: 0 err4: 0 err5: 0
MVP passed: 
0.0057239, 0, 0, 0
0, -0.0101758, 0, 0
0, 0, -1, 0
-3.94876, 5.10166, -0, 1
Active MVP in shader: 
0.0057239, 0, 0, 0
0, -0.0101758, 0, 0
0, 0, -1, 0
-3.94876, 5.10166, -0, 1
err6 (draw): 0
[DEBUG] Camera position: (692.742, 502.826) zoom: 4.0331 mvpLoc: 1 isProg: 1 err1: 0 err2: 0 err3: 0 err4: 0 err5: 0
MVP passed: 
0.00630171, 0, 0, 0
0, -0.011203, 0, 0
0, 0, -1, 0
-4.36546, 5.63318, -0, 1
Active MVP in shader: 
0.00630171, 0, 0, 0
0, -0.011203, 0, 0
0, 0, -1, 0
-4.36546, 5.63318, -0, 1
err6 (draw): 0
[DEBUG] Camera position: (695.251, 504.115) zoom: 4.42715 mvpLoc: 1 isProg: 1 err1: 0 err2: 0 err3: 0 err4: 0 err5: 0
MVP passed: 
0.00691743, 0, 0, 0
0, -0.0122977, 0, 0
0, 0, -1, 0
-4.80935, 6.19943, -0, 1
Active MVP in shader: 
0.00691743, 0, 0, 0
0, -0.0122977, 0, 0
0, 0, -1, 0
-4.80935, 6.19943, -0, 1
err6 (draw): 0
[DEBUG] Camera position: (697.381, 505.209) zoom: 4.8007 mvpLoc: 1 isProg: 1 err1: 0 err2: 0 err3: 0 err4: 0 err5: 0
MVP passed: 
0.0075011, 0, 0, 0
0, -0.0133353, 0, 0
0, 0, -1, 0
-5.23112, 6.73711, -0, 1
Active MVP in shader: 
0.0075011, 0, 0, 0
0, -0.0133353, 0, 0
0, 0, -1, 0
-5.23112, 6.73711, -0, 1
err6 (draw): 0
[DEBUG] Camera position: (698.998, 506.04) zoom: 5.08436 mvpLoc: 1 isProg: 1 err1: 0 err2: 0 err3: 0 err4: 0 err5: 0
MVP passed: 
0.00794431, 0, 0, 0
0, -0.0141232, 0, 0
0, 0, -1, 0
-5.55306, 7.14691, -0, 1
Active MVP in shader: 
0.00794431, 0, 0, 0
0, -0.0141232, 0, 0
0, 0, -1, 0
-5.55306, 7.14691, -0, 1
err6 (draw): 0
[DEBUG] Camera position: (700.232, 506.674) zoom: 5.30074 mvpLoc: 1 isProg: 1 err1: 0 err2: 0 err3: 0 err4: 0 err5: 0
MVP passed: 
0.0082824, 0, 0, 0
0, -0.0147243, 0, 0
0, 0, -1, 0
-5.7996, 7.4604, -0, 1
Active MVP in shader: 
0.0082824, 0, 0, 0
0, -0.0147243, 0, 0
0, 0, -1, 0
-5.7996, 7.4604, -0, 1
err6 (draw): 0
[DEBUG] Camera position: (701.187, 507.165) zoom: 5.46844 mvpLoc: 1 isProg: 1 err1: 0 err2: 0 err3: 0 err4: 0 err5: 0
MVP passed: 
0.00854443, 0, 0, 0
0, -0.0151901, 0, 0
0, 0, -1, 0
-5.99125, 7.70388, -0, 1
Active MVP in shader: 
0.00854443, 0, 0, 0
0, -0.0151901, 0, 0
0, 0, -1, 0
-5.99125, 7.70388, -0, 1
err6 (draw): 0
[DEBUG] Camera position: (701.938, 507.55) zoom: 5.60011 mvpLoc: 1 isProg: 1 err1: 0 err2: 0 err3: 0 err4: 0 err5: 0
MVP passed: 
0.00875017, 0, 0, 0
0, -0.0155559, 0, 0
0, 0, -1, 0
-6.14208, 7.89538, -0, 1
Active MVP in shader: 
0.00875017, 0, 0, 0
0, -0.0155559, 0, 0
0, 0, -1, 0
-6.14208, 7.89538, -0, 1
err6 (draw): 0
[DEBUG] Camera position: (702.508, 507.843) zoom: 5.70002 mvpLoc: 1 isProg: 1 err1: 0 err2: 0 err3: 0 err4: 0 err5: 0
MVP passed: 
0.00890628, 0, 0, 0
0, -0.0158334, 0, 0
0, 0, -1, 0
-6.25673, 8.04087, -0, 1
Active MVP in shader: 
0.00890628, 0, 0, 0
0, -0.0158334, 0, 0
0, 0, -1, 0
-6.25673, 8.04087, -0, 1
err6 (draw): 0
[DEBUG] Camera position: (702.94, 508.065) zoom: 5.77597 mvpLoc: 1 isProg: 1 err1: 0 err2: 0 err3: 0 err4: 0 err5: 0
MVP passed: 
0.00902496, 0, 0, 0
0, -0.0160444, 0, 0
0, 0, -1, 0
-6.344, 8.15158, -0, 1
Active MVP in shader: 
0.00902496, 0, 0, 0
0, -0.0160444, 0, 0
0, 0, -1, 0
-6.344, 8.15158, -0, 1
err6 (draw): 0
[DEBUG] Camera position: (703.288, 508.244) zoom: 5.83699 mvpLoc: 1 isProg: 1 err1: 0 err2: 0 err3: 0 err4: 0 err5: 0
MVP passed: 
0.0091203, 0, 0, 0
0, -0.0162139, 0, 0
0, 0, -1, 0
-6.41419, 8.2406, -0, 1
Active MVP in shader: 
0.0091203, 0, 0, 0
0, -0.0162139, 0, 0
0, 0, -1, 0
-6.41419, 8.2406, -0, 1
err6 (draw): 0
[DEBUG] Camera position: (702.984, 508.088) zoom: 5.71474 mvpLoc: 1 isProg: 1 err1: 0 err2: 0 err3: 0 err4: 0 err5: 0
MVP passed: 
0.00892928, 0, 0, 0
0, -0.0158743, 0, 0
0, 0, -1, 0
-6.27715, 8.06554, -0, 1
Active MVP in shader: 
0.00892928, 0, 0, 0
0, -0.0158743, 0, 0
0, 0, -1, 0
-6.27715, 8.06554, -0, 1
err6 (draw): 0
[DEBUG] Camera position: (701.523, 507.337) zoom: 5.36238 mvpLoc: 1 isProg: 1 err1: 0 err2: 0 err3: 0 err4: 0 err5: 0
MVP passed: 
0.00837871, 0, 0, 0
0, -0.0148955, 0, 0
0, 0, -1, 0
-5.87786, 7.55704, -0, 1
Active MVP in shader: 
0.00837871, 0, 0, 0
0, -0.0148955, 0, 0
0, 0, -1, 0
-5.87786, 7.55704, -0, 1
err6 (draw): 0
[DEBUG] Camera position: (698.98, 506.03) zoom: 4.895 mvpLoc: 1 isProg: 1 err1: 0 err2: 0 err3: 0 err4: 0 err5: 0
MVP passed: 
0.00764844, 0, 0, 0
0, -0.0135972, 0, 0
0, 0, -1, 0
-5.34611, 6.88061, -0, 1
Active MVP in shader: 
0.00764844, 0, 0, 0
0, -0.0135972, 0, 0
0, 0, -1, 0
-5.34611, 6.88061, -0, 1
err6 (draw): 0
[DEBUG] Camera position: (695.639, 504.313) zoom: 4.41023 mvpLoc: 1 isProg: 1 err1: 0 err2: 0 err3: 0 err4: 0 err5: 0
MVP passed: 
0.00689099, 0, 0, 0
0, -0.0122507, 0, 0
0, 0, -1, 0
-4.79364, 6.17816, -0, 1
Active MVP in shader: 
0.00689099, 0, 0, 0
0, -0.0122507, 0, 0
0, 0, -1, 0
-4.79364, 6.17816, -0, 1
err6 (draw): 0
[DEBUG] Camera position: (692.74, 502.823) zoom: 4.01181 mvpLoc: 1 isProg: 1 err1: 0 err2: 0 err3: 0 err4: 0 err5: 0
MVP passed: 
0.00626845, 0, 0, 0
0, -0.0111439, 0, 0
0, 0, -1, 0
-4.34241, 5.60342, -0, 1
Active MVP in shader: 
0.00626845, 0, 0, 0
0, -0.0111439, 0, 0
0, 0, -1, 0
-4.34241, 5.60342, -0, 1
err6 (draw): 0
[DEBUG] Camera position: (690.363, 501.601) zoom: 3.68508 mvpLoc: 1 isProg: 1 err1: 0 err2: 0 err3: 0 err4: 0 err5: 0
MVP passed: 
0.00575793, 0, 0, 0
0, -0.0102363, 0, 0
0, 0, -1, 0
-3.97506, 5.13455, -0, 1
Active MVP in shader: 
0.00575793, 0, 0, 0
0, -0.0102363, 0, 0
0, 0, -1, 0
-3.97506, 5.13455, -0, 1
err6 (draw): 0
[DEBUG] Camera position: (688.665, 500.728) zoom: 3.45158 mvpLoc: 1 isProg: 1 err1: 0 err2: 0 err3: 0 err4: 0 err5: 0
MVP passed: 
0.0053931, 0, 0, 0
0, -0.00958773, 0, 0
0, 0, -1, 0
-3.71404, 4.80085, -0, 1
Active MVP in shader: 
0.0053931, 0, 0, 0
0, -0.00958773, 0, 0
0, 0, -1, 0
-3.71404, 4.80085, -0, 1
err6 (draw): 0
[DEBUG] Camera position: (687.346, 500.05) zoom: 3.27025 mvpLoc: 1 isProg: 1 err1: 0 err2: 0 err3: 0 err4: 0 err5: 0
MVP passed: 
0.00510977, 0, 0, 0
0, -0.00908403, 0, 0
0, 0, -1, 0
-3.51218, 4.54247, -0, 1
Active MVP in shader: 
0.00510977, 0, 0, 0
0, -0.00908403, 0, 0
0, 0, -1, 0
-3.51218, 4.54247, -0, 1
err6 (draw): 0
[DEBUG] Camera position: (687.104, 499.926) zoom: 3.19321 mvpLoc: 1 isProg: 1 err1: 0 err2: 0 err3: 0 err4: 0 err5: 0
MVP passed: 
0.00498939, 0, 0, 0
0, -0.00887003, 0, 0
0, 0, -1, 0
-3.42823, 4.43436, -0, 1
Active MVP in shader: 
0.00498939, 0, 0, 0
0, -0.00887003, 0, 0
0, 0, -1, 0
-3.42823, 4.43436, -0, 1
err6 (draw): 0
[DEBUG] Camera position: (687.286, 500.02) zoom: 3.16647 mvpLoc: 1 isProg: 1 err1: 0 err2: 0 err3: 0 err4: 0 err5: 0
MVP passed: 
0.0049476, 0, 0, 0
0, -0.00879574, 0, 0
0, 0, -1, 0
-3.40042, 4.39805, -0, 1
Active MVP in shader: 
0.0049476, 0, 0, 0
0, -0.00879574, 0, 0
0, 0, -1, 0
-3.40042, 4.39805, -0, 1
err6 (draw): 0
[DEBUG] Camera position: (687.426, 500.092) zoom: 3.14593 mvpLoc: 1 isProg: 1 err1: 0 err2: 0 err3: 0 err4: 0 err5: 0
MVP passed: 
0.00491552, 0, 0, 0
0, -0.0087387, 0, 0
0, 0, -1, 0
-3.37906, 4.37016, -0, 1
Active MVP in shader: 
0.00491552, 0, 0, 0
0, -0.0087387, 0, 0
0, 0, -1, 0
-3.37906, 4.37016, -0, 1
err6 (draw): 0
[DEBUG] Camera position: (687.531, 500.146) zoom: 3.13043 mvpLoc: 1 isProg: 1 err1: 0 err2: 0 err3: 0 err4: 0 err5: 0
MVP passed: 
0.0048913, 0, 0, 0
0, -0.00869565, 0, 0
0, 0, -1, 0
-3.36292, 4.3491, -0, 1
Active MVP in shader: 
0.0048913, 0, 0, 0
0, -0.00869565, 0, 0
0, 0, -1, 0
-3.36292, 4.3491, -0, 1
err6 (draw): 0
[DEBUG] Camera position: (687.612, 500.188) zoom: 3.11853 mvpLoc: 1 isProg: 1 err1: 0 err2: 0 err3: 0 err4: 0 err5: 0
MVP passed: 
0.0048727, 0, 0, 0
0, -0.00866258, 0, 0
0, 0, -1, 0
-3.35053, 4.33292, -0, 1
Active MVP in shader: 
0.0048727, 0, 0, 0
0, -0.00866258, 0, 0
0, 0, -1, 0
-3.35053, 4.33292, -0, 1
err6 (draw): 0
[DEBUG] Camera position: (687.674, 500.22) zoom: 3.10936 mvpLoc: 1 isProg: 1 err1: 0 err2: 0 err3: 0 err4: 0 err5: 0
MVP passed: 
0.00485838, 0, 0, 0
0, -0.00863712, 0, 0
0, 0, -1, 0
-3.34098, 4.32046, -0, 1
Active MVP in shader: 
0.00485838, 0, 0, 0
0, -0.00863712, 0, 0
0, 0, -1, 0
-3.34098, 4.32046, -0, 1
err6 (draw): 0
[DEBUG] Camera position: (687.408, 500.083) zoom: 3.07822 mvpLoc: 1 isProg: 1 err1: 0 err2: 0 err3: 0 err4: 0 err5: 0
MVP passed: 
0.00480972, 0, 0, 0
0, -0.00855062, 0, 0
0, 0, -1, 0
-3.30624, 4.27602, -0, 1
Active MVP in shader: 
0.00480972, 0, 0, 0
0, -0.00855062, 0, 0
0, 0, -1, 0
-3.30624, 4.27602, -0, 1
err6 (draw): 0
[DEBUG] Camera position: (686.12, 499.421) zoom: 2.97175 mvpLoc: 1 isProg: 1 err1: 0 err2: 0 err3: 0 err4: 0 err5: 0
MVP passed: 
0.00464336, 0, 0, 0
0, -0.00825486, 0, 0
0, 0, -1, 0
-3.1859, 4.12265, -0, 1
Active MVP in shader: 
0.00464336, 0, 0, 0
0, -0.00825486, 0, 0
0, 0, -1, 0
-3.1859, 4.12265, -0, 1
err6 (draw): 0
[DEBUG] Camera position: (683.458, 498.052) zoom: 2.79726 mvpLoc: 1 isProg: 1 err1: 0 err2: 0 err3: 0 err4: 0 err5: 0
MVP passed: 
0.00437071, 0, 0, 0
0, -0.00777016, 0, 0
0, 0, -1, 0
-2.9872, 3.86995, -0, 1
Active MVP in shader: 
0.00437071, 0, 0, 0
0, -0.00777016, 0, 0
0, 0, -1, 0
-2.9872, 3.86995, -0, 1
err6 (draw): 0
[DEBUG] Camera position: (680.427, 496.495) zoom: 2.62323 mvpLoc: 1 isProg: 1 err1: 0 err2: 0 err3: 0 err4: 0 err5: 0
MVP passed: 
0.0040988, 0, 0, 0
0, -0.00728675, 0, 0
0, 0, -1, 0
-2.78893, 3.61783, -0, 1
Active MVP in shader: 
0.0040988, 0, 0, 0
0, -0.00728675, 0, 0
0, 0, -1, 0
-2.78893, 3.61783, -0, 1
err6 (draw): 0
[INIT] Loaded Vertex Shader Source:
#version 330 core
layout (location = 0) in vec3 aPos;
layout (location = 2) in vec2 aTexCoord;

out vec2 TexCoord;

uniform mat4 uMVP; // The Model-View-Projection matrix from the camera

void main() { 
    gl_Position = uMVP * vec4(aPos, 1.0f);
    TexCoord = aTexCoord;
}

[INIT] Loaded Fragment Shader Source:
#version 330 core
out vec4 FragColor;

in vec2 TexCoord;

uniform sampler2D ourTexture;

void main()
{
    FragColor = texture(ourTexture, TexCoord);
}

[INIT] Loaded Vertex Shader Source:
#version 330 core
layout (location = 0) in vec3 aPos;
layout (location = 2) in vec2 aTexCoord;

out vec2 TexCoord;

uniform mat4 uMVP; // The Model-View-Projection matrix from the camera

void main() { 
    gl_Position = uMVP * vec4(aPos, 1.0f);
    TexCoord = aTexCoord;
}

[INIT] Loaded Fragment Shader Source:
#version 330 core
out vec4 FragColor;

in vec2 TexCoord;

uniform sampler2D ourTexture;

void main()
{
    FragColor = texture(ourTexture, TexCoord);
}

[INIT] Loaded Vertex Shader Source:
#version 330 core
layout (location = 0) in vec3 aPos;
layout (location = 2) in vec2 aTexCoord;

out vec2 TexCoord;

uniform mat4 uMVP; // The Model-View-Projection matrix from the camera

void main() { 
    gl_Position = uMVP * vec4(aPos, 1.0f);
    TexCoord = aTexCoord;
}

[INIT] Loaded Fragment Shader Source:
#version 330 core
out vec4 FragColor;

in vec2 TexCoord;

uniform sampler2D ourTexture;

void main()
{
    FragColor = texture(ourTexture, TexCoord);
}

[INIT] Loaded Vertex Shader Source:
#version 330 core
layout (location = 0) in vec3 aPos;
layout (location = 2) in vec2 aTexCoord;

out vec2 TexCoord;

uniform mat4 uMVP; // The Model-View-Projection matrix from the camera

void main() { 
    gl_Position = uMVP * vec4(aPos, 1.0f);
    TexCoord = aTexCoord;
}

[INIT] Loaded Fragment Shader Source:
#version 330 core
out vec4 FragColor;

in vec2 TexCoord;

uniform sampler2D ourTexture;

void main()
{
    FragColor = texture(ourTexture, TexCoord);
}

[INIT] Loaded Vertex Shader Source:
#version 330 core
layout (location = 0) in vec3 aPos;
layout (location = 2) in vec2 aTexCoord;

out vec2 TexCoord;

uniform mat4 uMVP; // The Model-View-Projection matrix from the camera

void main() { 
    gl_Position = uMVP * vec4(aPos, 1.0f);
    TexCoord = aTexCoord;
}

[INIT] Loaded Fragment Shader Source:
#version 330 core
out vec4 FragColor;

in vec2 TexCoord;

uniform sampler2D ourTexture;

void main()
{
    FragColor = texture(ourTexture, TexCoord);
}

[INIT] Loaded Vertex Shader Source:
#version 330 core
layout (location = 0) in vec3 aPos;
layout (location = 2) in vec2 aTexCoord;

out vec2 TexCoord;

uniform mat4 uMVP; // The Model-View-Projection matrix from the camera

void main() { 
    gl_Position = uMVP * vec4(aPos, 1.0f);
    TexCoord = aTexCoord;
}

[INIT] Loaded Fragment Shader Source:
#version 330 core
out vec4 FragColor;

in vec2 TexCoord;

uniform sampler2D ourTexture;

void main()
{
    FragColor = texture(ourTexture, TexCoord);
}

[INIT] Loaded Vertex Shader Source:
#version 330 core
layout (location = 0) in vec3 aPos;
layout (location = 2) in vec2 aTexCoord;

out vec2 TexCoord;

uniform mat4 uMVP; // The Model-View-Projection matrix from the camera

void main() { 
    gl_Position = uMVP * vec4(aPos, 1.0f);
    TexCoord = aTexCoord;
}

[INIT] Loaded Fragment Shader Source:
#version 330 core
out vec4 FragColor;

in vec2 TexCoord;

uniform sampler2D ourTexture;

void main()
{
    FragColor = texture(ourTexture, TexCoord);
}

[INIT] Loaded Vertex Shader Source:
#version 330 core
layout (location = 0) in vec3 aPos;
layout (location = 2) in vec2 aTexCoord;

out vec2 TexCoord;

uniform mat4 uMVP; // The Model-View-Projection matrix from the camera

void main() { 
    gl_Position = uMVP * vec4(aPos, 1.0f);
    TexCoord = aTexCoord;
}

[INIT] Loaded Fragment Shader Source:
#version 330 core
out vec4 FragColor;

in vec2 TexCoord;

uniform sampler2D ourTexture;

void main()
{
    FragColor = texture(ourTexture, TexCoord);
}

[INIT] Loaded Vertex Shader Source:
#version 330 core
layout (location = 0) in vec3 aPos;
layout (location = 2) in vec2 aTexCoord;

out vec2 TexCoord;

uniform mat4 uMVP; // The Model-View-Projection matrix from the camera

void main() { 
    gl_Position = uMVP * vec4(aPos, 1.0f);
    TexCoord = aTexCoord;
}

[INIT] Loaded Fragment Shader Source:
#version 330 core
out vec4 FragColor;

in vec2 TexCoord;

uniform sampler2D ourTexture;

void main()
{
    FragColor = texture(ourTexture, TexCoord);
}

[INIT] Loaded Vertex Shader Source:
#version 330 core
layout (location = 0) in vec3 aPos;
layout (location = 2) in vec2 aTexCoord;

out vec2 TexCoord;

uniform mat4 uMVP; // The Model-View-Projection matrix from the camera

void main() { 
    gl_Position = uMVP * vec4(aPos, 1.0f);
    TexCoord = aTexCoord;
}

[INIT] Loaded Fragment Shader Source:
#version 330 core
out vec4 FragColor;

in vec2 TexCoord;

uniform sampler2D ourTexture;

void main()
{
    FragColor = texture(ourTexture, TexCoord);
}

[INIT] Loaded Vertex Shader Source:
#version 330 core
layout (location = 0) in vec3 aPos;
layout (location = 2) in vec2 aTexCoord;

out vec2 TexCoord;

uniform mat4 uMVP; // The Model-View-Projection matrix from the camera

void main() { 
    gl_Position = uMVP * vec4(aPos, 1.0f);
    TexCoord = aTexCoord;
}

[INIT] Loaded Fragment Shader Source:
#version 330 core
out vec4 FragColor;

in vec2 TexCoord;

uniform sampler2D ourTexture;

void main()
{
    FragColor = texture(ourTexture, TexCoord);
}

[INIT] Loaded Vertex Shader Source:
#version 330 core
layout (location = 0) in vec3 aPos;
layout (location = 2) in vec2 aTexCoord;

out vec2 TexCoord;

uniform mat4 uMVP; // The Model-View-Projection matrix from the camera

void main() { 
    gl_Position = uMVP * vec4(aPos, 1.0f);
    TexCoord = aTexCoord;
}

[INIT] Loaded Fragment Shader Source:
#version 330 core
out vec4 FragColor;

in vec2 TexCoord;

uniform sampler2D ourTexture;

void main()
{
    FragColor = texture(ourTexture, TexCoord);
}

[INIT] Loaded Vertex Shader Source:
#version 330 core
layout (location = 0) in vec3 aPos;
layout (location = 2) in vec2 aTexCoord;

out vec2 TexCoord;

uniform mat4 uMVP; // The Model-View-Projection matrix from the camera

void main() { 
    gl_Position = uMVP * vec4(aPos, 1.0f);
    TexCoord = aTexCoord;
}

[INIT] Loaded Fragment Shader Source:
#version 330 core
out vec4 FragColor;

in vec2 TexCoord;

uniform sampler2D ourTexture;

void main()
{
    FragColor = texture(ourTexture, TexCoord);
}

[INIT] Loaded Vertex Shader Source:
#version 330 core
layout (location = 0) in vec3 aPos;
layout (location = 2) in vec2 aTexCoord;

out vec2 TexCoord;

uniform mat4 uMVP; // The Model-View-Projection matrix from the camera

void main() { 
    gl_Position = uMVP * vec4(aPos, 1.0f);
    TexCoord = aTexCoord;
}

[INIT] Loaded Fragment Shader Source:
#version 330 core
out vec4 FragColor;

in vec2 TexCoord;

uniform sampler2D ourTexture;

void main()
{
    FragColor = texture(ourTexture, TexCoord);
}

[INIT] Loaded Vertex Shader Source:
#version 330 core
layout (location = 0) in vec3 aPos;
layout (location = 2) in vec2 aTexCoord;

out vec2 TexCoord;

uniform mat4 uMVP; // The Model-View-Projection matrix from the camera

void main() { 
    gl_Position = uMVP * vec4(aPos, 1.0f);
    TexCoord = aTexCoord;
}

[INIT] Loaded Fragment Shader Source:
#version 330 core
out vec4 FragColor;

in vec2 TexCoord;

uniform sampler2D ourTexture;

void main()
{
    FragColor = texture(ourTexture, TexCoord);
}

[INIT] Loaded Vertex Shader Source:
#version 330 core
layout (location = 0) in vec3 aPos;
layout (location = 2) in vec2 aTexCoord;

out vec2 TexCoord;

uniform mat4 uMVP; // The Model-View-Projection matrix from the camera

void main() { 
    gl_Position = uMVP * vec4(aPos, 1.0f);
    TexCoord = aTexCoord;
}

[INIT] Loaded Fragment Shader Source:
#version 330 core
out vec4 FragColor;

in vec2 TexCoord;

uniform sampler2D ourTexture;

void main()
{
    FragColor = texture(ourTexture, TexCoord);
}

[INIT] Loaded Vertex Shader Source:
#version 330 core
layout (location = 0) in vec3 aPos;
layout (location = 2) in vec2 aTexCoord;

out vec2 TexCoord;

uniform mat4 uMVP; // The Model-View-Projection matrix from the camera

void main() { 
    gl_Position = uMVP * vec4(aPos, 1.0f);
    TexCoord = aTexCoord;
}

[INIT] Loaded Fragment Shader Source:
#version 330 core
out vec4 FragColor;

in vec2 TexCoord;

uniform sampler2D ourTexture;

void main()
{
    FragColor = texture(ourTexture, TexCoord);
}

[INIT] Loaded Vertex Shader Source:
#version 330 core
layout (location = 0) in vec3 aPos;
layout (location = 2) in vec2 aTexCoord;

out vec2 TexCoord;

uniform mat4 uMVP; // The Model-View-Projection matrix from the camera

void main() { 
    gl_Position = uMVP * vec4(aPos, 1.0f);
    TexCoord = aTexCoord;
}

[INIT] Loaded Fragment Shader Source:
#version 330 core
out vec4 FragColor;

in vec2 TexCoord;

uniform sampler2D ourTexture;

void main()
{
    FragColor = texture(ourTexture, TexCoord);
}

[INIT] Loaded Vertex Shader Source:
#version 330 core
layout (location = 0) in vec3 aPos;
layout (location = 2) in vec2 aTexCoord;

out vec2 TexCoord;

uniform mat4 uMVP; // The Model-View-Projection matrix from the camera

void main() { 
    gl_Position = uMVP * vec4(aPos, 1.0f);
    TexCoord = aTexCoord;
}

[INIT] Loaded Fragment Shader Source:
#version 330 core
out vec4 FragColor;

in vec2 TexCoord;

uniform sampler2D ourTexture;

void main()
{
    FragColor = texture(ourTexture, TexCoord);
}

[INIT] Loaded Vertex Shader Source:
#version 330 core
layout (location = 0) in vec3 aPos;
layout (location = 2) in vec2 aTexCoord;

out vec2 TexCoord;

uniform mat4 uMVP; // The Model-View-Projection matrix from the camera

void main() { 
    gl_Position = uMVP * vec4(aPos, 1.0f);
    TexCoord = aTexCoord;
}

[INIT] Loaded Fragment Shader Source:
#version 330 core
out vec4 FragColor;

in vec2 TexCoord;

uniform sampler2D ourTexture;

void main()
{
    FragColor = texture(ourTexture, TexCoord);
}

[INIT] Loaded Vertex Shader Source:
#version 330 core
layout (location = 0) in vec3 aPos;
layout (location = 2) in vec2 aTexCoord;

out vec2 TexCoord;

uniform mat4 uMVP; // The Model-View-Projection matrix from the camera

void main() { 
    gl_Position = uMVP * vec4(aPos, 1.0f);
    TexCoord = aTexCoord;
}

[INIT] Loaded Fragment Shader Source:
#version 330 core
out vec4 FragColor;

in vec2 TexCoord;

uniform sampler2D ourTexture;

void main()
{
    FragColor = texture(ourTexture, TexCoord);
}

[INIT] Loaded Vertex Shader Source:
#version 330 core
layout (location = 0) in vec3 aPos;
layout (location = 2) in vec2 aTexCoord;

out vec2 TexCoord;

uniform mat4 uMVP; // The Model-View-Projection matrix from the camera

void main() { 
    gl_Position = uMVP * vec4(aPos, 1.0f);
    TexCoord = aTexCoord;
}

[INIT] Loaded Fragment Shader Source:
#version 330 core
out vec4 FragColor;

in vec2 TexCoord;

uniform sampler2D ourTexture;

void main()
{
    FragColor = texture(ourTexture, TexCoord);
}

